filename,target,prediction,residual,absolute_error,plant_count,mask_coverage,cell_attention_normalized_entropy,plant_attention_normalized_entropy,top_cell_index,top_cell_weight,top_plant_index,top_plant_weight,input_mode,source_image_path,processed_image_path,mask_path,feature_cache_path,cell_0_weight,cell_1_weight,cell_2_weight,cell_3_weight,plant_00_weight,plant_00_cell,plant_01_weight,plant_01_cell,plant_02_weight,plant_02_cell,plant_03_weight,plant_03_cell,plant_04_weight,plant_04_cell,plant_05_weight,plant_05_cell,plant_06_weight,plant_06_cell,plant_07_weight,plant_07_cell,plant_08_weight,plant_08_cell,plant_09_weight,plant_09_cell,plant_10_weight,plant_10_cell,plant_11_weight,plant_11_cell,plant_12_weight,plant_12_cell,plant_13_weight,plant_13_cell,plant_14_weight,plant_14_cell,plant_15_weight,plant_15_cell,plant_16_weight,plant_16_cell,plant_17_weight,plant_17_cell,plant_18_weight,plant_18_cell,plant_19_weight,plant_19_cell
2025_10_21_RSFB-Phenotyping_GG1_JLU/2025_10_21_RSFB-Phenotyping_GG1_JLU/20251021_121149.jpg,16.0,19.182747,3.182747,3.182747,5,1.0,0.9577737268872495,0.9259813565206847,0,0.3493375,3,0.38715094,grid_crop_inset075,/home/nfs/data/nvme_datasets/Pictures_CFSB_leaf_damage/2025_10_21_RSFB-Phenotyping_GG1_JLU/2025_10_21_RSFB-Phenotyping_GG1_JLU/20251021_121149.jpg,/home/user/tabbakhab1/dev/project/cache/hierarchical_three_view_processed/20251021_121149_grid_499a30d0f673.jpg,/home/user/tabbakhab1/dev/project/cache/sam3_masks_hierarchical_three_view/20251021_121149_b056ab4acc88002e.png,cache/dinov3_hierarchical_three_view_features_adapted_routed/20251021_121149_b056ab4acc88002e.npz,0.3493375,0.18024574,0.31736863,0.15304814,0.18670003,3,0.0812082,0,0.16282429,0,0.38715094,2,0.18211658,0,0.0,-1,0.0,-1,0.0,-1,0.0,-1,0.0,-1,0.0,-1,0.0,-1,0.0,-1,0.0,-1,0.0,-1,0.0,-1,0.0,-1,0.0,-1,0.0,-1,0.0,-1
2025_10_21_RSFB-Phenotyping_GG1_JLU/2025_10_21_RSFB-Phenotyping_GG1_JLU/20251021_121203.jpg,22.25,22.813778,0.5637779,0.5637779,3,1.0,0.9820435656354308,0.9628265499349193,3,0.32105973,0,0.47043347,grid_crop_inset075,/home/nfs/data/nvme_datasets/Pictures_CFSB_leaf_damage/2025_10_21_RSFB-Phenotyping_GG1_JLU/2025_10_21_RSFB-Phenotyping_GG1_JLU/20251021_121203.jpg,/home/user/tabbakhab1/dev/project/cache/hierarchical_three_view_processed/20251021_121203_grid_5200441d41f6.jpg,/home/user/tabbakhab1/dev/project/cache/sam3_masks_hierarchical_three_view/20251021_121203_985e3a4653883487.png,cache/dinov3_hierarchical_three_view_features_adapted_routed/20251021_121203_985e3a4653883487.npz,0.28520918,0.1823386,0.21139242,0.32105973,0.47043347,0,0.25124717,3,0.27831945,3,0.0,-1,0.0,-1,0.0,-1,0.0,-1,0.0,-1,0.0,-1,0.0,-1,0.0,-1,0.0,-1,0.0,-1,0.0,-1,0.0,-1,0.0,-1,0.0,-1,0.0,-1,0.0,-1,0.0,-1
2025_10_21_RSFB-Phenotyping_GG1_JLU/2025_10_21_RSFB-Phenotyping_GG1_JLU/20251021_121432.jpg,17.0,11.702135,-5.297865,5.297865,6,1.0,0.9483869004938102,0.917141941064786,0,0.3533482,4,0.3533482,grid_crop_inset075,/home/nfs/data/nvme_datasets/Pictures_CFSB_leaf_damage/2025_10_21_RSFB-Phenotyping_GG1_JLU/2025_10_21_RSFB-Phenotyping_GG1_JLU/20251021_121432.jpg,/home/user/tabbakhab1/dev/project/cache/hierarchical_three_view_processed/20251021_121432_grid_8fe8410ff6a8.jpg,/home/user/tabbakhab1/dev/project/cache/sam3_masks_hierarchical_three_view/20251021_121432_c8e376a7c271d8f7.png,cache/dinov3_hierarchical_three_view_features_adapted_routed/20251021_121432_c8e376a7c271d8f7.npz,0.3533482,0.14609787,0.33206108,0.16849282,0.07026386,1,0.075834006,1,0.16849282,3,0.14459968,2,0.3533482,0,0.18746139,2,0.0,-1,0.0,-1,0.0,-1,0.0,-1,0.0,-1,0.0,-1,0.0,-1,0.0,-1,0.0,-1,0.0,-1,0.0,-1,0.0,-1,0.0,-1,0.0,-1
2025_10_21_RSFB-Phenotyping_GG1_JLU/2025_10_21_RSFB-Phenotyping_GG1_JLU/20251021_122655.jpg,7.5,7.578836,0.078835964,0.078835964,5,1.0,0.9912917541331572,0.9338046472440584,0,0.30470827,4,0.39426747,grid_crop_inset075,/home/nfs/data/nvme_datasets/Pictures_CFSB_leaf_damage/2025_10_21_RSFB-Phenotyping_GG1_JLU/2025_10_21_RSFB-Phenotyping_GG1_JLU/20251021_122655.jpg,/home/user/tabbakhab1/dev/project/cache/hierarchical_three_view_processed/20251021_122655_grid_8363f872bd3f.jpg,/home/user/tabbakhab1/dev/project/cache/sam3_masks_hierarchical_three_view/20251021_122655_0864ec730cdc6e94.png,cache/dinov3_hierarchical_three_view_features_adapted_routed/20251021_122655_0864ec730cdc6e94.npz,0.30470827,0.20215169,0.26598665,0.22715336,0.16292652,2,0.18123834,2,0.11772885,1,0.14383882,1,0.39426747,0,0.0,-1,0.0,-1,0.0,-1,0.0,-1,0.0,-1,0.0,-1,0.0,-1,0.0,-1,0.0,-1,0.0,-1,0.0,-1,0.0,-1,0.0,-1,0.0,-1,0.0,-1
2025_10_21_RSFB-Phenotyping_GG1_JLU/2025_10_21_RSFB-Phenotyping_GG1_JLU/20251021_122701.jpg,3.4999998,4.8821783,1.3821785,1.3821785,9,1.0,0.9962821875895295,0.9682329581190554,2,0.2942039,0,0.22897969,grid_crop_inset075,/home/nfs/data/nvme_datasets/Pictures_CFSB_leaf_damage/2025_10_21_RSFB-Phenotyping_GG1_JLU/2025_10_21_RSFB-Phenotyping_GG1_JLU/20251021_122701.jpg,/home/user/tabbakhab1/dev/project/cache/hierarchical_three_view_processed/20251021_122701_grid_c32d10d95da5.jpg,/home/user/tabbakhab1/dev/project/cache/sam3_masks_hierarchical_three_view/20251021_122701_7809aee72cb5b3c6.png,cache/dinov3_hierarchical_three_view_features_adapted_routed/20251021_122701_7809aee72cb5b3c6.npz,0.23915793,0.22897969,0.2942039,0.23765849,0.22897969,1,0.116443,2,0.09588647,2,0.08368249,3,0.121508785,0,0.117649145,0,0.081874445,2,0.0832782,3,0.07069778,3,0.0,-1,0.0,-1,0.0,-1,0.0,-1,0.0,-1,0.0,-1,0.0,-1,0.0,-1,0.0,-1,0.0,-1,0.0,-1
2025_10_21_RSFB-Phenotyping_GG1_JLU/2025_10_21_RSFB-Phenotyping_GG1_JLU/20251021_123237.jpg,15.25,18.794046,3.5440464,3.5440464,10,1.0,0.9984051759664836,0.9722462304363703,1,0.26810125,8,0.172499,grid_crop_inset075,/home/nfs/data/nvme_datasets/Pictures_CFSB_leaf_damage/2025_10_21_RSFB-Phenotyping_GG1_JLU/2025_10_21_RSFB-Phenotyping_GG1_JLU/20251021_123237.jpg,/home/user/tabbakhab1/dev/project/cache/hierarchical_three_view_processed/20251021_123237_grid_71473692aec3.jpg,/home/user/tabbakhab1/dev/project/cache/sam3_masks_hierarchical_three_view/20251021_123237_e47bdbcc87ec14fa.png,cache/dinov3_hierarchical_three_view_features_adapted_routed/20251021_123237_e47bdbcc87ec14fa.npz,0.22447737,0.26810125,0.2602096,0.24721183,0.08548157,0,0.09560226,1,0.10592362,2,0.1416676,3,0.10554423,3,0.10637212,2,0.089243546,0,0.049752247,0,0.172499,1,0.047913868,2,0.0,-1,0.0,-1,0.0,-1,0.0,-1,0.0,-1,0.0,-1,0.0,-1,0.0,-1,0.0,-1,0.0,-1
2025_10_21_RSFB-Phenotyping_GG1_JLU/2025_10_21_RSFB-Phenotyping_GG1_JLU/20251021_123448.jpg,9.25,6.2973967,-2.9526033,2.9526033,8,1.0,0.979911190655287,0.9046180109269732,2,0.34599018,6,0.34599018,grid_crop_inset075,/home/nfs/data/nvme_datasets/Pictures_CFSB_leaf_damage/2025_10_21_RSFB-Phenotyping_GG1_JLU/2025_10_21_RSFB-Phenotyping_GG1_JLU/20251021_123448.jpg,/home/user/tabbakhab1/dev/project/cache/hierarchical_three_view_processed/20251021_123448_grid_3de70821ec02.jpg,/home/user/tabbakhab1/dev/project/cache/sam3_masks_hierarchical_three_view/20251021_123448_fa3340d82fd60077.png,cache/dinov3_hierarchical_three_view_features_adapted_routed/20251021_123448_fa3340d82fd60077.npz,0.1954978,0.2021519,0.34599018,0.25636014,0.09159643,3,0.055056732,1,0.07763768,1,0.09514245,0,0.10035535,0,0.1647637,3,0.34599018,2,0.06945748,1,0.0,-1,0.0,-1,0.0,-1,0.0,-1,0.0,-1,0.0,-1,0.0,-1,0.0,-1,0.0,-1,0.0,-1,0.0,-1,0.0,-1
2025_10_21_RSFB-Phenotyping_GG1_JLU/2025_10_21_RSFB-Phenotyping_GG1_JLU/20251021_123809.jpg,4.75,8.450675,3.700675,3.700675,5,1.0,0.9833078085998728,0.9285838894903146,3,0.31858858,3,0.31858855,grid_crop_inset075,/home/nfs/data/nvme_datasets/Pictures_CFSB_leaf_damage/2025_10_21_RSFB-Phenotyping_GG1_JLU/2025_10_21_RSFB-Phenotyping_GG1_JLU/20251021_123809.jpg,/home/user/tabbakhab1/dev/project/cache/hierarchical_three_view_processed/20251021_123809_grid_d707862f33db.jpg,/home/user/tabbakhab1/dev/project/cache/sam3_masks_hierarchical_three_view/20251021_123809_4624af520c2ec458.png,cache/dinov3_hierarchical_three_view_features_adapted_routed/20251021_123809_4624af520c2ec458.npz,0.18957561,0.2856556,0.20618027,0.31858858,0.09240823,0,0.09716736,0,0.20618024,2,0.31858855,3,0.28565556,1,0.0,-1,0.0,-1,0.0,-1,0.0,-1,0.0,-1,0.0,-1,0.0,-1,0.0,-1,0.0,-1,0.0,-1,0.0,-1,0.0,-1,0.0,-1,0.0,-1,0.0,-1
2025_10_21_RSFB-Phenotyping_GG1_JLU/2025_10_21_RSFB-Phenotyping_GG1_JLU/20251021_124023.jpg,2.75,3.7806184,1.0306184,1.0306184,6,1.0,0.9928018407825454,0.9009241504343327,2,0.31135884,5,0.31135884,grid_crop_inset075,/home/nfs/data/nvme_datasets/Pictures_CFSB_leaf_damage/2025_10_21_RSFB-Phenotyping_GG1_JLU/2025_10_21_RSFB-Phenotyping_GG1_JLU/20251021_124023.jpg,/home/user/tabbakhab1/dev/project/cache/hierarchical_three_view_processed/20251021_124023_grid_eb3ee78f3cc1.jpg,/home/user/tabbakhab1/dev/project/cache/sam3_masks_hierarchical_three_view/20251021_124023_54edb27511c45d98.png,cache/dinov3_hierarchical_three_view_features_adapted_routed/20251021_124023_54edb27511c45d98.npz,0.21864276,0.23746862,0.31135884,0.23252977,0.21864276,0,0.05728083,3,0.05384527,3,0.23746862,1,0.121403664,3,0.31135884,2,0.0,-1,0.0,-1,0.0,-1,0.0,-1,0.0,-1,0.0,-1,0.0,-1,0.0,-1,0.0,-1,0.0,-1,0.0,-1,0.0,-1,0.0,-1,0.0,-1
2025_10_21_RSFB-Phenotyping_GG1_JLU/2025_10_21_RSFB-Phenotyping_GG1_JLU/20251021_124030.jpg,1.5,3.5659943,2.0659943,2.0659943,8,1.0,0.998318966681191,0.9419603884112802,2,0.2762947,3,0.23511034,grid_crop_inset075,/home/nfs/data/nvme_datasets/Pictures_CFSB_leaf_damage/2025_10_21_RSFB-Phenotyping_GG1_JLU/2025_10_21_RSFB-Phenotyping_GG1_JLU/20251021_124030.jpg,/home/user/tabbakhab1/dev/project/cache/hierarchical_three_view_processed/20251021_124030_grid_74d4d0e43789.jpg,/home/user/tabbakhab1/dev/project/cache/sam3_masks_hierarchical_three_view/20251021_124030_46a353f3abfbbb09.png,cache/dinov3_hierarchical_three_view_features_adapted_routed/20251021_124030_46a353f3abfbbb09.npz,0.25430548,0.23511033,0.2762947,0.23428942,0.086135395,0,0.082222566,0,0.085947536,0,0.23511034,1,0.076942004,2,0.075046115,2,0.23428944,3,0.12430661,2,0.0,-1,0.0,-1,0.0,-1,0.0,-1,0.0,-1,0.0,-1,0.0,-1,0.0,-1,0.0,-1,0.0,-1,0.0,-1,0.0,-1
2025_10_21_RSFB-Phenotyping_GG1_JLU/2025_10_21_RSFB-Phenotyping_GG1_JLU/20251021_124134.jpg,7.25,16.145096,8.895096,8.895096,5,1.0,0.9613740385039542,0.890971416492497,2,0.38647142,2,0.38143677,grid_crop_inset075,/home/nfs/data/nvme_datasets/Pictures_CFSB_leaf_damage/2025_10_21_RSFB-Phenotyping_GG1_JLU/2025_10_21_RSFB-Phenotyping_GG1_JLU/20251021_124134.jpg,/home/user/tabbakhab1/dev/project/cache/hierarchical_three_view_processed/20251021_124134_grid_74689aed5971.jpg,/home/user/tabbakhab1/dev/project/cache/sam3_masks_hierarchical_three_view/20251021_124134_b9d392ac44e0c40c.png,cache/dinov3_hierarchical_three_view_features_adapted_routed/20251021_124134_b9d392ac44e0c40c.npz,0.16254233,0.20587991,0.38647142,0.24510637,0.30865154,3,0.102286294,0,0.38143677,2,0.102396004,0,0.10522946,2,0.0,-1,0.0,-1,0.0,-1,0.0,-1,0.0,-1,0.0,-1,0.0,-1,0.0,-1,0.0,-1,0.0,-1,0.0,-1,0.0,-1,0.0,-1,0.0,-1,0.0,-1
2025_10_21_RSFB-Phenotyping_GG1_JLU/2025_10_21_RSFB-Phenotyping_GG1_JLU/20251021_124142.jpg,2.0,5.412387,3.412387,3.412387,10,1.0,0.9899200791827715,0.9491867861922173,2,0.31441686,5,0.20934919,grid_crop_inset075,/home/nfs/data/nvme_datasets/Pictures_CFSB_leaf_damage/2025_10_21_RSFB-Phenotyping_GG1_JLU/2025_10_21_RSFB-Phenotyping_GG1_JLU/20251021_124142.jpg,/home/user/tabbakhab1/dev/project/cache/hierarchical_three_view_processed/20251021_124142_grid_fa378291d40c.jpg,/home/user/tabbakhab1/dev/project/cache/sam3_masks_hierarchical_three_view/20251021_124142_4f4ec4a91e446bea.png,cache/dinov3_hierarchical_three_view_features_adapted_routed/20251021_124142_4f4ec4a91e446bea.npz,0.20224458,0.2582905,0.31441686,0.225048,0.10506768,2,0.09203449,1,0.10700124,0,0.095243365,0,0.03712091,3,0.20934919,2,0.16625603,1,0.06837465,3,0.048998978,3,0.0705535,3,0.0,-1,0.0,-1,0.0,-1,0.0,-1,0.0,-1,0.0,-1,0.0,-1,0.0,-1,0.0,-1,0.0,-1
2025_10_21_RSFB-Phenotyping_GG1_JLU/2025_10_21_RSFB-Phenotyping_GG1_JLU/20251021_124700.jpg,15.5,15.083565,-0.41643524,0.41643524,9,1.0,0.9868072383537041,0.9283501626933696,1,0.29428643,6,0.2789045,grid_crop_inset075,/home/nfs/data/nvme_datasets/Pictures_CFSB_leaf_damage/2025_10_21_RSFB-Phenotyping_GG1_JLU/2025_10_21_RSFB-Phenotyping_GG1_JLU/20251021_124700.jpg,/home/user/tabbakhab1/dev/project/cache/hierarchical_three_view_processed/20251021_124700_grid_f7363dd6ae79.jpg,/home/user/tabbakhab1/dev/project/cache/sam3_masks_hierarchical_three_view/20251021_124700_5117724a5491296d.png,cache/dinov3_hierarchical_three_view_features_adapted_routed/20251021_124700_5117724a5491296d.npz,0.27890447,0.29428643,0.17396691,0.25284213,0.065346524,1,0.116906054,1,0.112033896,1,0.068747185,2,0.09599799,3,0.15684417,3,0.2789045,0,0.049369685,2,0.055850063,2,0.0,-1,0.0,-1,0.0,-1,0.0,-1,0.0,-1,0.0,-1,0.0,-1,0.0,-1,0.0,-1,0.0,-1,0.0,-1
2025_10_21_RSFB-Phenotyping_GG1_JLU/2025_10_21_RSFB-Phenotyping_GG1_JLU/20251021_124718.jpg,43.25,29.777403,-13.472597,13.472597,10,1.0,0.999082374075539,0.9511066097993145,0,0.27051008,9,0.23782974,grid_crop_inset075,/home/nfs/data/nvme_datasets/Pictures_CFSB_leaf_damage/2025_10_21_RSFB-Phenotyping_GG1_JLU/2025_10_21_RSFB-Phenotyping_GG1_JLU/20251021_124718.jpg,/home/user/tabbakhab1/dev/project/cache/hierarchical_three_view_processed/20251021_124718_grid_1c87cab32cd6.jpg,/home/user/tabbakhab1/dev/project/cache/sam3_masks_hierarchical_three_view/20251021_124718_2443be8e5d709bde.png,cache/dinov3_hierarchical_three_view_features_adapted_routed/20251021_124718_2443be8e5d709bde.npz,0.27051008,0.24134645,0.23782974,0.25031373,0.05767708,0,0.06300153,0,0.07816834,3,0.0944005,3,0.07774489,3,0.06849641,0,0.15343966,1,0.08133506,0,0.08790681,1,0.23782974,2,0.0,-1,0.0,-1,0.0,-1,0.0,-1,0.0,-1,0.0,-1,0.0,-1,0.0,-1,0.0,-1,0.0,-1
2025_10_21_RSFB-Phenotyping_GG1_JLU/2025_10_21_RSFB-Phenotyping_GG1_JLU/20251021_125035.jpg,5.25,3.516687,-1.7333131,1.7333131,7,1.0,0.9944940835306855,0.9777520517047488,0,0.3008423,1,0.2174704,grid_crop_inset075,/home/nfs/data/nvme_datasets/Pictures_CFSB_leaf_damage/2025_10_21_RSFB-Phenotyping_GG1_JLU/2025_10_21_RSFB-Phenotyping_GG1_JLU/20251021_125035.jpg,/home/user/tabbakhab1/dev/project/cache/hierarchical_three_view_processed/20251021_125035_grid_1513cab0f761.jpg,/home/user/tabbakhab1/dev/project/cache/sam3_masks_hierarchical_three_view/20251021_125035_8fddd997bc132a82.png,cache/dinov3_hierarchical_three_view_features_adapted_routed/20251021_125035_8fddd997bc132a82.npz,0.3008423,0.24824451,0.23344281,0.2174704,0.106350414,2,0.2174704,3,0.07846976,1,0.14329645,0,0.16977476,1,0.12709239,2,0.15754583,0,0.0,-1,0.0,-1,0.0,-1,0.0,-1,0.0,-1,0.0,-1,0.0,-1,0.0,-1,0.0,-1,0.0,-1,0.0,-1,0.0,-1,0.0,-1
2025_10_21_RSFB-Phenotyping_GG1_JLU/2025_10_21_RSFB-Phenotyping_GG1_JLU/20251021_125047.jpg,4.75,4.5110583,-0.23894167,0.23894167,6,1.0,0.9981928690570145,0.9529356114163371,2,0.27385497,4,0.27385497,grid_crop_inset075,/home/nfs/data/nvme_datasets/Pictures_CFSB_leaf_damage/2025_10_21_RSFB-Phenotyping_GG1_JLU/2025_10_21_RSFB-Phenotyping_GG1_JLU/20251021_125047.jpg,/home/user/tabbakhab1/dev/project/cache/hierarchical_three_view_processed/20251021_125047_grid_0ed40bf836ab.jpg,/home/user/tabbakhab1/dev/project/cache/sam3_masks_hierarchical_three_view/20251021_125047_65e8b9395a509fe2.png,cache/dinov3_hierarchical_three_view_features_adapted_routed/20251021_125047_65e8b9395a509fe2.npz,0.2573759,0.22603399,0.27385497,0.24273515,0.070888594,3,0.11546241,0,0.22603399,1,0.17184655,3,0.27385497,2,0.1419135,0,0.0,-1,0.0,-1,0.0,-1,0.0,-1,0.0,-1,0.0,-1,0.0,-1,0.0,-1,0.0,-1,0.0,-1,0.0,-1,0.0,-1,0.0,-1,0.0,-1
2025_10_21_RSFB-Phenotyping_GG1_JLU/2025_10_21_RSFB-Phenotyping_GG1_JLU/20251021_125208.jpg,2.25,3.9428296,1.6928296,1.6928296,6,1.0,0.9985394117272275,0.9261643567322726,2,0.27594456,3,0.27594456,grid_crop_inset075,/home/nfs/data/nvme_datasets/Pictures_CFSB_leaf_damage/2025_10_21_RSFB-Phenotyping_GG1_JLU/2025_10_21_RSFB-Phenotyping_GG1_JLU/20251021_125208.jpg,/home/user/tabbakhab1/dev/project/cache/hierarchical_three_view_processed/20251021_125208_grid_bf23ab7aa0b8.jpg,/home/user/tabbakhab1/dev/project/cache/sam3_masks_hierarchical_three_view/20251021_125208_79b8756b73d68676.png,cache/dinov3_hierarchical_three_view_features_adapted_routed/20251021_125208_79b8756b73d68676.npz,0.23828638,0.25051218,0.27594456,0.23525685,0.083053276,1,0.085015565,1,0.08244336,1,0.27594456,2,0.23828638,0,0.23525685,3,0.0,-1,0.0,-1,0.0,-1,0.0,-1,0.0,-1,0.0,-1,0.0,-1,0.0,-1,0.0,-1,0.0,-1,0.0,-1,0.0,-1,0.0,-1,0.0,-1
2025_10_21_RSFB-Phenotyping_GG1_JLU/2025_10_21_RSFB-Phenotyping_GG1_JLU/20251021_125215.jpg,27.5,27.338205,-0.16179466,0.16179466,7,1.0,0.9894806059113924,0.927409574189126,1,0.2954359,0,0.28009003,grid_crop_inset075,/home/nfs/data/nvme_datasets/Pictures_CFSB_leaf_damage/2025_10_21_RSFB-Phenotyping_GG1_JLU/2025_10_21_RSFB-Phenotyping_GG1_JLU/20251021_125215.jpg,/home/user/tabbakhab1/dev/project/cache/hierarchical_three_view_processed/20251021_125215_grid_fd141ea5bf82.jpg,/home/user/tabbakhab1/dev/project/cache/sam3_masks_hierarchical_three_view/20251021_125215_48a1bd1f13eafb5c.png,cache/dinov3_hierarchical_three_view_features_adapted_routed/20251021_125215_48a1bd1f13eafb5c.npz,0.28009003,0.2954359,0.1873447,0.23712935,0.28009003,0,0.10606222,1,0.18180573,3,0.13743025,1,0.1873447,2,0.051943436,1,0.055323593,3,0.0,-1,0.0,-1,0.0,-1,0.0,-1,0.0,-1,0.0,-1,0.0,-1,0.0,-1,0.0,-1,0.0,-1,0.0,-1,0.0,-1,0.0,-1
2025_10_21_RSFB-Phenotyping_GG1_JLU/2025_10_21_RSFB-Phenotyping_GG1_JLU/20251021_125515.jpg,6.75,8.71043,1.9604301,1.9604301,6,1.0,0.9935040902399747,0.9399045597364066,0,0.30039188,2,0.30039188,grid_crop_inset075,/home/nfs/data/nvme_datasets/Pictures_CFSB_leaf_damage/2025_10_21_RSFB-Phenotyping_GG1_JLU/2025_10_21_RSFB-Phenotyping_GG1_JLU/20251021_125515.jpg,/home/user/tabbakhab1/dev/project/cache/hierarchical_three_view_processed/20251021_125515_grid_224094b9df49.jpg,/home/user/tabbakhab1/dev/project/cache/sam3_masks_hierarchical_three_view/20251021_125515_0f6e0fc29ab70977.png,cache/dinov3_hierarchical_three_view_features_adapted_routed/20251021_125515_0f6e0fc29ab70977.npz,0.30039188,0.24179599,0.20613551,0.25167668,0.119085126,1,0.25167668,3,0.30039188,0,0.122436285,2,0.08369923,2,0.122710854,1,0.0,-1,0.0,-1,0.0,-1,0.0,-1,0.0,-1,0.0,-1,0.0,-1,0.0,-1,0.0,-1,0.0,-1,0.0,-1,0.0,-1,0.0,-1,0.0,-1
2025_10_21_RSFB-Phenotyping_GG1_JLU/2025_10_21_RSFB-Phenotyping_GG1_JLU/20251021_125523.jpg,9.0,7.1909657,-1.8090343,1.8090343,6,1.0,0.985239847390208,0.9348029532218748,2,0.30747542,0,0.2809193,grid_crop_inset075,/home/nfs/data/nvme_datasets/Pictures_CFSB_leaf_damage/2025_10_21_RSFB-Phenotyping_GG1_JLU/2025_10_21_RSFB-Phenotyping_GG1_JLU/20251021_125523.jpg,/home/user/tabbakhab1/dev/project/cache/hierarchical_three_view_processed/20251021_125523_grid_4bce37ae6d13.jpg,/home/user/tabbakhab1/dev/project/cache/sam3_masks_hierarchical_three_view/20251021_125523_4abf93095e2f3c9e.png,cache/dinov3_hierarchical_three_view_features_adapted_routed/20251021_125523_4abf93095e2f3c9e.npz,0.17661761,0.23498765,0.30747542,0.2809193,0.2809193,3,0.23498765,1,0.087243155,2,0.17661761,0,0.163438,2,0.05679426,2,0.0,-1,0.0,-1,0.0,-1,0.0,-1,0.0,-1,0.0,-1,0.0,-1,0.0,-1,0.0,-1,0.0,-1,0.0,-1,0.0,-1,0.0,-1,0.0,-1
2025_10_21_RSFB-Phenotyping_GG1_JLU/2025_10_21_RSFB-Phenotyping_GG1_JLU/20251021_125714.jpg,1.5,3.4893992,1.9893992,1.9893992,8,1.0,0.9990949636255799,0.9968477204567507,0,0.26384136,7,0.15638795,grid_crop_inset075,/home/nfs/data/nvme_datasets/Pictures_CFSB_leaf_damage/2025_10_21_RSFB-Phenotyping_GG1_JLU/2025_10_21_RSFB-Phenotyping_GG1_JLU/20251021_125714.jpg,/home/user/tabbakhab1/dev/project/cache/hierarchical_three_view_processed/20251021_125714_grid_4c4ac172b5cf.jpg,/home/user/tabbakhab1/dev/project/cache/sam3_masks_hierarchical_three_view/20251021_125714_8a88dc62d4313fe4.png,cache/dinov3_hierarchical_three_view_features_adapted_routed/20251021_125714_8a88dc62d4313fe4.npz,0.26384136,0.23541427,0.26091173,0.2398327,0.12695126,2,0.13396049,2,0.12633993,1,0.120904714,3,0.118927985,3,0.10907435,1,0.10745339,0,0.15638795,0,0.0,-1,0.0,-1,0.0,-1,0.0,-1,0.0,-1,0.0,-1,0.0,-1,0.0,-1,0.0,-1,0.0,-1,0.0,-1,0.0,-1
2025_10_21_RSFB-Phenotyping_GG1_JLU/2025_10_21_RSFB-Phenotyping_GG1_JLU/20251021_125721.jpg,4.5,6.281355,1.7813549,1.7813549,3,1.0,0.990481754873744,0.9858869271470908,1,0.30360264,1,0.39361572,grid_crop_inset075,/home/nfs/data/nvme_datasets/Pictures_CFSB_leaf_damage/2025_10_21_RSFB-Phenotyping_GG1_JLU/2025_10_21_RSFB-Phenotyping_GG1_JLU/20251021_125721.jpg,/home/user/tabbakhab1/dev/project/cache/hierarchical_three_view_processed/20251021_125721_grid_2c93b4a9b6d1.jpg,/home/user/tabbakhab1/dev/project/cache/sam3_masks_hierarchical_three_view/20251021_125721_eb3afa10441399d6.png,cache/dinov3_hierarchical_three_view_features_adapted_routed/20251021_125721_eb3afa10441399d6.npz,0.22868265,0.30360264,0.19704527,0.27066946,0.25546587,2,0.39361572,1,0.3509184,3,0.0,-1,0.0,-1,0.0,-1,0.0,-1,0.0,-1,0.0,-1,0.0,-1,0.0,-1,0.0,-1,0.0,-1,0.0,-1,0.0,-1,0.0,-1,0.0,-1,0.0,-1,0.0,-1,0.0,-1
2025_10_21_RSFB-Phenotyping_GG1_JLU/2025_10_21_RSFB-Phenotyping_GG1_JLU/20251021_125949.jpg,10.0,3.8535907,-6.146409,6.146409,5,1.0,0.9973412034089234,0.9692716841866534,3,0.2800603,2,0.28006032,grid_crop_inset075,/home/nfs/data/nvme_datasets/Pictures_CFSB_leaf_damage/2025_10_21_RSFB-Phenotyping_GG1_JLU/2025_10_21_RSFB-Phenotyping_GG1_JLU/20251021_125949.jpg,/home/user/tabbakhab1/dev/project/cache/hierarchical_three_view_processed/20251021_125949_grid_73bd30fde327.jpg,/home/user/tabbakhab1/dev/project/cache/sam3_masks_hierarchical_three_view/20251021_125949_7513aedd24d2e3cd.png,cache/dinov3_hierarchical_three_view_features_adapted_routed/20251021_125949_7513aedd24d2e3cd.npz,0.24134512,0.22146183,0.2571327,0.2800603,0.22146185,1,0.13905549,2,0.28006032,3,0.24134514,0,0.11807724,2,0.0,-1,0.0,-1,0.0,-1,0.0,-1,0.0,-1,0.0,-1,0.0,-1,0.0,-1,0.0,-1,0.0,-1,0.0,-1,0.0,-1,0.0,-1,0.0,-1,0.0,-1
2025_10_21_RSFB-Phenotyping_GG1_JLU/2025_10_21_RSFB-Phenotyping_GG1_JLU/20251021_130000.jpg,4.7683716e-07,2.5034685,2.503468,2.503468,1,1.0,0.9938226559440049,0.0,1,0.2874222,0,1.0,grid_crop_inset075,/home/nfs/data/nvme_datasets/Pictures_CFSB_leaf_damage/2025_10_21_RSFB-Phenotyping_GG1_JLU/2025_10_21_RSFB-Phenotyping_GG1_JLU/20251021_130000.jpg,/home/user/tabbakhab1/dev/project/cache/hierarchical_three_view_processed/20251021_130000_grid_a8eab62177f1.jpg,/home/user/tabbakhab1/dev/project/cache/sam3_masks_hierarchical_three_view/20251021_130000_a2f359176caae7d2.png,cache/dinov3_hierarchical_three_view_features_adapted_routed/20251021_130000_a2f359176caae7d2.npz,0.25288177,0.2874222,0.19880134,0.26089466,1.0,2,0.0,-1,0.0,-1,0.0,-1,0.0,-1,0.0,-1,0.0,-1,0.0,-1,0.0,-1,0.0,-1,0.0,-1,0.0,-1,0.0,-1,0.0,-1,0.0,-1,0.0,-1,0.0,-1,0.0,-1,0.0,-1,0.0,-1
2025_10_21_RSFB-Phenotyping_GG1_JLU/2025_10_21_RSFB-Phenotyping_GG1_JLU/20251021_130007.jpg,6.25,3.4876933,-2.7623067,2.7623067,1,1.0,0.9996819241707752,0.0,3,0.25912052,0,1.0,grid_crop_inset075,/home/nfs/data/nvme_datasets/Pictures_CFSB_leaf_damage/2025_10_21_RSFB-Phenotyping_GG1_JLU/2025_10_21_RSFB-Phenotyping_GG1_JLU/20251021_130007.jpg,/home/user/tabbakhab1/dev/project/cache/hierarchical_three_view_processed/20251021_130007_grid_a37570f86948.jpg,/home/user/tabbakhab1/dev/project/cache/sam3_masks_hierarchical_three_view/20251021_130007_dc903bc524ac100f.png,cache/dinov3_hierarchical_three_view_features_adapted_routed/20251021_130007_dc903bc524ac100f.npz,0.23913853,0.2537954,0.24794559,0.25912052,1.0,3,0.0,-1,0.0,-1,0.0,-1,0.0,-1,0.0,-1,0.0,-1,0.0,-1,0.0,-1,0.0,-1,0.0,-1,0.0,-1,0.0,-1,0.0,-1,0.0,-1,0.0,-1,0.0,-1,0.0,-1,0.0,-1,0.0,-1
2025_10_21_RSFB-Phenotyping_GG1_JLU/2025_10_21_RSFB-Phenotyping_GG1_JLU/20251021_131138.jpg,3.0,4.7423925,1.7423925,1.7423925,6,1.0,0.9847135336084796,0.9794869076800593,2,0.33952892,4,0.21752563,grid_crop_inset075,/home/nfs/data/nvme_datasets/Pictures_CFSB_leaf_damage/2025_10_21_RSFB-Phenotyping_GG1_JLU/2025_10_21_RSFB-Phenotyping_GG1_JLU/20251021_131138.jpg,/home/user/tabbakhab1/dev/project/cache/hierarchical_three_view_processed/20251021_131138_grid_893c4b37a0fd.jpg,/home/user/tabbakhab1/dev/project/cache/sam3_masks_hierarchical_three_view/20251021_131138_a1dadaa8de7cfc5d.png,cache/dinov3_hierarchical_three_view_features_adapted_routed/20251021_131138_a1dadaa8de7cfc5d.npz,0.23775214,0.20519328,0.33952892,0.21752563,0.12494113,0,0.11281101,0,0.1289098,2,0.20519328,1,0.21752563,3,0.21061914,2,0.0,-1,0.0,-1,0.0,-1,0.0,-1,0.0,-1,0.0,-1,0.0,-1,0.0,-1,0.0,-1,0.0,-1,0.0,-1,0.0,-1,0.0,-1,0.0,-1
2025_10_21_RSFB-Phenotyping_GG1_JLU/2025_10_21_RSFB-Phenotyping_GG1_JLU/20251021_131146.jpg,5.0,3.662188,-1.337812,1.337812,4,1.0,0.9942584428244531,0.9942584428244532,0,0.2999715,0,0.2999715,grid_crop_inset075,/home/nfs/data/nvme_datasets/Pictures_CFSB_leaf_damage/2025_10_21_RSFB-Phenotyping_GG1_JLU/2025_10_21_RSFB-Phenotyping_GG1_JLU/20251021_131146.jpg,/home/user/tabbakhab1/dev/project/cache/hierarchical_three_view_processed/20251021_131146_grid_bf77861144ac.jpg,/home/user/tabbakhab1/dev/project/cache/sam3_masks_hierarchical_three_view/20251021_131146_70ef4d071ed56262.png,cache/dinov3_hierarchical_three_view_features_adapted_routed/20251021_131146_70ef4d071ed56262.npz,0.2999715,0.21310793,0.23599675,0.2509238,0.2999715,0,0.21310793,1,0.2509238,3,0.23599675,2,0.0,-1,0.0,-1,0.0,-1,0.0,-1,0.0,-1,0.0,-1,0.0,-1,0.0,-1,0.0,-1,0.0,-1,0.0,-1,0.0,-1,0.0,-1,0.0,-1,0.0,-1,0.0,-1
2025_10_21_RSFB-Phenotyping_GG1_JLU/2025_10_21_RSFB-Phenotyping_GG1_JLU/20251021_131752.jpg,1.25,3.5021393,2.2521393,2.2521393,6,1.0,0.9991782213993701,0.9685252034465627,3,0.26404017,4,0.24279672,grid_crop_inset075,/home/nfs/data/nvme_datasets/Pictures_CFSB_leaf_damage/2025_10_21_RSFB-Phenotyping_GG1_JLU/2025_10_21_RSFB-Phenotyping_GG1_JLU/20251021_131752.jpg,/home/user/tabbakhab1/dev/project/cache/hierarchical_three_view_processed/20251021_131752_grid_b1dff36b7096.jpg,/home/user/tabbakhab1/dev/project/cache/sam3_masks_hierarchical_three_view/20251021_131752_5dcd184e0eb468c3.png,cache/dinov3_hierarchical_three_view_features_adapted_routed/20251021_131752_5dcd184e0eb468c3.npz,0.24279672,0.25874665,0.23441643,0.26404017,0.12695572,1,0.23441643,2,0.13179094,1,0.0923379,3,0.24279672,0,0.17170228,3,0.0,-1,0.0,-1,0.0,-1,0.0,-1,0.0,-1,0.0,-1,0.0,-1,0.0,-1,0.0,-1,0.0,-1,0.0,-1,0.0,-1,0.0,-1,0.0,-1
2025_10_21_RSFB-Phenotyping_GG1_JLU/2025_10_21_RSFB-Phenotyping_GG1_JLU/20251021_131803.jpg,2.25,3.1618109,0.9118109,0.9118109,7,1.0,0.9941281736263955,0.9836291312468277,0,0.30619138,6,0.22604448,grid_crop_inset075,/home/nfs/data/nvme_datasets/Pictures_CFSB_leaf_damage/2025_10_21_RSFB-Phenotyping_GG1_JLU/2025_10_21_RSFB-Phenotyping_GG1_JLU/20251021_131803.jpg,/home/user/tabbakhab1/dev/project/cache/hierarchical_three_view_processed/20251021_131803_grid_f125bcb07135.jpg,/home/user/tabbakhab1/dev/project/cache/sam3_masks_hierarchical_three_view/20251021_131803_83e8320bf8f17637.png,cache/dinov3_hierarchical_three_view_features_adapted_routed/20251021_131803_83e8320bf8f17637.npz,0.30619138,0.234698,0.23306614,0.22604448,0.12144025,2,0.11995056,1,0.14630756,0,0.11162589,2,0.11474744,1,0.15988384,0,0.22604448,3,0.0,-1,0.0,-1,0.0,-1,0.0,-1,0.0,-1,0.0,-1,0.0,-1,0.0,-1,0.0,-1,0.0,-1,0.0,-1,0.0,-1,0.0,-1
2025_10_21_RSFB-Phenotyping_GG1_JLU/2025_10_21_RSFB-Phenotyping_GG1_JLU/20251021_131840.jpg,6.0,4.8923063,-1.1076937,1.1076937,8,1.0,0.9938949034775443,0.965741247083058,1,0.2975278,6,0.2076435,grid_crop_inset075,/home/nfs/data/nvme_datasets/Pictures_CFSB_leaf_damage/2025_10_21_RSFB-Phenotyping_GG1_JLU/2025_10_21_RSFB-Phenotyping_GG1_JLU/20251021_131840.jpg,/home/user/tabbakhab1/dev/project/cache/hierarchical_three_view_processed/20251021_131840_grid_730eecfff1a1.jpg,/home/user/tabbakhab1/dev/project/cache/sam3_masks_hierarchical_three_view/20251021_131840_7fbae6bc50ae6ea1.png,cache/dinov3_hierarchical_three_view_features_adapted_routed/20251021_131840_7fbae6bc50ae6ea1.npz,0.2569908,0.2975278,0.2076435,0.23783796,0.10657892,3,0.13125904,3,0.202436,1,0.08973976,0,0.071331665,0,0.09591936,0,0.2076435,2,0.09509178,1,0.0,-1,0.0,-1,0.0,-1,0.0,-1,0.0,-1,0.0,-1,0.0,-1,0.0,-1,0.0,-1,0.0,-1,0.0,-1,0.0,-1
2025_10_21_RSFB-Phenotyping_GG1_JLU/2025_10_21_RSFB-Phenotyping_GG1_JLU/20251021_132506.jpg,2.5,4.3705583,1.8705583,1.8705583,4,1.0,0.9997272706238042,0.9809445529215406,1,0.25845098,1,0.3393275,grid_crop_inset075,/home/nfs/data/nvme_datasets/Pictures_CFSB_leaf_damage/2025_10_21_RSFB-Phenotyping_GG1_JLU/2025_10_21_RSFB-Phenotyping_GG1_JLU/20251021_132506.jpg,/home/user/tabbakhab1/dev/project/cache/hierarchical_three_view_processed/20251021_132506_grid_cfa9081f9ff4.jpg,/home/user/tabbakhab1/dev/project/cache/sam3_masks_hierarchical_three_view/20251021_132506_db916d5444e095ef.png,cache/dinov3_hierarchical_three_view_features_adapted_routed/20251021_132506_db916d5444e095ef.npz,0.25044137,0.25845098,0.23934728,0.25176036,0.22663115,2,0.3393275,1,0.25418067,2,0.17986068,1,0.0,-1,0.0,-1,0.0,-1,0.0,-1,0.0,-1,0.0,-1,0.0,-1,0.0,-1,0.0,-1,0.0,-1,0.0,-1,0.0,-1,0.0,-1,0.0,-1,0.0,-1,0.0,-1
2025_10_21_RSFB-Phenotyping_GG1_JLU/2025_10_21_RSFB-Phenotyping_GG1_JLU/20251021_132518.jpg,5.0,10.006529,5.006529,5.006529,6,1.0,0.9859047351363955,0.9388062400748429,1,0.31847146,5,0.27492377,grid_crop_inset075,/home/nfs/data/nvme_datasets/Pictures_CFSB_leaf_damage/2025_10_21_RSFB-Phenotyping_GG1_JLU/2025_10_21_RSFB-Phenotyping_GG1_JLU/20251021_132518.jpg,/home/user/tabbakhab1/dev/project/cache/hierarchical_three_view_processed/20251021_132518_grid_ae357d30cb21.jpg,/home/user/tabbakhab1/dev/project/cache/sam3_masks_hierarchical_three_view/20251021_132518_dd20d38258bd0e53.png,cache/dinov3_hierarchical_three_view_features_adapted_routed/20251021_132518_dd20d38258bd0e53.npz,0.26560146,0.31847146,0.23266165,0.1832654,0.12526244,3,0.14213766,1,0.0712097,0,0.2728963,1,0.11357016,3,0.27492377,0,0.0,-1,0.0,-1,0.0,-1,0.0,-1,0.0,-1,0.0,-1,0.0,-1,0.0,-1,0.0,-1,0.0,-1,0.0,-1,0.0,-1,0.0,-1,0.0,-1
2025_10_21_RSFB-Phenotyping_GG1_JLU/2025_10_21_RSFB-Phenotyping_GG1_JLU/20251021_132528.jpg,11.75,14.882666,3.1326656,3.1326656,6,1.0,0.9983529509296007,0.9211346020624657,2,0.277239,5,0.277239,grid_crop_inset075,/home/nfs/data/nvme_datasets/Pictures_CFSB_leaf_damage/2025_10_21_RSFB-Phenotyping_GG1_JLU/2025_10_21_RSFB-Phenotyping_GG1_JLU/20251021_132528.jpg,/home/user/tabbakhab1/dev/project/cache/hierarchical_three_view_processed/20251021_132528_grid_5b14983dab3f.jpg,/home/user/tabbakhab1/dev/project/cache/sam3_masks_hierarchical_three_view/20251021_132528_fa5d3efe626db738.png,cache/dinov3_hierarchical_three_view_features_adapted_routed/20251021_132528_fa5d3efe626db738.npz,0.24985123,0.24138874,0.277239,0.23152104,0.07753205,0,0.06051865,0,0.23152104,3,0.11180053,0,0.24138874,1,0.277239,2,0.0,-1,0.0,-1,0.0,-1,0.0,-1,0.0,-1,0.0,-1,0.0,-1,0.0,-1,0.0,-1,0.0,-1,0.0,-1,0.0,-1,0.0,-1,0.0,-1
2025_10_21_RSFB-Phenotyping_GG1_JLU/2025_10_21_RSFB-Phenotyping_GG1_JLU/20251021_151602.jpg,2.75,4.44858,1.6985798,1.6985798,6,1.0,0.9961149935259355,0.974965107137852,2,0.2952029,1,0.2405916,grid_crop_inset075,/home/nfs/data/nvme_datasets/Pictures_CFSB_leaf_damage/2025_10_21_RSFB-Phenotyping_GG1_JLU/2025_10_21_RSFB-Phenotyping_GG1_JLU/20251021_151602.jpg,/home/user/tabbakhab1/dev/project/cache/hierarchical_three_view_processed/20251021_151602_grid_a1fbecd75a54.jpg,/home/user/tabbakhab1/dev/project/cache/sam3_masks_hierarchical_three_view/20251021_151602_6671589b5b6ccf69.png,cache/dinov3_hierarchical_three_view_features_adapted_routed/20251021_151602_6671589b5b6ccf69.npz,0.2348739,0.2405916,0.2952029,0.22933161,0.1336124,2,0.2405916,1,0.11402649,0,0.12084742,0,0.22933161,3,0.1615905,2,0.0,-1,0.0,-1,0.0,-1,0.0,-1,0.0,-1,0.0,-1,0.0,-1,0.0,-1,0.0,-1,0.0,-1,0.0,-1,0.0,-1,0.0,-1,0.0,-1
2025_10_21_RSFB-Phenotyping_GG1_JLU/2025_10_21_RSFB-Phenotyping_GG1_JLU/20251021_151613.jpg,7.25,7.6398163,0.38981628,0.38981628,4,1.0,0.9854166604396033,0.9281368248792399,2,0.33589008,3,0.42801782,grid_crop_inset075,/home/nfs/data/nvme_datasets/Pictures_CFSB_leaf_damage/2025_10_21_RSFB-Phenotyping_GG1_JLU/2025_10_21_RSFB-Phenotyping_GG1_JLU/20251021_151613.jpg,/home/user/tabbakhab1/dev/project/cache/hierarchical_three_view_processed/20251021_151613_grid_2e63a8b152ee.jpg,/home/user/tabbakhab1/dev/project/cache/sam3_masks_hierarchical_three_view/20251021_151613_136a08f66beaa4a0.png,cache/dinov3_hierarchical_three_view_features_adapted_routed/20251021_151613_136a08f66beaa4a0.npz,0.24375613,0.21524276,0.33589008,0.20511097,0.1850293,0,0.2613687,3,0.12558414,0,0.42801782,2,0.0,-1,0.0,-1,0.0,-1,0.0,-1,0.0,-1,0.0,-1,0.0,-1,0.0,-1,0.0,-1,0.0,-1,0.0,-1,0.0,-1,0.0,-1,0.0,-1,0.0,-1,0.0,-1
2025_10_21_RSFB-Phenotyping_GG1_JLU/2025_10_21_RSFB-Phenotyping_GG1_JLU/20251021_151621.jpg,15.75,15.082031,-0.66796875,0.66796875,6,1.0,0.9522801330726914,0.9412635144158482,0,0.38595623,4,0.3403938,grid_crop_inset075,/home/nfs/data/nvme_datasets/Pictures_CFSB_leaf_damage/2025_10_21_RSFB-Phenotyping_GG1_JLU/2025_10_21_RSFB-Phenotyping_GG1_JLU/20251021_151621.jpg,/home/user/tabbakhab1/dev/project/cache/hierarchical_three_view_processed/20251021_151621_grid_1c3e50780afd.jpg,/home/user/tabbakhab1/dev/project/cache/sam3_masks_hierarchical_three_view/20251021_151621_8a2b3efe675ec94e.png,cache/dinov3_hierarchical_three_view_features_adapted_routed/20251021_151621_8a2b3efe675ec94e.npz,0.38595623,0.27146608,0.20249407,0.14008361,0.124717705,0,0.13360067,0,0.14016181,0,0.0854739,0,0.3403938,1,0.17565213,3,0.0,-1,0.0,-1,0.0,-1,0.0,-1,0.0,-1,0.0,-1,0.0,-1,0.0,-1,0.0,-1,0.0,-1,0.0,-1,0.0,-1,0.0,-1,0.0,-1
2025_10_21_RSFB-Phenotyping_GG1_JLU/2025_10_21_RSFB-Phenotyping_GG1_JLU/20251021_152015.jpg,7.0,7.0257015,0.025701523,0.025701523,5,1.0,0.9600581340761095,0.9017114610689269,3,0.3989125,4,0.41266412,grid_crop_inset075,/home/nfs/data/nvme_datasets/Pictures_CFSB_leaf_damage/2025_10_21_RSFB-Phenotyping_GG1_JLU/2025_10_21_RSFB-Phenotyping_GG1_JLU/20251021_152015.jpg,/home/user/tabbakhab1/dev/project/cache/hierarchical_three_view_processed/20251021_152015_grid_637deaf03a15.jpg,/home/user/tabbakhab1/dev/project/cache/sam3_masks_hierarchical_three_view/20251021_152015_8f21af31088128e2.png,cache/dinov3_hierarchical_three_view_features_adapted_routed/20251021_152015_8f21af31088128e2.npz,0.19071153,0.18676887,0.22360714,0.3989125,0.1234547,1,0.10113825,3,0.11710504,1,0.24563791,0,0.41266412,3,0.0,-1,0.0,-1,0.0,-1,0.0,-1,0.0,-1,0.0,-1,0.0,-1,0.0,-1,0.0,-1,0.0,-1,0.0,-1,0.0,-1,0.0,-1,0.0,-1,0.0,-1
2025_10_21_RSFB-Phenotyping_GG1_JLU/2025_10_21_RSFB-Phenotyping_GG1_JLU/20251021_152247.jpg,6.5,4.2691483,-2.2308517,2.2308517,8,1.0,0.9957947047837983,0.9502729028084514,0,0.28903183,1,0.22886328,grid_crop_inset075,/home/nfs/data/nvme_datasets/Pictures_CFSB_leaf_damage/2025_10_21_RSFB-Phenotyping_GG1_JLU/2025_10_21_RSFB-Phenotyping_GG1_JLU/20251021_152247.jpg,/home/user/tabbakhab1/dev/project/cache/hierarchical_three_view_processed/20251021_152247_grid_e1b01378e914.jpg,/home/user/tabbakhab1/dev/project/cache/sam3_masks_hierarchical_three_view/20251021_152247_716742ea4e8eb90c.png,cache/dinov3_hierarchical_three_view_features_adapted_routed/20251021_152247_716742ea4e8eb90c.npz,0.28903183,0.22090386,0.261201,0.22886328,0.08777872,0,0.22886328,3,0.11284731,0,0.061391614,2,0.08840581,0,0.22090386,1,0.108956166,2,0.09085322,2,0.0,-1,0.0,-1,0.0,-1,0.0,-1,0.0,-1,0.0,-1,0.0,-1,0.0,-1,0.0,-1,0.0,-1,0.0,-1,0.0,-1
2025_10_21_RSFB-Phenotyping_GG1_JLU/2025_10_21_RSFB-Phenotyping_GG1_JLU/20251021_152253.jpg,8.0,3.9529297,-4.0470705,4.0470705,6,1.0,0.9980617591854989,0.9134853446761092,0,0.28053638,3,0.28053638,grid_crop_inset075,/home/nfs/data/nvme_datasets/Pictures_CFSB_leaf_damage/2025_10_21_RSFB-Phenotyping_GG1_JLU/2025_10_21_RSFB-Phenotyping_GG1_JLU/20251021_152253.jpg,/home/user/tabbakhab1/dev/project/cache/hierarchical_three_view_processed/20251021_152253_grid_c06d495e860a.jpg,/home/user/tabbakhab1/dev/project/cache/sam3_masks_hierarchical_three_view/20251021_152253_7457ecba53d04794.png,cache/dinov3_hierarchical_three_view_features_adapted_routed/20251021_152253_7457ecba53d04794.npz,0.28053638,0.23670764,0.23387925,0.2488767,0.23670764,1,0.2488767,3,0.058689214,2,0.28053638,0,0.085443005,2,0.08974704,2,0.0,-1,0.0,-1,0.0,-1,0.0,-1,0.0,-1,0.0,-1,0.0,-1,0.0,-1,0.0,-1,0.0,-1,0.0,-1,0.0,-1,0.0,-1,0.0,-1
2025_10_21_RSFB-Phenotyping_GG1_JLU/2025_10_21_RSFB-Phenotyping_GG1_JLU/20251021_152601.jpg,15.75,9.030153,-6.7198467,6.7198467,6,1.0,0.9623622828227177,0.9620386234459452,1,0.3842207,3,0.2759081,grid_crop_inset075,/home/nfs/data/nvme_datasets/Pictures_CFSB_leaf_damage/2025_10_21_RSFB-Phenotyping_GG1_JLU/2025_10_21_RSFB-Phenotyping_GG1_JLU/20251021_152601.jpg,/home/user/tabbakhab1/dev/project/cache/hierarchical_three_view_processed/20251021_152601_grid_82f320b3116e.jpg,/home/user/tabbakhab1/dev/project/cache/sam3_masks_hierarchical_three_view/20251021_152601_228a619b896da843.png,cache/dinov3_hierarchical_three_view_features_adapted_routed/20251021_152601_228a619b896da843.npz,0.24685122,0.3842207,0.16370516,0.20522292,0.12816834,0,0.09437251,1,0.18242341,0,0.2759081,1,0.2059762,2,0.113151416,1,0.0,-1,0.0,-1,0.0,-1,0.0,-1,0.0,-1,0.0,-1,0.0,-1,0.0,-1,0.0,-1,0.0,-1,0.0,-1,0.0,-1,0.0,-1,0.0,-1
2025_10_21_RSFB-Phenotyping_GG1_JLU/2025_10_21_RSFB-Phenotyping_GG1_JLU/20251021_152612.jpg,7.25,12.00899,4.7589903,4.7589903,6,1.0,0.9905231166507141,0.943823792041803,2,0.31926745,3,0.31926745,grid_crop_inset075,/home/nfs/data/nvme_datasets/Pictures_CFSB_leaf_damage/2025_10_21_RSFB-Phenotyping_GG1_JLU/2025_10_21_RSFB-Phenotyping_GG1_JLU/20251021_152612.jpg,/home/user/tabbakhab1/dev/project/cache/hierarchical_three_view_processed/20251021_152612_grid_6f8031dd1040.jpg,/home/user/tabbakhab1/dev/project/cache/sam3_masks_hierarchical_three_view/20251021_152612_5837fb7279cbd197.png,cache/dinov3_hierarchical_three_view_features_adapted_routed/20251021_152612_5837fb7279cbd197.npz,0.22671157,0.24222493,0.31926745,0.21179605,0.099764146,1,0.1424608,1,0.21179605,3,0.31926745,2,0.09403094,0,0.13268062,0,0.0,-1,0.0,-1,0.0,-1,0.0,-1,0.0,-1,0.0,-1,0.0,-1,0.0,-1,0.0,-1,0.0,-1,0.0,-1,0.0,-1,0.0,-1,0.0,-1
2025_10_21_RSFB-Phenotyping_GG1_JLU/2025_10_21_RSFB-Phenotyping_GG1_JLU/20251021_152802.jpg,2.5,3.3622134,0.8622134,0.8622134,5,1.0,0.996092062897674,0.9507598884335365,2,0.28483245,3,0.37093812,grid_crop_inset075,/home/nfs/data/nvme_datasets/Pictures_CFSB_leaf_damage/2025_10_21_RSFB-Phenotyping_GG1_JLU/2025_10_21_RSFB-Phenotyping_GG1_JLU/20251021_152802.jpg,/home/user/tabbakhab1/dev/project/cache/hierarchical_three_view_processed/20251021_152802_grid_71a3bd7e0477.jpg,/home/user/tabbakhab1/dev/project/cache/sam3_masks_hierarchical_three_view/20251021_152802_feef511c939702aa.png,cache/dinov3_hierarchical_three_view_features_adapted_routed/20251021_152802_feef511c939702aa.npz,0.2652829,0.22788778,0.28483245,0.22199687,0.14410843,3,0.16630398,3,0.15057391,1,0.37093812,0,0.1680756,1,0.0,-1,0.0,-1,0.0,-1,0.0,-1,0.0,-1,0.0,-1,0.0,-1,0.0,-1,0.0,-1,0.0,-1,0.0,-1,0.0,-1,0.0,-1,0.0,-1,0.0,-1
2025_10_21_RSFB-Phenotyping_GG1_JLU/2025_10_21_RSFB-Phenotyping_GG1_JLU/20251021_152809.jpg,2.75,4.217569,1.4675689,1.4675689,7,1.0,0.9749597296069445,0.9798275425198149,1,0.3678107,2,0.19772042,grid_crop_inset075,/home/nfs/data/nvme_datasets/Pictures_CFSB_leaf_damage/2025_10_21_RSFB-Phenotyping_GG1_JLU/2025_10_21_RSFB-Phenotyping_GG1_JLU/20251021_152809.jpg,/home/user/tabbakhab1/dev/project/cache/hierarchical_three_view_processed/20251021_152809_grid_6ea88ec67561.jpg,/home/user/tabbakhab1/dev/project/cache/sam3_masks_hierarchical_three_view/20251021_152809_18b0f7d9eb18146d.png,cache/dinov3_hierarchical_three_view_features_adapted_routed/20251021_152809_18b0f7d9eb18146d.npz,0.21210507,0.3678107,0.2223638,0.19772042,0.10487481,2,0.10642574,0,0.19772042,3,0.105679326,0,0.19494711,1,0.11748899,2,0.17286357,1,0.0,-1,0.0,-1,0.0,-1,0.0,-1,0.0,-1,0.0,-1,0.0,-1,0.0,-1,0.0,-1,0.0,-1,0.0,-1,0.0,-1,0.0,-1
2025_10_21_RSFB-Phenotyping_GG1_JLU/2025_10_21_RSFB-Phenotyping_GG1_JLU/20251021_153622.jpg,17.5,13.406044,-4.093956,4.093956,8,1.0,0.9717686269989384,0.9505354461794457,1,0.32692918,7,0.22346121,grid_crop_inset075,/home/nfs/data/nvme_datasets/Pictures_CFSB_leaf_damage/2025_10_21_RSFB-Phenotyping_GG1_JLU/2025_10_21_RSFB-Phenotyping_GG1_JLU/20251021_153622.jpg,/home/user/tabbakhab1/dev/project/cache/hierarchical_three_view_processed/20251021_153622_grid_613c4cfe5a01.jpg,/home/user/tabbakhab1/dev/project/cache/sam3_masks_hierarchical_three_view/20251021_153622_c03f421d9adff816.png,cache/dinov3_hierarchical_three_view_features_adapted_routed/20251021_153622_c03f421d9adff816.npz,0.2031849,0.32692918,0.30744848,0.16243747,0.16243745,3,0.062506095,0,0.06576906,0,0.1672518,1,0.07490973,0,0.08398723,2,0.15967737,1,0.22346121,2,0.0,-1,0.0,-1,0.0,-1,0.0,-1,0.0,-1,0.0,-1,0.0,-1,0.0,-1,0.0,-1,0.0,-1,0.0,-1,0.0,-1
2025_10_21_RSFB-Phenotyping_GG1_JLU/2025_10_21_RSFB-Phenotyping_GG1_JLU/20251021_154307.jpg,7.5,5.619842,-1.880158,1.880158,6,1.0,0.9906595960347587,0.9191511362674174,0,0.32053533,3,0.29998547,grid_crop_inset075,/home/nfs/data/nvme_datasets/Pictures_CFSB_leaf_damage/2025_10_21_RSFB-Phenotyping_GG1_JLU/2025_10_21_RSFB-Phenotyping_GG1_JLU/20251021_154307.jpg,/home/user/tabbakhab1/dev/project/cache/hierarchical_three_view_processed/20251021_154307_grid_550dd156c6e6.jpg,/home/user/tabbakhab1/dev/project/cache/sam3_masks_hierarchical_three_view/20251021_154307_b3237f4270c9ae5c.png,cache/dinov3_hierarchical_three_view_features_adapted_routed/20251021_154307_b3237f4270c9ae5c.npz,0.32053533,0.23656252,0.22512843,0.21777372,0.119872525,0,0.28525418,3,0.07074129,2,0.29998547,0,0.13404982,2,0.09009676,2,0.0,-1,0.0,-1,0.0,-1,0.0,-1,0.0,-1,0.0,-1,0.0,-1,0.0,-1,0.0,-1,0.0,-1,0.0,-1,0.0,-1,0.0,-1,0.0,-1
2025_10_21_RSFB-Phenotyping_GG1_JLU/2025_10_21_RSFB-Phenotyping_GG1_JLU/20251021_154359.jpg,5.25,5.009513,-0.2404871,0.2404871,8,1.0,0.9956336715243224,0.9629926473436194,2,0.2781708,4,0.2398164,grid_crop_inset075,/home/nfs/data/nvme_datasets/Pictures_CFSB_leaf_damage/2025_10_21_RSFB-Phenotyping_GG1_JLU/2025_10_21_RSFB-Phenotyping_GG1_JLU/20251021_154359.jpg,/home/user/tabbakhab1/dev/project/cache/hierarchical_three_view_processed/20251021_154359_grid_d80482362b8b.jpg,/home/user/tabbakhab1/dev/project/cache/sam3_masks_hierarchical_three_view/20251021_154359_88850928a9a64901.png,cache/dinov3_hierarchical_three_view_features_adapted_routed/20251021_154359_88850928a9a64901.npz,0.26453426,0.25120863,0.2781708,0.20608632,0.08156321,1,0.081475675,1,0.13163446,3,0.14857753,3,0.2398164,2,0.10791513,1,0.07060998,1,0.1384076,2,0.0,-1,0.0,-1,0.0,-1,0.0,-1,0.0,-1,0.0,-1,0.0,-1,0.0,-1,0.0,-1,0.0,-1,0.0,-1,0.0,-1
2025_10_21_RSFB-Phenotyping_GG1_JLU/2025_10_21_RSFB-Phenotyping_GG1_JLU/20251021_154406.jpg,2.0,3.1234865,1.1234865,1.1234865,3,1.0,0.9966816746839897,0.9981273300211153,0,0.28475276,1,0.35990235,grid_crop_inset075,/home/nfs/data/nvme_datasets/Pictures_CFSB_leaf_damage/2025_10_21_RSFB-Phenotyping_GG1_JLU/2025_10_21_RSFB-Phenotyping_GG1_JLU/20251021_154406.jpg,/home/user/tabbakhab1/dev/project/cache/hierarchical_three_view_processed/20251021_154406_grid_c284a4e2e77e.jpg,/home/user/tabbakhab1/dev/project/cache/sam3_masks_hierarchical_three_view/20251021_154406_8d36d58a1b24c8f5.png,cache/dinov3_hierarchical_three_view_features_adapted_routed/20251021_154406_8d36d58a1b24c8f5.npz,0.28475276,0.21996804,0.23786002,0.25741914,0.3325564,2,0.35990235,3,0.30754128,1,0.0,-1,0.0,-1,0.0,-1,0.0,-1,0.0,-1,0.0,-1,0.0,-1,0.0,-1,0.0,-1,0.0,-1,0.0,-1,0.0,-1,0.0,-1,0.0,-1,0.0,-1,0.0,-1,0.0,-1
2025_10_21_RSFB-Phenotyping_GG1_JLU/2025_10_21_RSFB-Phenotyping_GG1_JLU/20251021_154414.jpg,3.25,3.885966,0.63596606,0.63596606,5,1.0,0.9991079703772948,0.9730208011683086,2,0.26362666,4,0.26362666,grid_crop_inset075,/home/nfs/data/nvme_datasets/Pictures_CFSB_leaf_damage/2025_10_21_RSFB-Phenotyping_GG1_JLU/2025_10_21_RSFB-Phenotyping_GG1_JLU/20251021_154414.jpg,/home/user/tabbakhab1/dev/project/cache/hierarchical_three_view_processed/20251021_154414_grid_5f0ae23c5487.jpg,/home/user/tabbakhab1/dev/project/cache/sam3_masks_hierarchical_three_view/20251021_154414_7f5bd4cfcc395516.png,cache/dinov3_hierarchical_three_view_features_adapted_routed/20251021_154414_7f5bd4cfcc395516.npz,0.2611752,0.23742823,0.26362666,0.23776995,0.23776995,3,0.23742823,1,0.12747878,0,0.1336964,0,0.26362666,2,0.0,-1,0.0,-1,0.0,-1,0.0,-1,0.0,-1,0.0,-1,0.0,-1,0.0,-1,0.0,-1,0.0,-1,0.0,-1,0.0,-1,0.0,-1,0.0,-1,0.0,-1
2025_10_21_RSFB-Phenotyping_GG1_JLU/2025_10_21_RSFB-Phenotyping_GG1_JLU/20251021_154427.jpg,6.5,4.657323,-1.8426771,1.8426771,8,1.0,0.9882233463630201,0.9724988567042858,2,0.30593613,4,0.19345368,grid_crop_inset075,/home/nfs/data/nvme_datasets/Pictures_CFSB_leaf_damage/2025_10_21_RSFB-Phenotyping_GG1_JLU/2025_10_21_RSFB-Phenotyping_GG1_JLU/20251021_154427.jpg,/home/user/tabbakhab1/dev/project/cache/hierarchical_three_view_processed/20251021_154427_grid_058ee2327fe3.jpg,/home/user/tabbakhab1/dev/project/cache/sam3_masks_hierarchical_three_view/20251021_154427_20b3ae25d87fcae9.png,cache/dinov3_hierarchical_three_view_features_adapted_routed/20251021_154427_20b3ae25d87fcae9.npz,0.19320677,0.27993318,0.30593613,0.2209239,0.09147486,0,0.075092405,3,0.08647951,1,0.1179395,2,0.19345368,1,0.10173191,0,0.18799661,2,0.1458315,3,0.0,-1,0.0,-1,0.0,-1,0.0,-1,0.0,-1,0.0,-1,0.0,-1,0.0,-1,0.0,-1,0.0,-1,0.0,-1,0.0,-1
2025_10_21_RSFB-Phenotyping_GG1_JLU/2025_10_21_RSFB-Phenotyping_GG1_JLU/20251021_154436.jpg,2.5,3.2488275,0.74882746,0.74882746,4,1.0,0.9980502705209893,0.9980502705209893,2,0.26991168,3,0.26991168,grid_crop_inset075,/home/nfs/data/nvme_datasets/Pictures_CFSB_leaf_damage/2025_10_21_RSFB-Phenotyping_GG1_JLU/2025_10_21_RSFB-Phenotyping_GG1_JLU/20251021_154436.jpg,/home/user/tabbakhab1/dev/project/cache/hierarchical_three_view_processed/20251021_154436_grid_bbd09cc8c0cd.jpg,/home/user/tabbakhab1/dev/project/cache/sam3_masks_hierarchical_three_view/20251021_154436_beb932458c0e1217.png,cache/dinov3_hierarchical_three_view_features_adapted_routed/20251021_154436_beb932458c0e1217.npz,0.23190367,0.26676953,0.26991168,0.2314151,0.23190367,0,0.2314151,3,0.26676953,1,0.26991168,2,0.0,-1,0.0,-1,0.0,-1,0.0,-1,0.0,-1,0.0,-1,0.0,-1,0.0,-1,0.0,-1,0.0,-1,0.0,-1,0.0,-1,0.0,-1,0.0,-1,0.0,-1,0.0,-1
2025_10_21_RSFB-Phenotyping_GG1_JLU/2025_10_21_RSFB-Phenotyping_GG1_JLU/20251021_154443.jpg,3.75,6.1420555,2.3920555,2.3920555,7,1.0,0.9656668340079465,0.9616671082618699,2,0.3865529,3,0.26336607,grid_crop_inset075,/home/nfs/data/nvme_datasets/Pictures_CFSB_leaf_damage/2025_10_21_RSFB-Phenotyping_GG1_JLU/2025_10_21_RSFB-Phenotyping_GG1_JLU/20251021_154443.jpg,/home/user/tabbakhab1/dev/project/cache/hierarchical_three_view_processed/20251021_154443_grid_8b2f8dcc11dd.jpg,/home/user/tabbakhab1/dev/project/cache/sam3_masks_hierarchical_three_view/20251021_154443_027528e3f0f38e7a.png,cache/dinov3_hierarchical_three_view_features_adapted_routed/20251021_154443_027528e3f0f38e7a.npz,0.18548444,0.19880395,0.3865529,0.22915876,0.11349561,3,0.18548444,0,0.12318681,2,0.26336607,2,0.11566315,3,0.07521714,1,0.1235868,1,0.0,-1,0.0,-1,0.0,-1,0.0,-1,0.0,-1,0.0,-1,0.0,-1,0.0,-1,0.0,-1,0.0,-1,0.0,-1,0.0,-1,0.0,-1
2025_10_21_RSFB-Phenotyping_GG1_JLU/2025_10_21_RSFB-Phenotyping_GG1_JLU/20251021_155035.jpg,3.4999998,6.41894,2.9189403,2.9189403,2,1.0,0.9932030591919274,0.9738573397452022,2,0.30284366,0,0.5948973,grid_crop_inset075,/home/nfs/data/nvme_datasets/Pictures_CFSB_leaf_damage/2025_10_21_RSFB-Phenotyping_GG1_JLU/2025_10_21_RSFB-Phenotyping_GG1_JLU/20251021_155035.jpg,/home/user/tabbakhab1/dev/project/cache/hierarchical_three_view_processed/20251021_155035_grid_bb95bf8dc15e.jpg,/home/user/tabbakhab1/dev/project/cache/sam3_masks_hierarchical_three_view/20251021_155035_f20021557a83608f.png,cache/dinov3_hierarchical_three_view_features_adapted_routed/20251021_155035_f20021557a83608f.npz,0.24832799,0.24260323,0.30284366,0.20622517,0.5948973,2,0.4051027,3,0.0,-1,0.0,-1,0.0,-1,0.0,-1,0.0,-1,0.0,-1,0.0,-1,0.0,-1,0.0,-1,0.0,-1,0.0,-1,0.0,-1,0.0,-1,0.0,-1,0.0,-1,0.0,-1,0.0,-1,0.0,-1
2025_10_21_RSFB-Phenotyping_GG1_JLU/2025_10_21_RSFB-Phenotyping_GG1_JLU/20251021_155044.jpg,3.0,6.4016705,3.4016705,3.4016705,5,1.0,0.9653770329161478,0.9151663161606289,0,0.37324527,1,0.37324527,grid_crop_inset075,/home/nfs/data/nvme_datasets/Pictures_CFSB_leaf_damage/2025_10_21_RSFB-Phenotyping_GG1_JLU/2025_10_21_RSFB-Phenotyping_GG1_JLU/20251021_155044.jpg,/home/user/tabbakhab1/dev/project/cache/hierarchical_three_view_processed/20251021_155044_grid_be0cfe0d0b37.jpg,/home/user/tabbakhab1/dev/project/cache/sam3_masks_hierarchical_three_view/20251021_155044_a9c480a5a44d50f2.png,cache/dinov3_hierarchical_three_view_features_adapted_routed/20251021_155044_a9c480a5a44d50f2.npz,0.37324527,0.26247254,0.16870315,0.19557907,0.08811623,3,0.37324527,0,0.16870315,2,0.10746284,3,0.26247254,1,0.0,-1,0.0,-1,0.0,-1,0.0,-1,0.0,-1,0.0,-1,0.0,-1,0.0,-1,0.0,-1,0.0,-1,0.0,-1,0.0,-1,0.0,-1,0.0,-1,0.0,-1
2025_10_21_RSFB-Phenotyping_GG1_JLU/2025_10_21_RSFB-Phenotyping_GG1_JLU/20251021_155218.jpg,0.49999952,3.9661257,3.4661262,3.4661262,7,1.0,0.9970066301590902,0.9544390676322827,2,0.27571237,5,0.23523447,grid_crop_inset075,/home/nfs/data/nvme_datasets/Pictures_CFSB_leaf_damage/2025_10_21_RSFB-Phenotyping_GG1_JLU/2025_10_21_RSFB-Phenotyping_GG1_JLU/20251021_155218.jpg,/home/user/tabbakhab1/dev/project/cache/hierarchical_three_view_processed/20251021_155218_grid_beab36688601.jpg,/home/user/tabbakhab1/dev/project/cache/sam3_masks_hierarchical_three_view/20251021_155218_2babece28e95e0e3.png,cache/dinov3_hierarchical_three_view_features_adapted_routed/20251021_155218_2babece28e95e0e3.npz,0.23523447,0.22080444,0.27571237,0.2682487,0.110260084,2,0.22080444,1,0.09032532,2,0.07512698,2,0.09709146,3,0.23523447,0,0.17115726,3,0.0,-1,0.0,-1,0.0,-1,0.0,-1,0.0,-1,0.0,-1,0.0,-1,0.0,-1,0.0,-1,0.0,-1,0.0,-1,0.0,-1,0.0,-1
2025_10_21_RSFB-Phenotyping_GG1_JLU/2025_10_21_RSFB-Phenotyping_GG1_JLU/20251021_155505.jpg,3.75,3.4016836,-0.34831643,0.34831643,5,1.0,0.995206229418435,0.9835137251707012,1,0.29344735,2,0.25938952,grid_crop_inset075,/home/nfs/data/nvme_datasets/Pictures_CFSB_leaf_damage/2025_10_21_RSFB-Phenotyping_GG1_JLU/2025_10_21_RSFB-Phenotyping_GG1_JLU/20251021_155505.jpg,/home/user/tabbakhab1/dev/project/cache/hierarchical_three_view_processed/20251021_155505_grid_be432bc27be7.jpg,/home/user/tabbakhab1/dev/project/cache/sam3_masks_hierarchical_three_view/20251021_155505_2ae135a1f603ebbb.png,cache/dinov3_hierarchical_three_view_features_adapted_routed/20251021_155505_2ae135a1f603ebbb.npz,0.22292398,0.29344735,0.2593895,0.22423919,0.2242392,3,0.14208458,1,0.25938952,2,0.222924,0,0.15136278,1,0.0,-1,0.0,-1,0.0,-1,0.0,-1,0.0,-1,0.0,-1,0.0,-1,0.0,-1,0.0,-1,0.0,-1,0.0,-1,0.0,-1,0.0,-1,0.0,-1,0.0,-1
2025_10_21_RSFB-Phenotyping_GG1_JLU/2025_10_21_RSFB-Phenotyping_GG1_JLU/20251021_155512.jpg,8.0,8.022864,0.022864342,0.022864342,6,1.0,0.9978313758653894,0.9677021621272207,3,0.2765145,4,0.2606562,grid_crop_inset075,/home/nfs/data/nvme_datasets/Pictures_CFSB_leaf_damage/2025_10_21_RSFB-Phenotyping_GG1_JLU/2025_10_21_RSFB-Phenotyping_GG1_JLU/20251021_155512.jpg,/home/user/tabbakhab1/dev/project/cache/hierarchical_three_view_processed/20251021_155512_grid_48a36a211b81.jpg,/home/user/tabbakhab1/dev/project/cache/sam3_masks_hierarchical_three_view/20251021_155512_42d2c4fe7825b30a.png,cache/dinov3_hierarchical_three_view_features_adapted_routed/20251021_155512_42d2c4fe7825b30a.npz,0.26065618,0.23262793,0.23020136,0.2765145,0.13216007,1,0.10046788,1,0.14271294,3,0.23020138,2,0.2606562,0,0.1338016,3,0.0,-1,0.0,-1,0.0,-1,0.0,-1,0.0,-1,0.0,-1,0.0,-1,0.0,-1,0.0,-1,0.0,-1,0.0,-1,0.0,-1,0.0,-1,0.0,-1
2025_10_21_RSFB-Phenotyping_GG1_JLU/2025_10_21_RSFB-Phenotyping_GG1_JLU/20251021_155659.jpg,12.5,12.768143,0.2681427,0.2681427,7,1.0,0.9890778226473852,0.9695884981654873,2,0.30484062,6,0.21840303,grid_crop_inset075,/home/nfs/data/nvme_datasets/Pictures_CFSB_leaf_damage/2025_10_21_RSFB-Phenotyping_GG1_JLU/2025_10_21_RSFB-Phenotyping_GG1_JLU/20251021_155659.jpg,/home/user/tabbakhab1/dev/project/cache/hierarchical_three_view_processed/20251021_155659_grid_332d17076031.jpg,/home/user/tabbakhab1/dev/project/cache/sam3_masks_hierarchical_three_view/20251021_155659_b1f10a49a7088852.png,cache/dinov3_hierarchical_three_view_features_adapted_routed/20251021_155659_b1f10a49a7088852.npz,0.21840303,0.27880138,0.30484062,0.19795498,0.1090332,2,0.12313094,2,0.16723934,1,0.11156204,1,0.072676495,2,0.19795498,3,0.21840303,0,0.0,-1,0.0,-1,0.0,-1,0.0,-1,0.0,-1,0.0,-1,0.0,-1,0.0,-1,0.0,-1,0.0,-1,0.0,-1,0.0,-1,0.0,-1
2025_10_21_RSFB-Phenotyping_GG1_JLU/2025_10_21_RSFB-Phenotyping_GG1_JLU/20251021_155710.jpg,18.25,9.341933,-8.908067,8.908067,6,1.0,0.9807263008897411,0.9842655155644704,1,0.3321615,5,0.22449976,grid_crop_inset075,/home/nfs/data/nvme_datasets/Pictures_CFSB_leaf_damage/2025_10_21_RSFB-Phenotyping_GG1_JLU/2025_10_21_RSFB-Phenotyping_GG1_JLU/20251021_155710.jpg,/home/user/tabbakhab1/dev/project/cache/hierarchical_three_view_processed/20251021_155710_grid_1967752da6ad.jpg,/home/user/tabbakhab1/dev/project/cache/sam3_masks_hierarchical_three_view/20251021_155710_8cff86e6fa0e77be.png,cache/dinov3_hierarchical_three_view_features_adapted_routed/20251021_155710_8cff86e6fa0e77be.npz,0.22449976,0.3321615,0.26812205,0.17521666,0.17521666,3,0.17394152,2,0.09418052,2,0.16890395,1,0.16325754,1,0.22449976,0,0.0,-1,0.0,-1,0.0,-1,0.0,-1,0.0,-1,0.0,-1,0.0,-1,0.0,-1,0.0,-1,0.0,-1,0.0,-1,0.0,-1,0.0,-1,0.0,-1
2025_10_21_RSFB-Phenotyping_GG1_JLU/2025_10_21_RSFB-Phenotyping_GG1_JLU/20251021_155718.jpg,9.5,9.138641,-0.36135864,0.36135864,10,1.0,0.9820843870020188,0.9872011540584583,3,0.3171064,7,0.1419722,grid_crop_inset075,/home/nfs/data/nvme_datasets/Pictures_CFSB_leaf_damage/2025_10_21_RSFB-Phenotyping_GG1_JLU/2025_10_21_RSFB-Phenotyping_GG1_JLU/20251021_155718.jpg,/home/user/tabbakhab1/dev/project/cache/hierarchical_three_view_processed/20251021_155718_grid_af39beb8c12a.jpg,/home/user/tabbakhab1/dev/project/cache/sam3_masks_hierarchical_three_view/20251021_155718_525e61207262a23f.png,cache/dinov3_hierarchical_three_view_features_adapted_routed/20251021_155718_525e61207262a23f.npz,0.19830208,0.29265866,0.19193292,0.3171064,0.07677732,1,0.073909104,1,0.10428383,3,0.12811673,3,0.07263223,0,0.084705815,3,0.07989483,2,0.1419722,1,0.11203807,2,0.12566982,0,0.0,-1,0.0,-1,0.0,-1,0.0,-1,0.0,-1,0.0,-1,0.0,-1,0.0,-1,0.0,-1,0.0,-1
2025_10_21_RSFB-Phenotyping_GG1_JLU/2025_10_21_RSFB-Phenotyping_GG1_JLU/20251021_160541.jpg,3.75,8.21766,4.46766,4.46766,6,1.0,0.9569244170002866,0.8944337276598974,2,0.40499264,5,0.40499264,grid_crop_inset075,/home/nfs/data/nvme_datasets/Pictures_CFSB_leaf_damage/2025_10_21_RSFB-Phenotyping_GG1_JLU/2025_10_21_RSFB-Phenotyping_GG1_JLU/20251021_160541.jpg,/home/user/tabbakhab1/dev/project/cache/hierarchical_three_view_processed/20251021_160541_grid_079e1efda3c0.jpg,/home/user/tabbakhab1/dev/project/cache/sam3_masks_hierarchical_three_view/20251021_160541_1f1156a340e69557.png,cache/dinov3_hierarchical_three_view_features_adapted_routed/20251021_160541_1f1156a340e69557.npz,0.18219598,0.19142409,0.40499264,0.22138733,0.19142409,1,0.13041753,3,0.087070465,0,0.09512551,0,0.09096979,3,0.40499264,2,0.0,-1,0.0,-1,0.0,-1,0.0,-1,0.0,-1,0.0,-1,0.0,-1,0.0,-1,0.0,-1,0.0,-1,0.0,-1,0.0,-1,0.0,-1,0.0,-1
2025_10_21_RSFB-Phenotyping_GG1_JLU/2025_10_21_RSFB-Phenotyping_GG1_JLU/20251021_160549.jpg,1.75,3.3816547,1.6316547,1.6316547,4,1.0,0.9964518122813257,0.9589933296255307,1,0.29012355,2,0.35129985,grid_crop_inset075,/home/nfs/data/nvme_datasets/Pictures_CFSB_leaf_damage/2025_10_21_RSFB-Phenotyping_GG1_JLU/2025_10_21_RSFB-Phenotyping_GG1_JLU/20251021_160549.jpg,/home/user/tabbakhab1/dev/project/cache/hierarchical_three_view_processed/20251021_160549_grid_999f90f27121.jpg,/home/user/tabbakhab1/dev/project/cache/sam3_masks_hierarchical_three_view/20251021_160549_a6ae8156f96ae2e9.png,cache/dinov3_hierarchical_three_view_features_adapted_routed/20251021_160549_a6ae8156f96ae2e9.npz,0.22259264,0.29012355,0.24937947,0.23790434,0.17559102,3,0.31356534,0,0.35129985,2,0.15954386,3,0.0,-1,0.0,-1,0.0,-1,0.0,-1,0.0,-1,0.0,-1,0.0,-1,0.0,-1,0.0,-1,0.0,-1,0.0,-1,0.0,-1,0.0,-1,0.0,-1,0.0,-1,0.0,-1
2025_10_21_RSFB-Phenotyping_GG1_JLU/2025_10_21_RSFB-Phenotyping_GG1_JLU/20251021_160559.jpg,2.0,7.0088625,5.0088625,5.0088625,5,1.0,0.9989600732721485,0.986734281842206,3,0.263876,3,0.2698893,grid_crop_inset075,/home/nfs/data/nvme_datasets/Pictures_CFSB_leaf_damage/2025_10_21_RSFB-Phenotyping_GG1_JLU/2025_10_21_RSFB-Phenotyping_GG1_JLU/20251021_160559.jpg,/home/user/tabbakhab1/dev/project/cache/hierarchical_three_view_processed/20251021_160559_grid_b5dc4ef5e34a.jpg,/home/user/tabbakhab1/dev/project/cache/sam3_masks_hierarchical_three_view/20251021_160559_18f0740c6a88d1de.png,cache/dinov3_hierarchical_three_view_features_adapted_routed/20251021_160559_18f0740c6a88d1de.npz,0.25158784,0.22820467,0.25633147,0.263876,0.15526673,3,0.18682756,3,0.16515717,3,0.2698893,2,0.22285926,2,0.0,-1,0.0,-1,0.0,-1,0.0,-1,0.0,-1,0.0,-1,0.0,-1,0.0,-1,0.0,-1,0.0,-1,0.0,-1,0.0,-1,0.0,-1,0.0,-1,0.0,-1
2025_10_21_RSFB-Phenotyping_GG1_JLU/2025_10_21_RSFB-Phenotyping_GG1_JLU/20251021_160732.jpg,1.25,2.714726,1.464726,1.464726,6,1.0,0.998033373251928,0.9940708541674157,3,0.27726483,5,0.21768984,grid_crop_inset075,/home/nfs/data/nvme_datasets/Pictures_CFSB_leaf_damage/2025_10_21_RSFB-Phenotyping_GG1_JLU/2025_10_21_RSFB-Phenotyping_GG1_JLU/20251021_160732.jpg,/home/user/tabbakhab1/dev/project/cache/hierarchical_three_view_processed/20251021_160732_grid_9a1276f9246f.jpg,/home/user/tabbakhab1/dev/project/cache/sam3_masks_hierarchical_three_view/20251021_160732_8fc92d4b1b1bd87b.png,cache/dinov3_hierarchical_three_view_features_adapted_routed/20251021_160732_8fc92d4b1b1bd87b.npz,0.23244223,0.23338495,0.256908,0.27726483,0.15380915,0,0.15626697,1,0.13777645,2,0.16780552,0,0.16665208,1,0.21768984,2,0.0,-1,0.0,-1,0.0,-1,0.0,-1,0.0,-1,0.0,-1,0.0,-1,0.0,-1,0.0,-1,0.0,-1,0.0,-1,0.0,-1,0.0,-1,0.0,-1
2025_10_21_RSFB-Phenotyping_GG1_JLU/2025_10_21_RSFB-Phenotyping_GG1_JLU/20251021_160738.jpg,2.25,2.2386627,-0.01133728,0.01133728,3,1.0,0.992102332092694,0.9356928416137449,3,0.28802705,2,0.5162025,grid_crop_inset075,/home/nfs/data/nvme_datasets/Pictures_CFSB_leaf_damage/2025_10_21_RSFB-Phenotyping_GG1_JLU/2025_10_21_RSFB-Phenotyping_GG1_JLU/20251021_160738.jpg,/home/user/tabbakhab1/dev/project/cache/hierarchical_three_view_processed/20251021_160738_grid_44f574580e6c.jpg,/home/user/tabbakhab1/dev/project/cache/sam3_masks_hierarchical_three_view/20251021_160738_45c54395b81fe346.png,cache/dinov3_hierarchical_three_view_features_adapted_routed/20251021_160738_45c54395b81fe346.npz,0.28504205,0.2065481,0.22038281,0.28802705,0.24244918,1,0.2413483,1,0.5162025,2,0.0,-1,0.0,-1,0.0,-1,0.0,-1,0.0,-1,0.0,-1,0.0,-1,0.0,-1,0.0,-1,0.0,-1,0.0,-1,0.0,-1,0.0,-1,0.0,-1,0.0,-1,0.0,-1,0.0,-1
2025_10_21_RSFB-Phenotyping_GG1_JLU/2025_10_21_RSFB-Phenotyping_GG1_JLU/20251021_160745.jpg,7.75,3.793923,-3.956077,3.956077,8,1.0,0.9923488490820164,0.9687436797676424,2,0.29072067,7,0.18907297,grid_crop_inset075,/home/nfs/data/nvme_datasets/Pictures_CFSB_leaf_damage/2025_10_21_RSFB-Phenotyping_GG1_JLU/2025_10_21_RSFB-Phenotyping_GG1_JLU/20251021_160745.jpg,/home/user/tabbakhab1/dev/project/cache/hierarchical_three_view_processed/20251021_160745_grid_4d88e681161f.jpg,/home/user/tabbakhab1/dev/project/cache/sam3_masks_hierarchical_three_view/20251021_160745_427a9ee5917ee1fd.png,cache/dinov3_hierarchical_three_view_features_adapted_routed/20251021_160745_427a9ee5917ee1fd.npz,0.26329237,0.19287172,0.29072067,0.25311518,0.08850672,1,0.06995492,3,0.18316028,3,0.104365006,1,0.13017955,2,0.0742194,0,0.16054112,2,0.18907297,0,0.0,-1,0.0,-1,0.0,-1,0.0,-1,0.0,-1,0.0,-1,0.0,-1,0.0,-1,0.0,-1,0.0,-1,0.0,-1,0.0,-1
2025_10_21_RSFB-Phenotyping_GG1_JLU/2025_10_21_RSFB-Phenotyping_GG1_JLU/20251021_162301.jpg,1.5,3.679221,2.179221,2.179221,5,1.0,0.9966898174449866,0.9726360886598323,1,0.27442512,0,0.29244405,grid_crop_inset075,/home/nfs/data/nvme_datasets/Pictures_CFSB_leaf_damage/2025_10_21_RSFB-Phenotyping_GG1_JLU/2025_10_21_RSFB-Phenotyping_GG1_JLU/20251021_162301.jpg,/home/user/tabbakhab1/dev/project/cache/hierarchical_three_view_processed/20251021_162301_grid_18b06b17d695.jpg,/home/user/tabbakhab1/dev/project/cache/sam3_masks_hierarchical_three_view/20251021_162301_6a0b0d759e366a39.png,cache/dinov3_hierarchical_three_view_features_adapted_routed/20251021_162301_6a0b0d759e366a39.npz,0.26453885,0.27442512,0.21219009,0.24884598,0.29244405,2,0.12836573,0,0.14779492,3,0.19516894,3,0.23622632,0,0.0,-1,0.0,-1,0.0,-1,0.0,-1,0.0,-1,0.0,-1,0.0,-1,0.0,-1,0.0,-1,0.0,-1,0.0,-1,0.0,-1,0.0,-1,0.0,-1,0.0,-1
2025_10_21_RSFB-Phenotyping_GG1_JLU/2025_10_21_RSFB-Phenotyping_GG1_JLU/20251021_162313.jpg,1.75,2.3536525,0.6036525,0.6036525,4,1.0,0.9962677608228315,0.9439092518910639,1,0.28511867,3,0.36672446,grid_crop_inset075,/home/nfs/data/nvme_datasets/Pictures_CFSB_leaf_damage/2025_10_21_RSFB-Phenotyping_GG1_JLU/2025_10_21_RSFB-Phenotyping_GG1_JLU/20251021_162313.jpg,/home/user/tabbakhab1/dev/project/cache/hierarchical_three_view_processed/20251021_162313_grid_aa195bd2ec88.jpg,/home/user/tabbakhab1/dev/project/cache/sam3_masks_hierarchical_three_view/20251021_162313_618bd83c296bc4f4.png,cache/dinov3_hierarchical_three_view_features_adapted_routed/20251021_162313_618bd83c296bc4f4.npz,0.2193927,0.28511867,0.23332419,0.26216447,0.32638168,2,0.15556131,0,0.15133254,0,0.36672446,3,0.0,-1,0.0,-1,0.0,-1,0.0,-1,0.0,-1,0.0,-1,0.0,-1,0.0,-1,0.0,-1,0.0,-1,0.0,-1,0.0,-1,0.0,-1,0.0,-1,0.0,-1,0.0,-1
2025_10_21_RSFB-Phenotyping_GG1_JLU/2025_10_21_RSFB-Phenotyping_GG1_JLU/20251021_162321.jpg,1.6999998,3.38133,1.6813302,1.6813302,6,1.0,0.9961368033428821,0.9193953949820741,2,0.2760252,5,0.37045184,grid_crop_inset075,/home/nfs/data/nvme_datasets/Pictures_CFSB_leaf_damage/2025_10_21_RSFB-Phenotyping_GG1_JLU/2025_10_21_RSFB-Phenotyping_GG1_JLU/20251021_162321.jpg,/home/user/tabbakhab1/dev/project/cache/hierarchical_three_view_processed/20251021_162321_grid_44f9b607b184.jpg,/home/user/tabbakhab1/dev/project/cache/sam3_masks_hierarchical_three_view/20251021_162321_05beb108a9a56ec0.png,cache/dinov3_hierarchical_three_view_features_adapted_routed/20251021_162321_05beb108a9a56ec0.npz,0.2681978,0.21014592,0.2760252,0.24563108,0.17619242,3,0.09336576,1,0.16308886,3,0.10042957,1,0.09647155,1,0.37045184,0,0.0,-1,0.0,-1,0.0,-1,0.0,-1,0.0,-1,0.0,-1,0.0,-1,0.0,-1,0.0,-1,0.0,-1,0.0,-1,0.0,-1,0.0,-1,0.0,-1
2025_10_21_RSFB-Phenotyping_GG1_JLU/2025_10_21_RSFB-Phenotyping_GG1_JLU/20251021_162630.jpg,17.25,17.947208,0.6972084,0.6972084,4,1.0,0.9735229638974517,0.9735229638974517,2,0.30496758,2,0.30496758,grid_crop_inset075,/home/nfs/data/nvme_datasets/Pictures_CFSB_leaf_damage/2025_10_21_RSFB-Phenotyping_GG1_JLU/2025_10_21_RSFB-Phenotyping_GG1_JLU/20251021_162630.jpg,/home/user/tabbakhab1/dev/project/cache/hierarchical_three_view_processed/20251021_162630_grid_626e84c6b0dc.jpg,/home/user/tabbakhab1/dev/project/cache/sam3_masks_hierarchical_three_view/20251021_162630_51e071e22b3cde2b.png,cache/dinov3_hierarchical_three_view_features_adapted_routed/20251021_162630_51e071e22b3cde2b.npz,0.27902827,0.14103226,0.30496758,0.2749719,0.14103226,1,0.27902827,0,0.30496758,2,0.2749719,3,0.0,-1,0.0,-1,0.0,-1,0.0,-1,0.0,-1,0.0,-1,0.0,-1,0.0,-1,0.0,-1,0.0,-1,0.0,-1,0.0,-1,0.0,-1,0.0,-1,0.0,-1,0.0,-1
2025_10_21_RSFB-Phenotyping_GG1_JLU/2025_10_21_RSFB-Phenotyping_GG1_JLU/20251021_162638.jpg,2.0,3.2405977,1.2405977,1.2405977,7,1.0,0.9993250541863714,0.9515811801124001,2,0.2617563,1,0.2405064,grid_crop_inset075,/home/nfs/data/nvme_datasets/Pictures_CFSB_leaf_damage/2025_10_21_RSFB-Phenotyping_GG1_JLU/2025_10_21_RSFB-Phenotyping_GG1_JLU/20251021_162638.jpg,/home/user/tabbakhab1/dev/project/cache/hierarchical_three_view_processed/20251021_162638_grid_c90ad1152a98.jpg,/home/user/tabbakhab1/dev/project/cache/sam3_masks_hierarchical_three_view/20251021_162638_79e8142b708dc637.png,cache/dinov3_hierarchical_three_view_features_adapted_routed/20251021_162638_79e8142b708dc637.npz,0.2405064,0.25974837,0.2617563,0.23798896,0.09084395,2,0.2405064,0,0.08650068,2,0.23798896,3,0.117626086,1,0.08441166,2,0.14212228,1,0.0,-1,0.0,-1,0.0,-1,0.0,-1,0.0,-1,0.0,-1,0.0,-1,0.0,-1,0.0,-1,0.0,-1,0.0,-1,0.0,-1,0.0,-1
2025_10_21_RSFB-Phenotyping_GG1_JLU/2025_10_21_RSFB-Phenotyping_GG1_JLU/20251021_162646.jpg,13.5,11.03804,-2.4619598,2.4619598,6,1.0,0.9777894174073037,0.9044754470927252,3,0.30190313,5,0.30190313,grid_crop_inset075,/home/nfs/data/nvme_datasets/Pictures_CFSB_leaf_damage/2025_10_21_RSFB-Phenotyping_GG1_JLU/2025_10_21_RSFB-Phenotyping_GG1_JLU/20251021_162646.jpg,/home/user/tabbakhab1/dev/project/cache/hierarchical_three_view_processed/20251021_162646_grid_dccafdc5d656.jpg,/home/user/tabbakhab1/dev/project/cache/sam3_masks_hierarchical_three_view/20251021_162646_86db34f54d2376fa.png,cache/dinov3_hierarchical_three_view_features_adapted_routed/20251021_162646_86db34f54d2376fa.npz,0.2979068,0.15399171,0.24619842,0.30190313,0.059704497,2,0.15399171,1,0.086082175,2,0.10041173,2,0.2979068,0,0.30190313,3,0.0,-1,0.0,-1,0.0,-1,0.0,-1,0.0,-1,0.0,-1,0.0,-1,0.0,-1,0.0,-1,0.0,-1,0.0,-1,0.0,-1,0.0,-1,0.0,-1
2025_10_21_RSFB-Phenotyping_GG1_JLU/2025_10_21_RSFB-Phenotyping_GG1_JLU/20251021_162707.jpg,14.0,6.146162,-7.853838,7.853838,4,1.0,0.9858704380623675,0.9858704380623675,3,0.31109518,0,0.31109518,grid_crop_inset075,/home/nfs/data/nvme_datasets/Pictures_CFSB_leaf_damage/2025_10_21_RSFB-Phenotyping_GG1_JLU/2025_10_21_RSFB-Phenotyping_GG1_JLU/20251021_162707.jpg,/home/user/tabbakhab1/dev/project/cache/hierarchical_three_view_processed/20251021_162707_grid_3b3a7c368fed.jpg,/home/user/tabbakhab1/dev/project/cache/sam3_masks_hierarchical_three_view/20251021_162707_a66abd965cb50214.png,cache/dinov3_hierarchical_three_view_features_adapted_routed/20251021_162707_a66abd965cb50214.npz,0.18354611,0.22564478,0.2797139,0.31109518,0.31109518,3,0.22564478,1,0.18354611,0,0.2797139,2,0.0,-1,0.0,-1,0.0,-1,0.0,-1,0.0,-1,0.0,-1,0.0,-1,0.0,-1,0.0,-1,0.0,-1,0.0,-1,0.0,-1,0.0,-1,0.0,-1,0.0,-1,0.0,-1
2025_10_21_RSFB-Phenotyping_GG1_JLU/2025_10_21_RSFB-Phenotyping_GG1_JLU/20251021_162717.jpg,19.25,17.913132,-1.3368683,1.3368683,6,1.0,0.9839597057609274,0.9569139485227253,1,0.3032167,2,0.3032167,grid_crop_inset075,/home/nfs/data/nvme_datasets/Pictures_CFSB_leaf_damage/2025_10_21_RSFB-Phenotyping_GG1_JLU/2025_10_21_RSFB-Phenotyping_GG1_JLU/20251021_162717.jpg,/home/user/tabbakhab1/dev/project/cache/hierarchical_three_view_processed/20251021_162717_grid_c3ba8d1b614c.jpg,/home/user/tabbakhab1/dev/project/cache/sam3_masks_hierarchical_three_view/20251021_162717_385d49f9badfeacb.png,cache/dinov3_hierarchical_three_view_features_adapted_routed/20251021_162717_385d49f9badfeacb.npz,0.1719692,0.3032167,0.23610218,0.28871194,0.16473673,3,0.08329737,2,0.3032167,1,0.123975195,3,0.15280482,2,0.1719692,0,0.0,-1,0.0,-1,0.0,-1,0.0,-1,0.0,-1,0.0,-1,0.0,-1,0.0,-1,0.0,-1,0.0,-1,0.0,-1,0.0,-1,0.0,-1,0.0,-1
