filename,target,prediction,residual,image_path
20251021_122843,12.25,8.89777,-3.35223,/home/nfs/data/nvme_datasets/Pictures_CFSB_leaf_damage/RSFB-Phenotyping_training_set/RSFB-Phenotyping_training_set/20251021_122843.jpg
20251021_123838,4.75,8.898009,4.1480093,/home/nfs/data/nvme_datasets/Pictures_CFSB_leaf_damage/RSFB-Phenotyping_training_set/RSFB-Phenotyping_training_set/20251021_123838.jpg
20251021_121858,44.0,10.1529045,-33.847095,/home/nfs/data/nvme_datasets/Pictures_CFSB_leaf_damage/RSFB-Phenotyping_training_set/RSFB-Phenotyping_training_set/20251021_121858.jpg
20251021_162459,1.5,6.4109306,4.9109306,/home/nfs/data/nvme_datasets/Pictures_CFSB_leaf_damage/RSFB-Phenotyping_training_set/RSFB-Phenotyping_training_set/20251021_162459.jpg
20251021_162013,1.0,6.1122017,5.1122017,/home/nfs/data/nvme_datasets/Pictures_CFSB_leaf_damage/RSFB-Phenotyping_training_set/RSFB-Phenotyping_training_set/20251021_162013.jpg
20251021_132836,7.5,8.516255,1.0162554,/home/nfs/data/nvme_datasets/Pictures_CFSB_leaf_damage/RSFB-Phenotyping_training_set/RSFB-Phenotyping_training_set/20251021_132836.jpg
20251021_132147,6.5,3.6309297,-2.8690703,/home/nfs/data/nvme_datasets/Pictures_CFSB_leaf_damage/RSFB-Phenotyping_training_set/RSFB-Phenotyping_training_set/20251021_132147.jpg
20251021_121100,19.5,9.148481,-10.351519,/home/nfs/data/nvme_datasets/Pictures_CFSB_leaf_damage/RSFB-Phenotyping_training_set/RSFB-Phenotyping_training_set/20251021_121100.jpg
20251021_160342,8.75,4.793941,-3.956059,/home/nfs/data/nvme_datasets/Pictures_CFSB_leaf_damage/RSFB-Phenotyping_training_set/RSFB-Phenotyping_training_set/20251021_160342.jpg
20251021_123809,4.75,10.493156,5.7431564,/home/nfs/data/nvme_datasets/Pictures_CFSB_leaf_damage/RSFB-Phenotyping_training_set/RSFB-Phenotyping_training_set/20251021_123809.jpg
20251021_124030,1.5,8.221573,6.721573,/home/nfs/data/nvme_datasets/Pictures_CFSB_leaf_damage/RSFB-Phenotyping_training_set/RSFB-Phenotyping_training_set/20251021_124030.jpg
20251021_162400,0.7500005,6.149333,5.3993325,/home/nfs/data/nvme_datasets/Pictures_CFSB_leaf_damage/RSFB-Phenotyping_training_set/RSFB-Phenotyping_training_set/20251021_162400.jpg
20251021_161432,3.25,9.576846,6.326846,/home/nfs/data/nvme_datasets/Pictures_CFSB_leaf_damage/RSFB-Phenotyping_training_set/RSFB-Phenotyping_training_set/20251021_161432.jpg
20251021_162121,3.0,4.0398674,1.0398674,/home/nfs/data/nvme_datasets/Pictures_CFSB_leaf_damage/RSFB-Phenotyping_training_set/RSFB-Phenotyping_training_set/20251021_162121.jpg
20251021_162816,1.75,5.707684,3.957684,/home/nfs/data/nvme_datasets/Pictures_CFSB_leaf_damage/RSFB-Phenotyping_training_set/RSFB-Phenotyping_training_set/20251021_162816.jpg
20251021_161816,2.5,4.0537214,1.5537214,/home/nfs/data/nvme_datasets/Pictures_CFSB_leaf_damage/RSFB-Phenotyping_training_set/RSFB-Phenotyping_training_set/20251021_161816.jpg
20251021_130515,15.75,7.3488975,-8.401102,/home/nfs/data/nvme_datasets/Pictures_CFSB_leaf_damage/RSFB-Phenotyping_training_set/RSFB-Phenotyping_training_set/20251021_130515.jpg
20251021_124556,8.75,6.535635,-2.214365,/home/nfs/data/nvme_datasets/Pictures_CFSB_leaf_damage/RSFB-Phenotyping_training_set/RSFB-Phenotyping_training_set/20251021_124556.jpg
20251021_162027,5.05,5.436944,0.38694382,/home/nfs/data/nvme_datasets/Pictures_CFSB_leaf_damage/RSFB-Phenotyping_training_set/RSFB-Phenotyping_training_set/20251021_162027.jpg
20251021_124023,2.75,7.747358,4.997358,/home/nfs/data/nvme_datasets/Pictures_CFSB_leaf_damage/RSFB-Phenotyping_training_set/RSFB-Phenotyping_training_set/20251021_124023.jpg
20251021_120858,10.25,7.938221,-2.311779,/home/nfs/data/nvme_datasets/Pictures_CFSB_leaf_damage/RSFB-Phenotyping_training_set/RSFB-Phenotyping_training_set/20251021_120858.jpg
20251021_163014,18.75,7.4727297,-11.27727,/home/nfs/data/nvme_datasets/Pictures_CFSB_leaf_damage/RSFB-Phenotyping_training_set/RSFB-Phenotyping_training_set/20251021_163014.jpg
20251021_121149,16.0,9.573523,-6.4264774,/home/nfs/data/nvme_datasets/Pictures_CFSB_leaf_damage/RSFB-Phenotyping_training_set/RSFB-Phenotyping_training_set/20251021_121149.jpg
20251021_151843,28.0,7.1126127,-20.887386,/home/nfs/data/nvme_datasets/Pictures_CFSB_leaf_damage/RSFB-Phenotyping_training_set/RSFB-Phenotyping_training_set/20251021_151843.jpg
20251021_123915,14.25,9.888383,-4.361617,/home/nfs/data/nvme_datasets/Pictures_CFSB_leaf_damage/RSFB-Phenotyping_training_set/RSFB-Phenotyping_training_set/20251021_123915.jpg
20251021_132117,4.25,7.8730865,3.6230865,/home/nfs/data/nvme_datasets/Pictures_CFSB_leaf_damage/RSFB-Phenotyping_training_set/RSFB-Phenotyping_training_set/20251021_132117.jpg
20251021_162332,8.5,5.8789663,-2.6210337,/home/nfs/data/nvme_datasets/Pictures_CFSB_leaf_damage/RSFB-Phenotyping_training_set/RSFB-Phenotyping_training_set/20251021_162332.jpg
20251021_123858,13.5,8.375691,-5.1243086,/home/nfs/data/nvme_datasets/Pictures_CFSB_leaf_damage/RSFB-Phenotyping_training_set/RSFB-Phenotyping_training_set/20251021_123858.jpg
20251021_121804,12.75,10.96682,-1.7831802,/home/nfs/data/nvme_datasets/Pictures_CFSB_leaf_damage/RSFB-Phenotyping_training_set/RSFB-Phenotyping_training_set/20251021_121804.jpg
20251021_131138,3.0,9.088762,6.0887623,/home/nfs/data/nvme_datasets/Pictures_CFSB_leaf_damage/RSFB-Phenotyping_training_set/RSFB-Phenotyping_training_set/20251021_131138.jpg
20251021_125125,1.5499997,7.3788075,5.828808,/home/nfs/data/nvme_datasets/Pictures_CFSB_leaf_damage/RSFB-Phenotyping_training_set/RSFB-Phenotyping_training_set/20251021_125125.jpg
20251021_151533,1.5,5.914226,4.414226,/home/nfs/data/nvme_datasets/Pictures_CFSB_leaf_damage/RSFB-Phenotyping_training_set/RSFB-Phenotyping_training_set/20251021_151533.jpg
20251021_124852,3.25,7.3246846,4.0746846,/home/nfs/data/nvme_datasets/Pictures_CFSB_leaf_damage/RSFB-Phenotyping_training_set/RSFB-Phenotyping_training_set/20251021_124852.jpg
20251021_161402,4.5,6.5357485,2.0357485,/home/nfs/data/nvme_datasets/Pictures_CFSB_leaf_damage/RSFB-Phenotyping_training_set/RSFB-Phenotyping_training_set/20251021_161402.jpg
20251021_121345,13.0,7.9787583,-5.0212417,/home/nfs/data/nvme_datasets/Pictures_CFSB_leaf_damage/RSFB-Phenotyping_training_set/RSFB-Phenotyping_training_set/20251021_121345.jpg
20251021_122314,3.5,10.294742,6.7947416,/home/nfs/data/nvme_datasets/Pictures_CFSB_leaf_damage/RSFB-Phenotyping_training_set/RSFB-Phenotyping_training_set/20251021_122314.jpg
20251021_161010,1.5,6.118534,4.618534,/home/nfs/data/nvme_datasets/Pictures_CFSB_leaf_damage/RSFB-Phenotyping_training_set/RSFB-Phenotyping_training_set/20251021_161010.jpg
20251021_162958,11.75,7.8148875,-3.9351125,/home/nfs/data/nvme_datasets/Pictures_CFSB_leaf_damage/RSFB-Phenotyping_training_set/RSFB-Phenotyping_training_set/20251021_162958.jpg
20251021_154700,2.25,6.802192,4.552192,/home/nfs/data/nvme_datasets/Pictures_CFSB_leaf_damage/RSFB-Phenotyping_training_set/RSFB-Phenotyping_training_set/20251021_154700.jpg
20251021_125811,6.25,8.723083,2.4730825,/home/nfs/data/nvme_datasets/Pictures_CFSB_leaf_damage/RSFB-Phenotyping_training_set/RSFB-Phenotyping_training_set/20251021_125811.jpg
20251021_154058,2.25,11.141103,8.891103,/home/nfs/data/nvme_datasets/Pictures_CFSB_leaf_damage/RSFB-Phenotyping_training_set/RSFB-Phenotyping_training_set/20251021_154058.jpg
20251021_151943,2.25,4.636799,2.3867989,/home/nfs/data/nvme_datasets/Pictures_CFSB_leaf_damage/RSFB-Phenotyping_training_set/RSFB-Phenotyping_training_set/20251021_151943.jpg
20251021_130338,14.75,8.657677,-6.0923233,/home/nfs/data/nvme_datasets/Pictures_CFSB_leaf_damage/RSFB-Phenotyping_training_set/RSFB-Phenotyping_training_set/20251021_130338.jpg
20251021_130942,9.5,7.504641,-1.995359,/home/nfs/data/nvme_datasets/Pictures_CFSB_leaf_damage/RSFB-Phenotyping_training_set/RSFB-Phenotyping_training_set/20251021_130942.jpg
20251021_155710,18.25,8.277688,-9.972312,/home/nfs/data/nvme_datasets/Pictures_CFSB_leaf_damage/RSFB-Phenotyping_training_set/RSFB-Phenotyping_training_set/20251021_155710.jpg
20251021_125208,2.25,8.242534,5.9925337,/home/nfs/data/nvme_datasets/Pictures_CFSB_leaf_damage/RSFB-Phenotyping_training_set/RSFB-Phenotyping_training_set/20251021_125208.jpg
20251021_154436,2.5,7.65188,5.15188,/home/nfs/data/nvme_datasets/Pictures_CFSB_leaf_damage/RSFB-Phenotyping_training_set/RSFB-Phenotyping_training_set/20251021_154436.jpg
20251021_123831,3.75,8.693763,4.943763,/home/nfs/data/nvme_datasets/Pictures_CFSB_leaf_damage/RSFB-Phenotyping_training_set/RSFB-Phenotyping_training_set/20251021_123831.jpg
20251021_124506,9.0,9.853844,0.8538437,/home/nfs/data/nvme_datasets/Pictures_CFSB_leaf_damage/RSFB-Phenotyping_training_set/RSFB-Phenotyping_training_set/20251021_124506.jpg
20251021_125346,7.0,8.052705,1.0527048,/home/nfs/data/nvme_datasets/Pictures_CFSB_leaf_damage/RSFB-Phenotyping_training_set/RSFB-Phenotyping_training_set/20251021_125346.jpg
20251021_161705,17.0,5.659238,-11.340762,/home/nfs/data/nvme_datasets/Pictures_CFSB_leaf_damage/RSFB-Phenotyping_training_set/RSFB-Phenotyping_training_set/20251021_161705.jpg
20251021_153356,7.75,8.928896,1.178896,/home/nfs/data/nvme_datasets/Pictures_CFSB_leaf_damage/RSFB-Phenotyping_training_set/RSFB-Phenotyping_training_set/20251021_153356.jpg
20251021_131721,3.0,6.757748,3.7577481,/home/nfs/data/nvme_datasets/Pictures_CFSB_leaf_damage/RSFB-Phenotyping_training_set/RSFB-Phenotyping_training_set/20251021_131721.jpg
20251021_161525,4.75,5.0748205,0.32482052,/home/nfs/data/nvme_datasets/Pictures_CFSB_leaf_damage/RSFB-Phenotyping_training_set/RSFB-Phenotyping_training_set/20251021_161525.jpg
20251021_132518,5.0,5.091095,0.09109497,/home/nfs/data/nvme_datasets/Pictures_CFSB_leaf_damage/RSFB-Phenotyping_training_set/RSFB-Phenotyping_training_set/20251021_132518.jpg
20251021_125635,0.0,7.49667,7.49667,/home/nfs/data/nvme_datasets/Pictures_CFSB_leaf_damage/RSFB-Phenotyping_training_set/RSFB-Phenotyping_training_set/20251021_125635.jpg
20251021_124048,5.25,8.704363,3.4543629,/home/nfs/data/nvme_datasets/Pictures_CFSB_leaf_damage/RSFB-Phenotyping_training_set/RSFB-Phenotyping_training_set/20251021_124048.jpg
20251021_162202,2.0,9.701867,7.701867,/home/nfs/data/nvme_datasets/Pictures_CFSB_leaf_damage/RSFB-Phenotyping_training_set/RSFB-Phenotyping_training_set/20251021_162202.jpg
20251021_123500,7.0,9.11354,2.1135397,/home/nfs/data/nvme_datasets/Pictures_CFSB_leaf_damage/RSFB-Phenotyping_training_set/RSFB-Phenotyping_training_set/20251021_123500.jpg
20251021_130115,8.5,9.611142,1.1111422,/home/nfs/data/nvme_datasets/Pictures_CFSB_leaf_damage/RSFB-Phenotyping_training_set/RSFB-Phenotyping_training_set/20251021_130115.jpg
20251021_154427,6.5,8.234465,1.7344646,/home/nfs/data/nvme_datasets/Pictures_CFSB_leaf_damage/RSFB-Phenotyping_training_set/RSFB-Phenotyping_training_set/20251021_154427.jpg
20251021_154716,5.25,9.577807,4.3278074,/home/nfs/data/nvme_datasets/Pictures_CFSB_leaf_damage/RSFB-Phenotyping_training_set/RSFB-Phenotyping_training_set/20251021_154716.jpg
20251021_162906,4.25,5.7001133,1.4501133,/home/nfs/data/nvme_datasets/Pictures_CFSB_leaf_damage/RSFB-Phenotyping_training_set/RSFB-Phenotyping_training_set/20251021_162906.jpg
20251021_131002,3.75,7.370519,3.6205192,/home/nfs/data/nvme_datasets/Pictures_CFSB_leaf_damage/RSFB-Phenotyping_training_set/RSFB-Phenotyping_training_set/20251021_131002.jpg
20251021_124134,7.25,8.232887,0.98288727,/home/nfs/data/nvme_datasets/Pictures_CFSB_leaf_damage/RSFB-Phenotyping_training_set/RSFB-Phenotyping_training_set/20251021_124134.jpg
20251021_154753,3.5,7.8987145,4.3987145,/home/nfs/data/nvme_datasets/Pictures_CFSB_leaf_damage/RSFB-Phenotyping_training_set/RSFB-Phenotyping_training_set/20251021_154753.jpg
20251021_133005,24.5,7.1408014,-17.3592,/home/nfs/data/nvme_datasets/Pictures_CFSB_leaf_damage/RSFB-Phenotyping_training_set/RSFB-Phenotyping_training_set/20251021_133005.jpg
20251021_162800,3.75,9.334371,5.5843706,/home/nfs/data/nvme_datasets/Pictures_CFSB_leaf_damage/RSFB-Phenotyping_training_set/RSFB-Phenotyping_training_set/20251021_162800.jpg
20251021_132559,14.5,7.4164486,-7.0835514,/home/nfs/data/nvme_datasets/Pictures_CFSB_leaf_damage/RSFB-Phenotyping_training_set/RSFB-Phenotyping_training_set/20251021_132559.jpg
20251021_160615,2.0,10.248444,8.248444,/home/nfs/data/nvme_datasets/Pictures_CFSB_leaf_damage/RSFB-Phenotyping_training_set/RSFB-Phenotyping_training_set/20251021_160615.jpg
20251021_162506,5.0,6.6538334,1.6538334,/home/nfs/data/nvme_datasets/Pictures_CFSB_leaf_damage/RSFB-Phenotyping_training_set/RSFB-Phenotyping_training_set/20251021_162506.jpg
20251021_121253,8.5,8.512649,0.012648582,/home/nfs/data/nvme_datasets/Pictures_CFSB_leaf_damage/RSFB-Phenotyping_training_set/RSFB-Phenotyping_training_set/20251021_121253.jpg
20251021_130316,4.0,5.36397,1.3639698,/home/nfs/data/nvme_datasets/Pictures_CFSB_leaf_damage/RSFB-Phenotyping_training_set/RSFB-Phenotyping_training_set/20251021_130316.jpg
20251021_160632,1.75,9.935603,8.185603,/home/nfs/data/nvme_datasets/Pictures_CFSB_leaf_damage/RSFB-Phenotyping_training_set/RSFB-Phenotyping_training_set/20251021_160632.jpg
20251021_121432,17.0,9.075002,-7.9249983,/home/nfs/data/nvme_datasets/Pictures_CFSB_leaf_damage/RSFB-Phenotyping_training_set/RSFB-Phenotyping_training_set/20251021_121432.jpg
20251021_160958,3.5,10.514748,7.0147476,/home/nfs/data/nvme_datasets/Pictures_CFSB_leaf_damage/RSFB-Phenotyping_training_set/RSFB-Phenotyping_training_set/20251021_160958.jpg
20251021_155331,6.0,9.099835,3.0998354,/home/nfs/data/nvme_datasets/Pictures_CFSB_leaf_damage/RSFB-Phenotyping_training_set/RSFB-Phenotyping_training_set/20251021_155331.jpg
20251021_122853,9.25,7.368901,-1.8810992,/home/nfs/data/nvme_datasets/Pictures_CFSB_leaf_damage/RSFB-Phenotyping_training_set/RSFB-Phenotyping_training_set/20251021_122853.jpg
20251021_131954,3.0,6.9383135,3.9383135,/home/nfs/data/nvme_datasets/Pictures_CFSB_leaf_damage/RSFB-Phenotyping_training_set/RSFB-Phenotyping_training_set/20251021_131954.jpg
20251021_161143,7.25,7.8944755,0.64447546,/home/nfs/data/nvme_datasets/Pictures_CFSB_leaf_damage/RSFB-Phenotyping_training_set/RSFB-Phenotyping_training_set/20251021_161143.jpg
20251021_155308,0.7500005,7.693175,6.9431744,/home/nfs/data/nvme_datasets/Pictures_CFSB_leaf_damage/RSFB-Phenotyping_training_set/RSFB-Phenotyping_training_set/20251021_155308.jpg
20251021_153136,8.5,5.1903634,-3.3096366,/home/nfs/data/nvme_datasets/Pictures_CFSB_leaf_damage/RSFB-Phenotyping_training_set/RSFB-Phenotyping_training_set/20251021_153136.jpg
20251021_154443,3.75,8.087039,4.337039,/home/nfs/data/nvme_datasets/Pictures_CFSB_leaf_damage/RSFB-Phenotyping_training_set/RSFB-Phenotyping_training_set/20251021_154443.jpg
20251021_161301,1.5,9.011931,7.5119314,/home/nfs/data/nvme_datasets/Pictures_CFSB_leaf_damage/RSFB-Phenotyping_training_set/RSFB-Phenotyping_training_set/20251021_161301.jpg
20251021_121624,9.75,8.925817,-0.82418346,/home/nfs/data/nvme_datasets/Pictures_CFSB_leaf_damage/RSFB-Phenotyping_training_set/RSFB-Phenotyping_training_set/20251021_121624.jpg
20251021_161318,6.75,7.8327427,1.0827427,/home/nfs/data/nvme_datasets/Pictures_CFSB_leaf_damage/RSFB-Phenotyping_training_set/RSFB-Phenotyping_training_set/20251021_161318.jpg
20251021_160943,5.75,5.9414124,0.19141245,/home/nfs/data/nvme_datasets/Pictures_CFSB_leaf_damage/RSFB-Phenotyping_training_set/RSFB-Phenotyping_training_set/20251021_160943.jpg
20251021_130410,2.0,9.20793,7.2079296,/home/nfs/data/nvme_datasets/Pictures_CFSB_leaf_damage/RSFB-Phenotyping_training_set/RSFB-Phenotyping_training_set/20251021_130410.jpg
20251021_122423,1.75,8.725337,6.975337,/home/nfs/data/nvme_datasets/Pictures_CFSB_leaf_damage/RSFB-Phenotyping_training_set/RSFB-Phenotyping_training_set/20251021_122423.jpg
20251021_162416,0.7500005,4.3118906,3.5618901,/home/nfs/data/nvme_datasets/Pictures_CFSB_leaf_damage/RSFB-Phenotyping_training_set/RSFB-Phenotyping_training_set/20251021_162416.jpg
20251021_125744,2.0,7.2607903,5.2607903,/home/nfs/data/nvme_datasets/Pictures_CFSB_leaf_damage/RSFB-Phenotyping_training_set/RSFB-Phenotyping_training_set/20251021_125744.jpg
20251021_125600,4.75,9.576714,4.8267136,/home/nfs/data/nvme_datasets/Pictures_CFSB_leaf_damage/RSFB-Phenotyping_training_set/RSFB-Phenotyping_training_set/20251021_125600.jpg
20251021_161250,3.25,6.6802254,3.4302254,/home/nfs/data/nvme_datasets/Pictures_CFSB_leaf_damage/RSFB-Phenotyping_training_set/RSFB-Phenotyping_training_set/20251021_161250.jpg
20251021_155512,8.0,8.647507,0.6475067,/home/nfs/data/nvme_datasets/Pictures_CFSB_leaf_damage/RSFB-Phenotyping_training_set/RSFB-Phenotyping_training_set/20251021_155512.jpg
20251021_161615,19.75,6.946191,-12.803809,/home/nfs/data/nvme_datasets/Pictures_CFSB_leaf_damage/RSFB-Phenotyping_training_set/RSFB-Phenotyping_training_set/20251021_161615.jpg
20251021_154954,2.5,4.9597945,2.4597945,/home/nfs/data/nvme_datasets/Pictures_CFSB_leaf_damage/RSFB-Phenotyping_training_set/RSFB-Phenotyping_training_set/20251021_154954.jpg
20251021_121504,10.5,9.274607,-1.2253933,/home/nfs/data/nvme_datasets/Pictures_CFSB_leaf_damage/RSFB-Phenotyping_training_set/RSFB-Phenotyping_training_set/20251021_121504.jpg
20251021_155044,3.0,5.1508756,2.1508756,/home/nfs/data/nvme_datasets/Pictures_CFSB_leaf_damage/RSFB-Phenotyping_training_set/RSFB-Phenotyping_training_set/20251021_155044.jpg
20251021_122516,25.0,7.340884,-17.659115,/home/nfs/data/nvme_datasets/Pictures_CFSB_leaf_damage/RSFB-Phenotyping_training_set/RSFB-Phenotyping_training_set/20251021_122516.jpg
20251021_162856,9.0,5.7329726,-3.2670274,/home/nfs/data/nvme_datasets/Pictures_CFSB_leaf_damage/RSFB-Phenotyping_training_set/RSFB-Phenotyping_training_set/20251021_162856.jpg
20251021_125405,19.5,8.562032,-10.937968,/home/nfs/data/nvme_datasets/Pictures_CFSB_leaf_damage/RSFB-Phenotyping_training_set/RSFB-Phenotyping_training_set/20251021_125405.jpg
20251021_154331,2.25,7.8044896,5.5544896,/home/nfs/data/nvme_datasets/Pictures_CFSB_leaf_damage/RSFB-Phenotyping_training_set/RSFB-Phenotyping_training_set/20251021_154331.jpg
20251021_160745,7.75,5.228345,-2.521655,/home/nfs/data/nvme_datasets/Pictures_CFSB_leaf_damage/RSFB-Phenotyping_training_set/RSFB-Phenotyping_training_set/20251021_160745.jpg
20251021_123050,3.5,5.2613277,1.7613277,/home/nfs/data/nvme_datasets/Pictures_CFSB_leaf_damage/RSFB-Phenotyping_training_set/RSFB-Phenotyping_training_set/20251021_123050.jpg
20251021_131011,1.5,7.0343323,5.5343323,/home/nfs/data/nvme_datasets/Pictures_CFSB_leaf_damage/RSFB-Phenotyping_training_set/RSFB-Phenotyping_training_set/20251021_131011.jpg
20251021_162646,13.5,4.233134,-9.266867,/home/nfs/data/nvme_datasets/Pictures_CFSB_leaf_damage/RSFB-Phenotyping_training_set/RSFB-Phenotyping_training_set/20251021_162646.jpg
20251021_161150,1.0,5.479261,4.479261,/home/nfs/data/nvme_datasets/Pictures_CFSB_leaf_damage/RSFB-Phenotyping_training_set/RSFB-Phenotyping_training_set/20251021_161150.jpg
20251021_121618,23.25,10.854061,-12.395939,/home/nfs/data/nvme_datasets/Pictures_CFSB_leaf_damage/RSFB-Phenotyping_training_set/RSFB-Phenotyping_training_set/20251021_121618.jpg
20251021_121327,9.75,10.104742,0.35474205,/home/nfs/data/nvme_datasets/Pictures_CFSB_leaf_damage/RSFB-Phenotyping_training_set/RSFB-Phenotyping_training_set/20251021_121327.jpg
20251021_123625,4.25,10.2223835,5.9723835,/home/nfs/data/nvme_datasets/Pictures_CFSB_leaf_damage/RSFB-Phenotyping_training_set/RSFB-Phenotyping_training_set/20251021_123625.jpg
20251021_131146,5.0,9.124411,4.1244106,/home/nfs/data/nvme_datasets/Pictures_CFSB_leaf_damage/RSFB-Phenotyping_training_set/RSFB-Phenotyping_training_set/20251021_131146.jpg
20251021_124309,8.25,9.701353,1.4513531,/home/nfs/data/nvme_datasets/Pictures_CFSB_leaf_damage/RSFB-Phenotyping_training_set/RSFB-Phenotyping_training_set/20251021_124309.jpg
20251021_121810,9.5,12.684091,3.1840906,/home/nfs/data/nvme_datasets/Pictures_CFSB_leaf_damage/RSFB-Phenotyping_training_set/RSFB-Phenotyping_training_set/20251021_121810.jpg
20251021_124154,11.5,7.998729,-3.5012708,/home/nfs/data/nvme_datasets/Pictures_CFSB_leaf_damage/RSFB-Phenotyping_training_set/RSFB-Phenotyping_training_set/20251021_124154.jpg
20251021_155534,18.75,8.152807,-10.597193,/home/nfs/data/nvme_datasets/Pictures_CFSB_leaf_damage/RSFB-Phenotyping_training_set/RSFB-Phenotyping_training_set/20251021_155534.jpg
20251021_152521,1.5999999,4.749111,3.1491113,/home/nfs/data/nvme_datasets/Pictures_CFSB_leaf_damage/RSFB-Phenotyping_training_set/RSFB-Phenotyping_training_set/20251021_152521.jpg
20251021_131803,2.25,6.355421,4.105421,/home/nfs/data/nvme_datasets/Pictures_CFSB_leaf_damage/RSFB-Phenotyping_training_set/RSFB-Phenotyping_training_set/20251021_131803.jpg
20251021_162630,17.25,5.8538647,-11.396135,/home/nfs/data/nvme_datasets/Pictures_CFSB_leaf_damage/RSFB-Phenotyping_training_set/RSFB-Phenotyping_training_set/20251021_162630.jpg
20251021_124605,27.5,8.95326,-18.54674,/home/nfs/data/nvme_datasets/Pictures_CFSB_leaf_damage/RSFB-Phenotyping_training_set/RSFB-Phenotyping_training_set/20251021_124605.jpg
20251021_154210,11.5,7.865192,-3.634808,/home/nfs/data/nvme_datasets/Pictures_CFSB_leaf_damage/RSFB-Phenotyping_training_set/RSFB-Phenotyping_training_set/20251021_154210.jpg
20251021_160732,1.25,7.9944406,6.7444406,/home/nfs/data/nvme_datasets/Pictures_CFSB_leaf_damage/RSFB-Phenotyping_training_set/RSFB-Phenotyping_training_set/20251021_160732.jpg
20251021_155541,11.5,6.214566,-5.285434,/home/nfs/data/nvme_datasets/Pictures_CFSB_leaf_damage/RSFB-Phenotyping_training_set/RSFB-Phenotyping_training_set/20251021_155541.jpg
20251021_155347,9.75,9.048877,-0.70112324,/home/nfs/data/nvme_datasets/Pictures_CFSB_leaf_damage/RSFB-Phenotyping_training_set/RSFB-Phenotyping_training_set/20251021_155347.jpg
20251021_151633,8.0,6.706266,-1.2937341,/home/nfs/data/nvme_datasets/Pictures_CFSB_leaf_damage/RSFB-Phenotyping_training_set/RSFB-Phenotyping_training_set/20251021_151633.jpg
20251021_131646,5.5,6.4669027,0.96690273,/home/nfs/data/nvme_datasets/Pictures_CFSB_leaf_damage/RSFB-Phenotyping_training_set/RSFB-Phenotyping_training_set/20251021_131646.jpg
20251021_124920,4.0,8.960648,4.9606476,/home/nfs/data/nvme_datasets/Pictures_CFSB_leaf_damage/RSFB-Phenotyping_training_set/RSFB-Phenotyping_training_set/20251021_124920.jpg
20251021_151403,5.25,6.8815336,1.6315336,/home/nfs/data/nvme_datasets/Pictures_CFSB_leaf_damage/RSFB-Phenotyping_training_set/RSFB-Phenotyping_training_set/20251021_151403.jpg
20251021_130935,5.5,8.280677,2.7806768,/home/nfs/data/nvme_datasets/Pictures_CFSB_leaf_damage/RSFB-Phenotyping_training_set/RSFB-Phenotyping_training_set/20251021_130935.jpg
20251021_120939,20.25,11.503252,-8.746748,/home/nfs/data/nvme_datasets/Pictures_CFSB_leaf_damage/RSFB-Phenotyping_training_set/RSFB-Phenotyping_training_set/20251021_120939.jpg
20251021_125148,2.0,9.137925,7.137925,/home/nfs/data/nvme_datasets/Pictures_CFSB_leaf_damage/RSFB-Phenotyping_training_set/RSFB-Phenotyping_training_set/20251021_125148.jpg
20251021_122502,15.0,10.066746,-4.9332542,/home/nfs/data/nvme_datasets/Pictures_CFSB_leaf_damage/RSFB-Phenotyping_training_set/RSFB-Phenotyping_training_set/20251021_122502.jpg
20251021_121320,13.5,11.678251,-1.8217487,/home/nfs/data/nvme_datasets/Pictures_CFSB_leaf_damage/RSFB-Phenotyping_training_set/RSFB-Phenotyping_training_set/20251021_121320.jpg
20251021_163055,2.0,5.389565,3.389565,/home/nfs/data/nvme_datasets/Pictures_CFSB_leaf_damage/RSFB-Phenotyping_training_set/RSFB-Phenotyping_training_set/20251021_163055.jpg
20251021_155758,0.0,5.117978,5.117978,/home/nfs/data/nvme_datasets/Pictures_CFSB_leaf_damage/RSFB-Phenotyping_training_set/RSFB-Phenotyping_training_set/20251021_155758.jpg
20251021_120926,21.25,9.644225,-11.605775,/home/nfs/data/nvme_datasets/Pictures_CFSB_leaf_damage/RSFB-Phenotyping_training_set/RSFB-Phenotyping_training_set/20251021_120926.jpg
20251021_160133,4.0,9.739447,5.7394466,/home/nfs/data/nvme_datasets/Pictures_CFSB_leaf_damage/RSFB-Phenotyping_training_set/RSFB-Phenotyping_training_set/20251021_160133.jpg
20251021_123220,7.0,6.83386,-0.16614008,/home/nfs/data/nvme_datasets/Pictures_CFSB_leaf_damage/RSFB-Phenotyping_training_set/RSFB-Phenotyping_training_set/20251021_123220.jpg
20251021_125035,5.25,6.4709663,1.2209663,/home/nfs/data/nvme_datasets/Pictures_CFSB_leaf_damage/RSFB-Phenotyping_training_set/RSFB-Phenotyping_training_set/20251021_125035.jpg
20251021_154614,4.25,7.6383576,3.3883576,/home/nfs/data/nvme_datasets/Pictures_CFSB_leaf_damage/RSFB-Phenotyping_training_set/RSFB-Phenotyping_training_set/20251021_154614.jpg
20251021_155407,0.7500005,10.78347,10.03347,/home/nfs/data/nvme_datasets/Pictures_CFSB_leaf_damage/RSFB-Phenotyping_training_set/RSFB-Phenotyping_training_set/20251021_155407.jpg
20251021_121704,2.0,10.772653,8.772653,/home/nfs/data/nvme_datasets/Pictures_CFSB_leaf_damage/RSFB-Phenotyping_training_set/RSFB-Phenotyping_training_set/20251021_121704.jpg
20251021_131634,1.25,8.198862,6.948862,/home/nfs/data/nvme_datasets/Pictures_CFSB_leaf_damage/RSFB-Phenotyping_training_set/RSFB-Phenotyping_training_set/20251021_131634.jpg
20251021_151952,4.25,7.2846065,3.0346065,/home/nfs/data/nvme_datasets/Pictures_CFSB_leaf_damage/RSFB-Phenotyping_training_set/RSFB-Phenotyping_training_set/20251021_151952.jpg
20251021_121633,3.25,10.1853,6.9353,/home/nfs/data/nvme_datasets/Pictures_CFSB_leaf_damage/RSFB-Phenotyping_training_set/RSFB-Phenotyping_training_set/20251021_121633.jpg
20251021_121034,17.5,8.65276,-8.84724,/home/nfs/data/nvme_datasets/Pictures_CFSB_leaf_damage/RSFB-Phenotyping_training_set/RSFB-Phenotyping_training_set/20251021_121034.jpg
20251021_162057,4.5,4.660392,0.16039181,/home/nfs/data/nvme_datasets/Pictures_CFSB_leaf_damage/RSFB-Phenotyping_training_set/RSFB-Phenotyping_training_set/20251021_162057.jpg
20251021_125003,2.65,7.1493406,4.4993405,/home/nfs/data/nvme_datasets/Pictures_CFSB_leaf_damage/RSFB-Phenotyping_training_set/RSFB-Phenotyping_training_set/20251021_125003.jpg
20251021_151731,3.25,8.791357,5.541357,/home/nfs/data/nvme_datasets/Pictures_CFSB_leaf_damage/RSFB-Phenotyping_training_set/RSFB-Phenotyping_training_set/20251021_151731.jpg
20251021_162321,1.7000003,6.1009755,4.400975,/home/nfs/data/nvme_datasets/Pictures_CFSB_leaf_damage/RSFB-Phenotyping_training_set/RSFB-Phenotyping_training_set/20251021_162321.jpg
20251021_125215,27.5,7.464186,-20.035814,/home/nfs/data/nvme_datasets/Pictures_CFSB_leaf_damage/RSFB-Phenotyping_training_set/RSFB-Phenotyping_training_set/20251021_125215.jpg
20251021_125129,0.9000001,2.638112,1.738112,/home/nfs/data/nvme_datasets/Pictures_CFSB_leaf_damage/RSFB-Phenotyping_training_set/RSFB-Phenotyping_training_set/20251021_125129.jpg
20251021_161028,2.75,4.847183,2.0971832,/home/nfs/data/nvme_datasets/Pictures_CFSB_leaf_damage/RSFB-Phenotyping_training_set/RSFB-Phenotyping_training_set/20251021_161028.jpg
20251021_160658,1.5,9.234982,7.7349815,/home/nfs/data/nvme_datasets/Pictures_CFSB_leaf_damage/RSFB-Phenotyping_training_set/RSFB-Phenotyping_training_set/20251021_160658.jpg
20251021_162313,1.75,3.3969874,1.6469874,/home/nfs/data/nvme_datasets/Pictures_CFSB_leaf_damage/RSFB-Phenotyping_training_set/RSFB-Phenotyping_training_set/20251021_162313.jpg
20251021_163044,4.0,5.625567,1.625567,/home/nfs/data/nvme_datasets/Pictures_CFSB_leaf_damage/RSFB-Phenotyping_training_set/RSFB-Phenotyping_training_set/20251021_163044.jpg
20251021_160541,3.75,8.006082,4.2560816,/home/nfs/data/nvme_datasets/Pictures_CFSB_leaf_damage/RSFB-Phenotyping_training_set/RSFB-Phenotyping_training_set/20251021_160541.jpg
