filename,target,prediction,residual,attention_normalized_entropy,attention_top_10_percent_mass,source_image_path,processed_image_path
20251021_122843,12.25,7.0017567,-5.2482433,0.9904252590294659,0.19753185659646988,/home/nfs/data/nvme_datasets/Pictures_CFSB_leaf_damage/RSFB-Phenotyping_training_set/RSFB-Phenotyping_training_set/20251021_122843.jpg,/home/user/tabbakhab1/dev/project/cache/grid_crops_1400_inset075/20251021_122843_gridv3_b6cc079d1d0b.jpg
20251021_123838,4.75,6.2820635,1.5320635,0.9874522634182434,0.21526653226464987,/home/nfs/data/nvme_datasets/Pictures_CFSB_leaf_damage/RSFB-Phenotyping_training_set/RSFB-Phenotyping_training_set/20251021_123838.jpg,/home/user/tabbakhab1/dev/project/cache/grid_crops_1400_inset075/20251021_123838_gridv3_9d676a910923.jpg
20251021_121858,44.0,19.603642,-24.396358,0.9902203495380938,0.19503619382157922,/home/nfs/data/nvme_datasets/Pictures_CFSB_leaf_damage/RSFB-Phenotyping_training_set/RSFB-Phenotyping_training_set/20251021_121858.jpg,/home/user/tabbakhab1/dev/project/cache/grid_crops_1400_inset075/20251021_121858_gridv3_d02e9dfb7d0a.jpg
20251021_162459,1.5,2.043054,0.5430541,0.993498243614223,0.17736769653856754,/home/nfs/data/nvme_datasets/Pictures_CFSB_leaf_damage/RSFB-Phenotyping_training_set/RSFB-Phenotyping_training_set/20251021_162459.jpg,/home/user/tabbakhab1/dev/project/cache/grid_crops_1400_inset075/20251021_162459_gridv3_f55cb1ad15fb.jpg
20251021_162013,1.0,2.9594245,1.9594245,0.9924536040860509,0.1809789938852191,/home/nfs/data/nvme_datasets/Pictures_CFSB_leaf_damage/RSFB-Phenotyping_training_set/RSFB-Phenotyping_training_set/20251021_162013.jpg,/home/user/tabbakhab1/dev/project/cache/grid_crops_1400_inset075/20251021_162013_gridv3_93a3b2637615.jpg
20251021_132836,7.5,4.849439,-2.6505609,0.9907386905793399,0.1962964660488069,/home/nfs/data/nvme_datasets/Pictures_CFSB_leaf_damage/RSFB-Phenotyping_training_set/RSFB-Phenotyping_training_set/20251021_132836.jpg,/home/user/tabbakhab1/dev/project/cache/grid_crops_1400_inset075/20251021_132836_gridv3_a2df5c4bfde1.jpg
20251021_132147,6.5,2.488512,-4.011488,0.9887090358092298,0.20730797201395035,/home/nfs/data/nvme_datasets/Pictures_CFSB_leaf_damage/RSFB-Phenotyping_training_set/RSFB-Phenotyping_training_set/20251021_132147.jpg,/home/user/tabbakhab1/dev/project/cache/grid_crops_1400_inset075/20251021_132147_gridv3_8b4768d5f1c0.jpg
20251021_121100,19.5,15.053608,-4.446392,0.9881031945811469,0.2003868678584695,/home/nfs/data/nvme_datasets/Pictures_CFSB_leaf_damage/RSFB-Phenotyping_training_set/RSFB-Phenotyping_training_set/20251021_121100.jpg,/home/user/tabbakhab1/dev/project/cache/grid_crops_1400_inset075/20251021_121100_gridv3_6ed33bc5f825.jpg
20251021_160342,8.75,8.257988,-0.49201202,0.9883571865733406,0.21269781840965152,/home/nfs/data/nvme_datasets/Pictures_CFSB_leaf_damage/RSFB-Phenotyping_training_set/RSFB-Phenotyping_training_set/20251021_160342.jpg,/home/user/tabbakhab1/dev/project/cache/grid_crops_1400_inset075/20251021_160342_gridv3_42490fdcbf96.jpg
20251021_123809,4.75,3.6657937,-1.0842063,0.9907173025451266,0.19650608906522393,/home/nfs/data/nvme_datasets/Pictures_CFSB_leaf_damage/RSFB-Phenotyping_training_set/RSFB-Phenotyping_training_set/20251021_123809.jpg,/home/user/tabbakhab1/dev/project/cache/grid_crops_1400_inset075/20251021_123809_gridv3_105d9b2c9508.jpg
20251021_124030,1.5,7.8984394,6.3984394,0.9876486596507992,0.2148458007723093,/home/nfs/data/nvme_datasets/Pictures_CFSB_leaf_damage/RSFB-Phenotyping_training_set/RSFB-Phenotyping_training_set/20251021_124030.jpg,/home/user/tabbakhab1/dev/project/cache/grid_crops_1400_inset075/20251021_124030_gridv3_a2fcedf951c3.jpg
20251021_162400,0.7500005,-0.13650799,-0.88650846,0.9948394960039073,0.16866656998172402,/home/nfs/data/nvme_datasets/Pictures_CFSB_leaf_damage/RSFB-Phenotyping_training_set/RSFB-Phenotyping_training_set/20251021_162400.jpg,/home/user/tabbakhab1/dev/project/cache/grid_crops_1400_inset075/20251021_162400_gridv3_e8cbd0b46b4e.jpg
20251021_161432,3.25,5.393534,2.1435342,0.9860222223958326,0.22080867271870375,/home/nfs/data/nvme_datasets/Pictures_CFSB_leaf_damage/RSFB-Phenotyping_training_set/RSFB-Phenotyping_training_set/20251021_161432.jpg,/home/user/tabbakhab1/dev/project/cache/grid_crops_1400_inset075/20251021_161432_gridv3_479a59ed0711.jpg
20251021_162121,3.0,3.9903417,0.99034166,0.9938747855441279,0.17019997583702207,/home/nfs/data/nvme_datasets/Pictures_CFSB_leaf_damage/RSFB-Phenotyping_training_set/RSFB-Phenotyping_training_set/20251021_162121.jpg,/home/user/tabbakhab1/dev/project/cache/grid_crops_1400_inset075/20251021_162121_gridv3_53274b04a836.jpg
20251021_162816,1.75,2.128964,0.37896395,0.9945652306143468,0.1647895658388734,/home/nfs/data/nvme_datasets/Pictures_CFSB_leaf_damage/RSFB-Phenotyping_training_set/RSFB-Phenotyping_training_set/20251021_162816.jpg,/home/user/tabbakhab1/dev/project/cache/grid_crops_1400_inset075/20251021_162816_gridv3_dce5600c6338.jpg
20251021_161816,2.5,2.6316948,0.1316948,0.9963610219263883,0.1503645470365882,/home/nfs/data/nvme_datasets/Pictures_CFSB_leaf_damage/RSFB-Phenotyping_training_set/RSFB-Phenotyping_training_set/20251021_161816.jpg,/home/user/tabbakhab1/dev/project/cache/grid_crops_1400_inset075/20251021_161816_gridv3_3937f71512d6.jpg
20251021_130515,15.75,4.733302,-11.016698,0.9918725272804906,0.1908590761013329,/home/nfs/data/nvme_datasets/Pictures_CFSB_leaf_damage/RSFB-Phenotyping_training_set/RSFB-Phenotyping_training_set/20251021_130515.jpg,/home/user/tabbakhab1/dev/project/cache/grid_crops_1400_inset075/20251021_130515_gridv3_683278386d65.jpg
20251021_124556,8.75,5.5653534,-3.1846466,0.9924493912376606,0.18644933076575398,/home/nfs/data/nvme_datasets/Pictures_CFSB_leaf_damage/RSFB-Phenotyping_training_set/RSFB-Phenotyping_training_set/20251021_124556.jpg,/home/user/tabbakhab1/dev/project/cache/grid_crops_1400_inset075/20251021_124556_gridv3_b58802114521.jpg
20251021_162027,5.05,5.798424,0.7484236,0.9927268748313098,0.17956523643806577,/home/nfs/data/nvme_datasets/Pictures_CFSB_leaf_damage/RSFB-Phenotyping_training_set/RSFB-Phenotyping_training_set/20251021_162027.jpg,/home/user/tabbakhab1/dev/project/cache/grid_crops_1400_inset075/20251021_162027_gridv3_6e1ffcb37db6.jpg
20251021_124023,2.75,3.7644308,1.0144308,0.9909756539092871,0.19095486029982567,/home/nfs/data/nvme_datasets/Pictures_CFSB_leaf_damage/RSFB-Phenotyping_training_set/RSFB-Phenotyping_training_set/20251021_124023.jpg,/home/user/tabbakhab1/dev/project/cache/grid_crops_1400_inset075/20251021_124023_gridv3_356923aa968f.jpg
20251021_120858,10.25,6.5405884,-3.7094116,0.9921144824456302,0.18545636674389243,/home/nfs/data/nvme_datasets/Pictures_CFSB_leaf_damage/RSFB-Phenotyping_training_set/RSFB-Phenotyping_training_set/20251021_120858.jpg,/home/user/tabbakhab1/dev/project/cache/grid_crops_1400_inset075/20251021_120858_gridv3_844d33db5d9c.jpg
20251021_163014,18.75,15.231791,-3.5182095,0.9824372952234179,0.23936863336712122,/home/nfs/data/nvme_datasets/Pictures_CFSB_leaf_damage/RSFB-Phenotyping_training_set/RSFB-Phenotyping_training_set/20251021_163014.jpg,/home/user/tabbakhab1/dev/project/cache/grid_crops_1400_inset075/20251021_163014_gridv3_fdf6d96d3540.jpg
20251021_121149,16.0,16.332708,0.33270836,0.9870032728722196,0.21007155487313867,/home/nfs/data/nvme_datasets/Pictures_CFSB_leaf_damage/RSFB-Phenotyping_training_set/RSFB-Phenotyping_training_set/20251021_121149.jpg,/home/user/tabbakhab1/dev/project/cache/grid_crops_1400_inset075/20251021_121149_gridv3_3257334ad6c5.jpg
20251021_151843,28.0,23.797312,-4.202688,0.9810043772184864,0.24329004809260368,/home/nfs/data/nvme_datasets/Pictures_CFSB_leaf_damage/RSFB-Phenotyping_training_set/RSFB-Phenotyping_training_set/20251021_151843.jpg,/home/user/tabbakhab1/dev/project/cache/grid_crops_1400_inset075/20251021_151843_gridv3_df30b23b462a.jpg
20251021_123915,14.25,13.163593,-1.0864067,0.9855025693898612,0.21454671351239085,/home/nfs/data/nvme_datasets/Pictures_CFSB_leaf_damage/RSFB-Phenotyping_training_set/RSFB-Phenotyping_training_set/20251021_123915.jpg,/home/user/tabbakhab1/dev/project/cache/grid_crops_1400_inset075/20251021_123915_gridv3_720755f73394.jpg
20251021_132117,4.25,7.0550523,2.8050523,0.9910545686922247,0.19687158428132534,/home/nfs/data/nvme_datasets/Pictures_CFSB_leaf_damage/RSFB-Phenotyping_training_set/RSFB-Phenotyping_training_set/20251021_132117.jpg,/home/user/tabbakhab1/dev/project/cache/grid_crops_1400_inset075/20251021_132117_gridv3_88ca91a8a390.jpg
20251021_162332,8.5,7.8340073,-0.66599274,0.9829656398052288,0.23497672425583005,/home/nfs/data/nvme_datasets/Pictures_CFSB_leaf_damage/RSFB-Phenotyping_training_set/RSFB-Phenotyping_training_set/20251021_162332.jpg,/home/user/tabbakhab1/dev/project/cache/grid_crops_1400_inset075/20251021_162332_gridv3_57e1f8f6c2ea.jpg
20251021_123858,13.5,4.5280733,-8.971927,0.993899950532282,0.17628338001668453,/home/nfs/data/nvme_datasets/Pictures_CFSB_leaf_damage/RSFB-Phenotyping_training_set/RSFB-Phenotyping_training_set/20251021_123858.jpg,/home/user/tabbakhab1/dev/project/cache/grid_crops_1400_inset075/20251021_123858_gridv3_b463ba05be8c.jpg
20251021_121804,12.75,9.526748,-3.2232523,0.9877586066233173,0.21067585330456495,/home/nfs/data/nvme_datasets/Pictures_CFSB_leaf_damage/RSFB-Phenotyping_training_set/RSFB-Phenotyping_training_set/20251021_121804.jpg,/home/user/tabbakhab1/dev/project/cache/grid_crops_1400_inset075/20251021_121804_gridv3_7ff41805ed78.jpg
20251021_131138,3.0,4.5837555,1.5837555,0.9855275295183041,0.22280721412971616,/home/nfs/data/nvme_datasets/Pictures_CFSB_leaf_damage/RSFB-Phenotyping_training_set/RSFB-Phenotyping_training_set/20251021_131138.jpg,/home/user/tabbakhab1/dev/project/cache/grid_crops_1400_inset075/20251021_131138_gridv3_62d66983688a.jpg
20251021_125125,1.5499997,5.091259,3.5412593,0.9916674181736684,0.18333419132977724,/home/nfs/data/nvme_datasets/Pictures_CFSB_leaf_damage/RSFB-Phenotyping_training_set/RSFB-Phenotyping_training_set/20251021_125125.jpg,/home/user/tabbakhab1/dev/project/cache/grid_crops_1400_inset075/20251021_125125_gridv3_405563302f5c.jpg
20251021_151533,1.5,4.642619,3.1426191,0.99297256968432,0.180889877025038,/home/nfs/data/nvme_datasets/Pictures_CFSB_leaf_damage/RSFB-Phenotyping_training_set/RSFB-Phenotyping_training_set/20251021_151533.jpg,/home/user/tabbakhab1/dev/project/cache/grid_crops_1400_inset075/20251021_151533_gridv3_04afaca7d75c.jpg
20251021_124852,3.25,7.288023,4.038023,0.9889694859700809,0.20500699896365404,/home/nfs/data/nvme_datasets/Pictures_CFSB_leaf_damage/RSFB-Phenotyping_training_set/RSFB-Phenotyping_training_set/20251021_124852.jpg,/home/user/tabbakhab1/dev/project/cache/grid_crops_1400_inset075/20251021_124852_gridv3_b6817cdce3d7.jpg
20251021_161402,4.5,9.846522,5.3465223,0.9889377517170094,0.20581692643463612,/home/nfs/data/nvme_datasets/Pictures_CFSB_leaf_damage/RSFB-Phenotyping_training_set/RSFB-Phenotyping_training_set/20251021_161402.jpg,/home/user/tabbakhab1/dev/project/cache/grid_crops_1400_inset075/20251021_161402_gridv3_f23bf664ebe8.jpg
20251021_121345,13.0,5.1294413,-7.8705587,0.9921814405774753,0.17666611960157752,/home/nfs/data/nvme_datasets/Pictures_CFSB_leaf_damage/RSFB-Phenotyping_training_set/RSFB-Phenotyping_training_set/20251021_121345.jpg,/home/user/tabbakhab1/dev/project/cache/grid_crops_1400_inset075/20251021_121345_gridv3_fb8f1924845e.jpg
20251021_122314,3.5,2.6062403,-0.8937597,0.9916762821141251,0.1899700672365725,/home/nfs/data/nvme_datasets/Pictures_CFSB_leaf_damage/RSFB-Phenotyping_training_set/RSFB-Phenotyping_training_set/20251021_122314.jpg,/home/user/tabbakhab1/dev/project/cache/grid_crops_1400_inset075/20251021_122314_gridv3_9700792acf73.jpg
20251021_161010,1.5,3.9553413,2.4553413,0.9867992997761387,0.2157580479979515,/home/nfs/data/nvme_datasets/Pictures_CFSB_leaf_damage/RSFB-Phenotyping_training_set/RSFB-Phenotyping_training_set/20251021_161010.jpg,/home/user/tabbakhab1/dev/project/cache/grid_crops_1400_inset075/20251021_161010_gridv3_a5a315d9f61a.jpg
20251021_162958,11.75,10.352436,-1.3975639,0.9900867411691352,0.20143383229151368,/home/nfs/data/nvme_datasets/Pictures_CFSB_leaf_damage/RSFB-Phenotyping_training_set/RSFB-Phenotyping_training_set/20251021_162958.jpg,/home/user/tabbakhab1/dev/project/cache/grid_crops_1400_inset075/20251021_162958_gridv3_c408f0393539.jpg
20251021_154700,2.25,4.6442103,2.3942103,0.9925772219278888,0.17429168242961168,/home/nfs/data/nvme_datasets/Pictures_CFSB_leaf_damage/RSFB-Phenotyping_training_set/RSFB-Phenotyping_training_set/20251021_154700.jpg,/home/user/tabbakhab1/dev/project/cache/grid_crops_1400_inset075/20251021_154700_gridv3_97b77300af23.jpg
20251021_125811,6.25,6.4093375,0.15933752,0.9883163858205635,0.2098289355635643,/home/nfs/data/nvme_datasets/Pictures_CFSB_leaf_damage/RSFB-Phenotyping_training_set/RSFB-Phenotyping_training_set/20251021_125811.jpg,/home/user/tabbakhab1/dev/project/cache/grid_crops_1400_inset075/20251021_125811_gridv3_19364d126c8f.jpg
20251021_154058,2.25,4.3387537,2.0887537,0.991582548004279,0.19249832909554243,/home/nfs/data/nvme_datasets/Pictures_CFSB_leaf_damage/RSFB-Phenotyping_training_set/RSFB-Phenotyping_training_set/20251021_154058.jpg,/home/user/tabbakhab1/dev/project/cache/grid_crops_1400_inset075/20251021_154058_gridv3_36a116afaead.jpg
20251021_151943,2.25,5.597172,3.3471718,0.9893366496404534,0.20178038533776999,/home/nfs/data/nvme_datasets/Pictures_CFSB_leaf_damage/RSFB-Phenotyping_training_set/RSFB-Phenotyping_training_set/20251021_151943.jpg,/home/user/tabbakhab1/dev/project/cache/grid_crops_1400_inset075/20251021_151943_gridv3_938297c1a777.jpg
20251021_130338,14.75,4.461254,-10.288746,0.9913381210448291,0.18576530693098903,/home/nfs/data/nvme_datasets/Pictures_CFSB_leaf_damage/RSFB-Phenotyping_training_set/RSFB-Phenotyping_training_set/20251021_130338.jpg,/home/user/tabbakhab1/dev/project/cache/grid_crops_1400_inset075/20251021_130338_gridv3_d76515da7951.jpg
20251021_130942,9.5,3.821704,-5.678296,0.9906897398866364,0.1953309583477676,/home/nfs/data/nvme_datasets/Pictures_CFSB_leaf_damage/RSFB-Phenotyping_training_set/RSFB-Phenotyping_training_set/20251021_130942.jpg,/home/user/tabbakhab1/dev/project/cache/grid_crops_1400_inset075/20251021_130942_gridv3_75296eed617b.jpg
20251021_155710,18.25,6.1285396,-12.12146,0.9861213382207775,0.2214514659717679,/home/nfs/data/nvme_datasets/Pictures_CFSB_leaf_damage/RSFB-Phenotyping_training_set/RSFB-Phenotyping_training_set/20251021_155710.jpg,/home/user/tabbakhab1/dev/project/cache/grid_crops_1400_inset075/20251021_155710_gridv3_0d3a440a1a6b.jpg
20251021_125208,2.25,9.15129,6.90129,0.9901011005592484,0.19790718611329794,/home/nfs/data/nvme_datasets/Pictures_CFSB_leaf_damage/RSFB-Phenotyping_training_set/RSFB-Phenotyping_training_set/20251021_125208.jpg,/home/user/tabbakhab1/dev/project/cache/grid_crops_1400_inset075/20251021_125208_gridv3_58ab535c57af.jpg
20251021_154436,2.5,3.398519,0.89851904,0.9909165732851571,0.1885584811680019,/home/nfs/data/nvme_datasets/Pictures_CFSB_leaf_damage/RSFB-Phenotyping_training_set/RSFB-Phenotyping_training_set/20251021_154436.jpg,/home/user/tabbakhab1/dev/project/cache/grid_crops_1400_inset075/20251021_154436_gridv3_792f4024f8a7.jpg
20251021_123831,3.75,1.8966894,-1.8533106,0.9897626639587184,0.20134664699435234,/home/nfs/data/nvme_datasets/Pictures_CFSB_leaf_damage/RSFB-Phenotyping_training_set/RSFB-Phenotyping_training_set/20251021_123831.jpg,/home/user/tabbakhab1/dev/project/cache/grid_crops_1400_inset075/20251021_123831_gridv3_02aae1eb81a4.jpg
20251021_124506,9.0,13.491323,4.4913235,0.9844183423048335,0.2322873272933066,/home/nfs/data/nvme_datasets/Pictures_CFSB_leaf_damage/RSFB-Phenotyping_training_set/RSFB-Phenotyping_training_set/20251021_124506.jpg,/home/user/tabbakhab1/dev/project/cache/grid_crops_1400_inset075/20251021_124506_gridv3_b38154342bf4.jpg
20251021_125346,7.0,7.4025598,0.40255976,0.9889152475407689,0.20315129775553942,/home/nfs/data/nvme_datasets/Pictures_CFSB_leaf_damage/RSFB-Phenotyping_training_set/RSFB-Phenotyping_training_set/20251021_125346.jpg,/home/user/tabbakhab1/dev/project/cache/grid_crops_1400_inset075/20251021_125346_gridv3_7e25d8fa57d0.jpg
20251021_161705,17.0,11.719036,-5.280964,0.9867836824297477,0.21187210734933615,/home/nfs/data/nvme_datasets/Pictures_CFSB_leaf_damage/RSFB-Phenotyping_training_set/RSFB-Phenotyping_training_set/20251021_161705.jpg,/home/user/tabbakhab1/dev/project/cache/grid_crops_1400_inset075/20251021_161705_gridv3_83bd464de19e.jpg
20251021_153356,7.75,8.340715,0.5907154,0.9891301324137101,0.2043782938271761,/home/nfs/data/nvme_datasets/Pictures_CFSB_leaf_damage/RSFB-Phenotyping_training_set/RSFB-Phenotyping_training_set/20251021_153356.jpg,/home/user/tabbakhab1/dev/project/cache/grid_crops_1400_inset075/20251021_153356_gridv3_881aaf5dee4a.jpg
20251021_131721,3.0,4.7412567,1.7412567,0.9914406197256246,0.19336528470739722,/home/nfs/data/nvme_datasets/Pictures_CFSB_leaf_damage/RSFB-Phenotyping_training_set/RSFB-Phenotyping_training_set/20251021_131721.jpg,/home/user/tabbakhab1/dev/project/cache/grid_crops_1400_inset075/20251021_131721_gridv3_1e1619801c3b.jpg
20251021_161525,4.75,2.491694,-2.258306,0.9944626179632146,0.17037700861692429,/home/nfs/data/nvme_datasets/Pictures_CFSB_leaf_damage/RSFB-Phenotyping_training_set/RSFB-Phenotyping_training_set/20251021_161525.jpg,/home/user/tabbakhab1/dev/project/cache/grid_crops_1400_inset075/20251021_161525_gridv3_dac334930121.jpg
20251021_132518,5.0,10.646756,5.646756,0.9854251965313929,0.2237209021113813,/home/nfs/data/nvme_datasets/Pictures_CFSB_leaf_damage/RSFB-Phenotyping_training_set/RSFB-Phenotyping_training_set/20251021_132518.jpg,/home/user/tabbakhab1/dev/project/cache/grid_crops_1400_inset075/20251021_132518_gridv3_b8eea91f96bb.jpg
20251021_125635,0.0,9.9133415,9.9133415,0.9978271702698019,0.13842030707746744,/home/nfs/data/nvme_datasets/Pictures_CFSB_leaf_damage/RSFB-Phenotyping_training_set/RSFB-Phenotyping_training_set/20251021_125635.jpg,/home/user/tabbakhab1/dev/project/cache/grid_crops_1400_inset075/20251021_125635_gridv3_cd390b10c9da.jpg
20251021_124048,5.25,11.012668,5.7626677,0.9884857784927239,0.20989556750282645,/home/nfs/data/nvme_datasets/Pictures_CFSB_leaf_damage/RSFB-Phenotyping_training_set/RSFB-Phenotyping_training_set/20251021_124048.jpg,/home/user/tabbakhab1/dev/project/cache/grid_crops_1400_inset075/20251021_124048_gridv3_c04cec000d30.jpg
20251021_162202,2.0,0.91349983,-1.0865002,0.9910873874234124,0.19028982799500227,/home/nfs/data/nvme_datasets/Pictures_CFSB_leaf_damage/RSFB-Phenotyping_training_set/RSFB-Phenotyping_training_set/20251021_162202.jpg,/home/user/tabbakhab1/dev/project/cache/grid_crops_1400_inset075/20251021_162202_gridv3_261e9e2f5717.jpg
20251021_123500,7.0,7.8079557,0.80795574,0.987178158743106,0.21696444088593125,/home/nfs/data/nvme_datasets/Pictures_CFSB_leaf_damage/RSFB-Phenotyping_training_set/RSFB-Phenotyping_training_set/20251021_123500.jpg,/home/user/tabbakhab1/dev/project/cache/grid_crops_1400_inset075/20251021_123500_gridv3_2b8e6745e1f7.jpg
20251021_130115,8.5,10.818575,2.318575,0.9910918083322563,0.18848135322332382,/home/nfs/data/nvme_datasets/Pictures_CFSB_leaf_damage/RSFB-Phenotyping_training_set/RSFB-Phenotyping_training_set/20251021_130115.jpg,/home/user/tabbakhab1/dev/project/cache/grid_crops_1400_inset075/20251021_130115_gridv3_6ced4d259ef8.jpg
20251021_154427,6.5,4.222616,-2.2773838,0.9912629990010052,0.1904736952856183,/home/nfs/data/nvme_datasets/Pictures_CFSB_leaf_damage/RSFB-Phenotyping_training_set/RSFB-Phenotyping_training_set/20251021_154427.jpg,/home/user/tabbakhab1/dev/project/cache/grid_crops_1400_inset075/20251021_154427_gridv3_e64ac4206fd1.jpg
20251021_154716,5.25,6.577975,1.3279748,0.9870586747937912,0.21407590806484222,/home/nfs/data/nvme_datasets/Pictures_CFSB_leaf_damage/RSFB-Phenotyping_training_set/RSFB-Phenotyping_training_set/20251021_154716.jpg,/home/user/tabbakhab1/dev/project/cache/grid_crops_1400_inset075/20251021_154716_gridv3_39c492de1c6d.jpg
20251021_162906,4.25,5.84456,1.5945601,0.9940251177785803,0.17393636796623468,/home/nfs/data/nvme_datasets/Pictures_CFSB_leaf_damage/RSFB-Phenotyping_training_set/RSFB-Phenotyping_training_set/20251021_162906.jpg,/home/user/tabbakhab1/dev/project/cache/grid_crops_1400_inset075/20251021_162906_gridv3_964af2f6994f.jpg
20251021_131002,3.75,6.2263813,2.4763813,0.9851487930297415,0.23180189169943333,/home/nfs/data/nvme_datasets/Pictures_CFSB_leaf_damage/RSFB-Phenotyping_training_set/RSFB-Phenotyping_training_set/20251021_131002.jpg,/home/user/tabbakhab1/dev/project/cache/grid_crops_1400_inset075/20251021_131002_gridv3_66352da1a976.jpg
20251021_124134,7.25,3.560793,-3.689207,0.9904917341691272,0.1968124769628048,/home/nfs/data/nvme_datasets/Pictures_CFSB_leaf_damage/RSFB-Phenotyping_training_set/RSFB-Phenotyping_training_set/20251021_124134.jpg,/home/user/tabbakhab1/dev/project/cache/grid_crops_1400_inset075/20251021_124134_gridv3_5e5fff0807c8.jpg
20251021_154753,3.5,1.2253208,-2.2746792,0.9950167962182282,0.16694686748087406,/home/nfs/data/nvme_datasets/Pictures_CFSB_leaf_damage/RSFB-Phenotyping_training_set/RSFB-Phenotyping_training_set/20251021_154753.jpg,/home/user/tabbakhab1/dev/project/cache/grid_crops_1400_inset075/20251021_154753_gridv3_d402e7a9dde6.jpg
20251021_133005,24.5,13.1795025,-11.3204975,0.983996103853911,0.22827218007296324,/home/nfs/data/nvme_datasets/Pictures_CFSB_leaf_damage/RSFB-Phenotyping_training_set/RSFB-Phenotyping_training_set/20251021_133005.jpg,/home/user/tabbakhab1/dev/project/cache/grid_crops_1400_inset075/20251021_133005_gridv3_4ef005ae641a.jpg
20251021_162800,3.75,3.436701,-0.31329894,0.9917212337223021,0.18836692441254854,/home/nfs/data/nvme_datasets/Pictures_CFSB_leaf_damage/RSFB-Phenotyping_training_set/RSFB-Phenotyping_training_set/20251021_162800.jpg,/home/user/tabbakhab1/dev/project/cache/grid_crops_1400_inset075/20251021_162800_gridv3_637463cb6c71.jpg
20251021_132559,14.5,11.257669,-3.2423306,0.9901942295403104,0.1950964848510921,/home/nfs/data/nvme_datasets/Pictures_CFSB_leaf_damage/RSFB-Phenotyping_training_set/RSFB-Phenotyping_training_set/20251021_132559.jpg,/home/user/tabbakhab1/dev/project/cache/grid_crops_1400_inset075/20251021_132559_gridv3_f21f29d8f04c.jpg
20251021_160615,2.0,3.53852,1.5385201,0.9910488474295613,0.19517730036750436,/home/nfs/data/nvme_datasets/Pictures_CFSB_leaf_damage/RSFB-Phenotyping_training_set/RSFB-Phenotyping_training_set/20251021_160615.jpg,/home/user/tabbakhab1/dev/project/cache/grid_crops_1400_inset075/20251021_160615_gridv3_47af67e5c3e5.jpg
20251021_162506,5.0,4.553528,-0.44647217,0.9894698874842565,0.20709894178435206,/home/nfs/data/nvme_datasets/Pictures_CFSB_leaf_damage/RSFB-Phenotyping_training_set/RSFB-Phenotyping_training_set/20251021_162506.jpg,/home/user/tabbakhab1/dev/project/cache/grid_crops_1400_inset075/20251021_162506_gridv3_38f8ea19eee9.jpg
20251021_121253,8.5,21.53184,13.031839,0.9872609225615737,0.21053814748302102,/home/nfs/data/nvme_datasets/Pictures_CFSB_leaf_damage/RSFB-Phenotyping_training_set/RSFB-Phenotyping_training_set/20251021_121253.jpg,/home/user/tabbakhab1/dev/project/cache/grid_crops_1400_inset075/20251021_121253_gridv3_c668b9bc9d72.jpg
20251021_130316,4.0,9.038335,5.038335,0.9898267145735927,0.2014688216149807,/home/nfs/data/nvme_datasets/Pictures_CFSB_leaf_damage/RSFB-Phenotyping_training_set/RSFB-Phenotyping_training_set/20251021_130316.jpg,/home/user/tabbakhab1/dev/project/cache/grid_crops_1400_inset075/20251021_130316_gridv3_637240cdb9d4.jpg
20251021_160632,1.75,6.8571815,5.1071815,0.9910240398063932,0.2007297365926206,/home/nfs/data/nvme_datasets/Pictures_CFSB_leaf_damage/RSFB-Phenotyping_training_set/RSFB-Phenotyping_training_set/20251021_160632.jpg,/home/user/tabbakhab1/dev/project/cache/grid_crops_1400_inset075/20251021_160632_gridv3_dee9be4c07d6.jpg
20251021_121432,17.0,10.296753,-6.703247,0.9867536215770807,0.21841823402792215,/home/nfs/data/nvme_datasets/Pictures_CFSB_leaf_damage/RSFB-Phenotyping_training_set/RSFB-Phenotyping_training_set/20251021_121432.jpg,/home/user/tabbakhab1/dev/project/cache/grid_crops_1400_inset075/20251021_121432_gridv3_c4270272619b.jpg
20251021_160958,3.5,4.547164,1.047164,0.9897977706326809,0.20265254750847816,/home/nfs/data/nvme_datasets/Pictures_CFSB_leaf_damage/RSFB-Phenotyping_training_set/RSFB-Phenotyping_training_set/20251021_160958.jpg,/home/user/tabbakhab1/dev/project/cache/grid_crops_1400_inset075/20251021_160958_gridv3_93b48d060a23.jpg
20251021_155331,6.0,11.636309,5.6363087,0.9905758506963964,0.19806671747937799,/home/nfs/data/nvme_datasets/Pictures_CFSB_leaf_damage/RSFB-Phenotyping_training_set/RSFB-Phenotyping_training_set/20251021_155331.jpg,/home/user/tabbakhab1/dev/project/cache/grid_crops_1400_inset075/20251021_155331_gridv3_ace548a5da88.jpg
20251021_122853,9.25,8.281852,-0.96814823,0.9863956589899481,0.21926787635311484,/home/nfs/data/nvme_datasets/Pictures_CFSB_leaf_damage/RSFB-Phenotyping_training_set/RSFB-Phenotyping_training_set/20251021_122853.jpg,/home/user/tabbakhab1/dev/project/cache/grid_crops_1400_inset075/20251021_122853_gridv3_0cdf49efd7b5.jpg
20251021_131954,3.0,5.3473973,2.3473973,0.9896866259179148,0.19952034950256348,/home/nfs/data/nvme_datasets/Pictures_CFSB_leaf_damage/RSFB-Phenotyping_training_set/RSFB-Phenotyping_training_set/20251021_131954.jpg,/home/user/tabbakhab1/dev/project/cache/grid_crops_1400_inset075/20251021_131954_gridv3_5e98fc1bffc2.jpg
20251021_161143,7.25,7.2585907,0.008590698,0.993071596530601,0.1791411261074245,/home/nfs/data/nvme_datasets/Pictures_CFSB_leaf_damage/RSFB-Phenotyping_training_set/RSFB-Phenotyping_training_set/20251021_161143.jpg,/home/user/tabbakhab1/dev/project/cache/grid_crops_1400_inset075/20251021_161143_gridv3_ceb9e95effda.jpg
20251021_155308,0.7500005,5.134214,4.3842134,0.9837702737358455,0.23126660054549575,/home/nfs/data/nvme_datasets/Pictures_CFSB_leaf_damage/RSFB-Phenotyping_training_set/RSFB-Phenotyping_training_set/20251021_155308.jpg,/home/user/tabbakhab1/dev/project/cache/grid_crops_1400_inset075/20251021_155308_gridv3_04520e383698.jpg
20251021_153136,8.5,3.843977,-4.656023,0.9931530124141753,0.18051936849951744,/home/nfs/data/nvme_datasets/Pictures_CFSB_leaf_damage/RSFB-Phenotyping_training_set/RSFB-Phenotyping_training_set/20251021_153136.jpg,/home/user/tabbakhab1/dev/project/cache/grid_crops_1400_inset075/20251021_153136_gridv3_5ccd5a80b624.jpg
20251021_154443,3.75,6.6392255,2.8892255,0.9866881299462801,0.21827714750543237,/home/nfs/data/nvme_datasets/Pictures_CFSB_leaf_damage/RSFB-Phenotyping_training_set/RSFB-Phenotyping_training_set/20251021_154443.jpg,/home/user/tabbakhab1/dev/project/cache/grid_crops_1400_inset075/20251021_154443_gridv3_784729157ae0.jpg
20251021_161301,1.5,3.961705,2.461705,0.987190772566796,0.21710865385830402,/home/nfs/data/nvme_datasets/Pictures_CFSB_leaf_damage/RSFB-Phenotyping_training_set/RSFB-Phenotyping_training_set/20251021_161301.jpg,/home/user/tabbakhab1/dev/project/cache/grid_crops_1400_inset075/20251021_161301_gridv3_29848dc6cf6c.jpg
20251021_121624,9.75,11.49949,1.7494898,0.9869441130653687,0.21559227211400867,/home/nfs/data/nvme_datasets/Pictures_CFSB_leaf_damage/RSFB-Phenotyping_training_set/RSFB-Phenotyping_training_set/20251021_121624.jpg,/home/user/tabbakhab1/dev/project/cache/grid_crops_1400_inset075/20251021_121624_gridv3_56651bce7707.jpg
20251021_161318,6.75,7.155877,0.4058771,0.990010528221191,0.20615736162289977,/home/nfs/data/nvme_datasets/Pictures_CFSB_leaf_damage/RSFB-Phenotyping_training_set/RSFB-Phenotyping_training_set/20251021_161318.jpg,/home/user/tabbakhab1/dev/project/cache/grid_crops_1400_inset075/20251021_161318_gridv3_4e5774f949bf.jpg
20251021_160943,5.75,8.158953,2.4089527,0.9895759866713957,0.20686154533177614,/home/nfs/data/nvme_datasets/Pictures_CFSB_leaf_damage/RSFB-Phenotyping_training_set/RSFB-Phenotyping_training_set/20251021_160943.jpg,/home/user/tabbakhab1/dev/project/cache/grid_crops_1400_inset075/20251021_160943_gridv3_08f6a8baefc4.jpg
20251021_130410,2.0,4.1589794,2.1589794,0.9867321174290742,0.2195555968210101,/home/nfs/data/nvme_datasets/Pictures_CFSB_leaf_damage/RSFB-Phenotyping_training_set/RSFB-Phenotyping_training_set/20251021_130410.jpg,/home/user/tabbakhab1/dev/project/cache/grid_crops_1400_inset075/20251021_130410_gridv3_7a39b25ca267.jpg
20251021_122423,1.75,5.6210356,3.8710356,0.9847328290359635,0.22964209178462625,/home/nfs/data/nvme_datasets/Pictures_CFSB_leaf_damage/RSFB-Phenotyping_training_set/RSFB-Phenotyping_training_set/20251021_122423.jpg,/home/user/tabbakhab1/dev/project/cache/grid_crops_1400_inset075/20251021_122423_gridv3_e44a3c931912.jpg
20251021_162416,0.7500005,3.1248803,2.3748798,0.9943797401250853,0.1605078699067235,/home/nfs/data/nvme_datasets/Pictures_CFSB_leaf_damage/RSFB-Phenotyping_training_set/RSFB-Phenotyping_training_set/20251021_162416.jpg,/home/user/tabbakhab1/dev/project/cache/grid_crops_1400_inset075/20251021_162416_gridv3_8a2da542dcbc.jpg
20251021_125744,2.0,7.1867013,5.1867013,0.9899854597132518,0.192792063113302,/home/nfs/data/nvme_datasets/Pictures_CFSB_leaf_damage/RSFB-Phenotyping_training_set/RSFB-Phenotyping_training_set/20251021_125744.jpg,/home/user/tabbakhab1/dev/project/cache/grid_crops_1400_inset075/20251021_125744_gridv3_ff99abab1151.jpg
20251021_125600,4.75,6.669055,1.919055,0.9933824667029699,0.1787177617661655,/home/nfs/data/nvme_datasets/Pictures_CFSB_leaf_damage/RSFB-Phenotyping_training_set/RSFB-Phenotyping_training_set/20251021_125600.jpg,/home/user/tabbakhab1/dev/project/cache/grid_crops_1400_inset075/20251021_125600_gridv3_4c7dc1a4c163.jpg
20251021_161250,3.25,4.5169363,1.2669363,0.9877580549245857,0.21148757031187415,/home/nfs/data/nvme_datasets/Pictures_CFSB_leaf_damage/RSFB-Phenotyping_training_set/RSFB-Phenotyping_training_set/20251021_161250.jpg,/home/user/tabbakhab1/dev/project/cache/grid_crops_1400_inset075/20251021_161250_gridv3_71b8a4b8955d.jpg
20251021_155512,8.0,11.458126,3.458126,0.9859109035119992,0.22341222176328301,/home/nfs/data/nvme_datasets/Pictures_CFSB_leaf_damage/RSFB-Phenotyping_training_set/RSFB-Phenotyping_training_set/20251021_155512.jpg,/home/user/tabbakhab1/dev/project/cache/grid_crops_1400_inset075/20251021_155512_gridv3_28bac2125511.jpg
20251021_161615,19.75,10.977668,-8.772332,0.9886840917285616,0.2127637341618538,/home/nfs/data/nvme_datasets/Pictures_CFSB_leaf_damage/RSFB-Phenotyping_training_set/RSFB-Phenotyping_training_set/20251021_161615.jpg,/home/user/tabbakhab1/dev/project/cache/grid_crops_1400_inset075/20251021_161615_gridv3_90ad88be429a.jpg
20251021_154954,2.5,6.215245,3.7152448,0.9906379190444528,0.1966474261134863,/home/nfs/data/nvme_datasets/Pictures_CFSB_leaf_damage/RSFB-Phenotyping_training_set/RSFB-Phenotyping_training_set/20251021_154954.jpg,/home/user/tabbakhab1/dev/project/cache/grid_crops_1400_inset075/20251021_154954_gridv3_e45e73f84759.jpg
20251021_121504,10.5,5.995698,-4.504302,0.9901285503512623,0.1994651802815497,/home/nfs/data/nvme_datasets/Pictures_CFSB_leaf_damage/RSFB-Phenotyping_training_set/RSFB-Phenotyping_training_set/20251021_121504.jpg,/home/user/tabbakhab1/dev/project/cache/grid_crops_1400_inset075/20251021_121504_gridv3_4e18401c6108.jpg
20251021_155044,3.0,3.6753392,0.6753392,0.9925534402851858,0.18453971156850457,/home/nfs/data/nvme_datasets/Pictures_CFSB_leaf_damage/RSFB-Phenotyping_training_set/RSFB-Phenotyping_training_set/20251021_155044.jpg,/home/user/tabbakhab1/dev/project/cache/grid_crops_1400_inset075/20251021_155044_gridv3_17f6c5521d0a.jpg
20251021_122516,25.0,20.055464,-4.944536,0.9810182656757029,0.243982738815248,/home/nfs/data/nvme_datasets/Pictures_CFSB_leaf_damage/RSFB-Phenotyping_training_set/RSFB-Phenotyping_training_set/20251021_122516.jpg,/home/user/tabbakhab1/dev/project/cache/grid_crops_1400_inset075/20251021_122516_gridv3_7543781bc05d.jpg
20251021_162856,9.0,9.786068,0.78606796,0.991915468726394,0.18494939617812634,/home/nfs/data/nvme_datasets/Pictures_CFSB_leaf_damage/RSFB-Phenotyping_training_set/RSFB-Phenotyping_training_set/20251021_162856.jpg,/home/user/tabbakhab1/dev/project/cache/grid_crops_1400_inset075/20251021_162856_gridv3_238cf3aa41f4.jpg
20251021_125405,19.5,11.057214,-8.442786,0.9910104454507871,0.19006738532334566,/home/nfs/data/nvme_datasets/Pictures_CFSB_leaf_damage/RSFB-Phenotyping_training_set/RSFB-Phenotyping_training_set/20251021_125405.jpg,/home/user/tabbakhab1/dev/project/cache/grid_crops_1400_inset075/20251021_125405_gridv3_16d15bc88ff9.jpg
20251021_154331,2.25,6.082403,3.8324032,0.9884935090633238,0.20246945274993777,/home/nfs/data/nvme_datasets/Pictures_CFSB_leaf_damage/RSFB-Phenotyping_training_set/RSFB-Phenotyping_training_set/20251021_154331.jpg,/home/user/tabbakhab1/dev/project/cache/grid_crops_1400_inset075/20251021_154331_gridv3_d4623a24cf37.jpg
20251021_160745,7.75,2.930788,-4.819212,0.9925129748882044,0.18143622064962983,/home/nfs/data/nvme_datasets/Pictures_CFSB_leaf_damage/RSFB-Phenotyping_training_set/RSFB-Phenotyping_training_set/20251021_160745.jpg,/home/user/tabbakhab1/dev/project/cache/grid_crops_1400_inset075/20251021_160745_gridv3_36ff4330d68d.jpg
20251021_123050,3.5,5.517626,2.0176258,0.9882163993382402,0.20875577302649617,/home/nfs/data/nvme_datasets/Pictures_CFSB_leaf_damage/RSFB-Phenotyping_training_set/RSFB-Phenotyping_training_set/20251021_123050.jpg,/home/user/tabbakhab1/dev/project/cache/grid_crops_1400_inset075/20251021_123050_gridv3_ff42a152aa8a.jpg
20251021_131011,1.5,3.458974,1.9589739,0.9880427958932705,0.2050454681739211,/home/nfs/data/nvme_datasets/Pictures_CFSB_leaf_damage/RSFB-Phenotyping_training_set/RSFB-Phenotyping_training_set/20251021_131011.jpg,/home/user/tabbakhab1/dev/project/cache/grid_crops_1400_inset075/20251021_131011_gridv3_cfc2e0c83ac8.jpg
20251021_162646,13.5,8.823561,-4.6764393,0.9935401737976478,0.17329761618748307,/home/nfs/data/nvme_datasets/Pictures_CFSB_leaf_damage/RSFB-Phenotyping_training_set/RSFB-Phenotyping_training_set/20251021_162646.jpg,/home/user/tabbakhab1/dev/project/cache/grid_crops_1400_inset075/20251021_162646_gridv3_037df2103a60.jpg
20251021_161150,1.0,4.4771633,3.4771633,0.9907590965918164,0.18987061362713575,/home/nfs/data/nvme_datasets/Pictures_CFSB_leaf_damage/RSFB-Phenotyping_training_set/RSFB-Phenotyping_training_set/20251021_161150.jpg,/home/user/tabbakhab1/dev/project/cache/grid_crops_1400_inset075/20251021_161150_gridv3_958ec8b939c0.jpg
20251021_121618,23.25,20.093645,-3.156355,0.9818151702124222,0.24660154059529305,/home/nfs/data/nvme_datasets/Pictures_CFSB_leaf_damage/RSFB-Phenotyping_training_set/RSFB-Phenotyping_training_set/20251021_121618.jpg,/home/user/tabbakhab1/dev/project/cache/grid_crops_1400_inset075/20251021_121618_gridv3_75352070cf75.jpg
20251021_121327,9.75,3.7357943,-6.014206,0.9908224173698243,0.18973526684567332,/home/nfs/data/nvme_datasets/Pictures_CFSB_leaf_damage/RSFB-Phenotyping_training_set/RSFB-Phenotyping_training_set/20251021_121327.jpg,/home/user/tabbakhab1/dev/project/cache/grid_crops_1400_inset075/20251021_121327_gridv3_902e29058b4b.jpg
20251021_123625,4.25,3.8121586,-0.43784142,0.99278702222728,0.18504441529512405,/home/nfs/data/nvme_datasets/Pictures_CFSB_leaf_damage/RSFB-Phenotyping_training_set/RSFB-Phenotyping_training_set/20251021_123625.jpg,/home/user/tabbakhab1/dev/project/cache/grid_crops_1400_inset075/20251021_123625_gridv3_8133a147267e.jpg
20251021_131146,5.0,3.65943,-1.34057,0.9908532576804008,0.18961784150451422,/home/nfs/data/nvme_datasets/Pictures_CFSB_leaf_damage/RSFB-Phenotyping_training_set/RSFB-Phenotyping_training_set/20251021_131146.jpg,/home/user/tabbakhab1/dev/project/cache/grid_crops_1400_inset075/20251021_131146_gridv3_ade26be23fc8.jpg
20251021_124309,8.25,6.3679733,-1.8820267,0.9918047356152058,0.1899433620274067,/home/nfs/data/nvme_datasets/Pictures_CFSB_leaf_damage/RSFB-Phenotyping_training_set/RSFB-Phenotyping_training_set/20251021_124309.jpg,/home/user/tabbakhab1/dev/project/cache/grid_crops_1400_inset075/20251021_124309_gridv3_288f5bafc932.jpg
20251021_121810,9.5,8.596059,-0.90394115,0.9889859832818797,0.20208798255771399,/home/nfs/data/nvme_datasets/Pictures_CFSB_leaf_damage/RSFB-Phenotyping_training_set/RSFB-Phenotyping_training_set/20251021_121810.jpg,/home/user/tabbakhab1/dev/project/cache/grid_crops_1400_inset075/20251021_121810_gridv3_00afc8e48389.jpg
20251021_124154,11.5,8.826742,-2.6732578,0.9848667453283626,0.22654053941369057,/home/nfs/data/nvme_datasets/Pictures_CFSB_leaf_damage/RSFB-Phenotyping_training_set/RSFB-Phenotyping_training_set/20251021_124154.jpg,/home/user/tabbakhab1/dev/project/cache/grid_crops_1400_inset075/20251021_124154_gridv3_2bf9e8449a4e.jpg
20251021_155534,18.75,15.906342,-2.8436584,0.9908025331011459,0.1920805973932147,/home/nfs/data/nvme_datasets/Pictures_CFSB_leaf_damage/RSFB-Phenotyping_training_set/RSFB-Phenotyping_training_set/20251021_155534.jpg,/home/user/tabbakhab1/dev/project/cache/grid_crops_1400_inset075/20251021_155534_gridv3_51e3f0304d5c.jpg
20251021_152521,1.5999999,2.1989646,0.5989647,0.9934637622848418,0.17138348147273064,/home/nfs/data/nvme_datasets/Pictures_CFSB_leaf_damage/RSFB-Phenotyping_training_set/RSFB-Phenotyping_training_set/20251021_152521.jpg,/home/user/tabbakhab1/dev/project/cache/grid_crops_1400_inset075/20251021_152521_gridv3_d91eb1fb6417.jpg
20251021_131803,2.25,6.8679204,4.6179204,0.9813850235413407,0.24466528743505478,/home/nfs/data/nvme_datasets/Pictures_CFSB_leaf_damage/RSFB-Phenotyping_training_set/RSFB-Phenotyping_training_set/20251021_131803.jpg,/home/user/tabbakhab1/dev/project/cache/grid_crops_1400_inset075/20251021_131803_gridv3_ad10a03dc807.jpg
20251021_162630,17.25,15.823614,-1.4263859,0.9906335499259964,0.19295474654063582,/home/nfs/data/nvme_datasets/Pictures_CFSB_leaf_damage/RSFB-Phenotyping_training_set/RSFB-Phenotyping_training_set/20251021_162630.jpg,/home/user/tabbakhab1/dev/project/cache/grid_crops_1400_inset075/20251021_162630_gridv3_b6e6b26ddaaa.jpg
20251021_124605,27.5,15.308155,-12.191845,0.9901944566756302,0.1981140086427331,/home/nfs/data/nvme_datasets/Pictures_CFSB_leaf_damage/RSFB-Phenotyping_training_set/RSFB-Phenotyping_training_set/20251021_124605.jpg,/home/user/tabbakhab1/dev/project/cache/grid_crops_1400_inset075/20251021_124605_gridv3_05308b98eef0.jpg
20251021_154210,11.5,11.248124,-0.25187588,0.9902066326983591,0.19307919964194298,/home/nfs/data/nvme_datasets/Pictures_CFSB_leaf_damage/RSFB-Phenotyping_training_set/RSFB-Phenotyping_training_set/20251021_154210.jpg,/home/user/tabbakhab1/dev/project/cache/grid_crops_1400_inset075/20251021_154210_gridv3_1c9aacf3e898.jpg
20251021_160732,1.25,4.7635293,3.5135293,0.9933360508691442,0.17792031448334455,/home/nfs/data/nvme_datasets/Pictures_CFSB_leaf_damage/RSFB-Phenotyping_training_set/RSFB-Phenotyping_training_set/20251021_160732.jpg,/home/user/tabbakhab1/dev/project/cache/grid_crops_1400_inset075/20251021_160732_gridv3_d9080ac44ecd.jpg
20251021_155541,11.5,16.288162,4.788162,0.9935605639956552,0.17934872303158045,/home/nfs/data/nvme_datasets/Pictures_CFSB_leaf_damage/RSFB-Phenotyping_training_set/RSFB-Phenotyping_training_set/20251021_155541.jpg,/home/user/tabbakhab1/dev/project/cache/grid_crops_1400_inset075/20251021_155541_gridv3_9e2a542358b4.jpg
20251021_155347,9.75,11.073123,1.323123,0.9891150101989834,0.20551147731021047,/home/nfs/data/nvme_datasets/Pictures_CFSB_leaf_damage/RSFB-Phenotyping_training_set/RSFB-Phenotyping_training_set/20251021_155347.jpg,/home/user/tabbakhab1/dev/project/cache/grid_crops_1400_inset075/20251021_155347_gridv3_1592aa57391d.jpg
20251021_151633,8.0,4.464436,-3.535564,0.9915854223588544,0.1885165013372898,/home/nfs/data/nvme_datasets/Pictures_CFSB_leaf_damage/RSFB-Phenotyping_training_set/RSFB-Phenotyping_training_set/20251021_151633.jpg,/home/user/tabbakhab1/dev/project/cache/grid_crops_1400_inset075/20251021_151633_gridv3_fd61c52bcd7a.jpg
20251021_131646,5.5,6.389451,0.889451,0.9831868577222005,0.23827281594276428,/home/nfs/data/nvme_datasets/Pictures_CFSB_leaf_damage/RSFB-Phenotyping_training_set/RSFB-Phenotyping_training_set/20251021_131646.jpg,/home/user/tabbakhab1/dev/project/cache/grid_crops_1400_inset075/20251021_131646_gridv3_c8473bfd8b31.jpg
20251021_124920,4.0,9.916523,5.916523,0.9867407505987356,0.2192927524447441,/home/nfs/data/nvme_datasets/Pictures_CFSB_leaf_damage/RSFB-Phenotyping_training_set/RSFB-Phenotyping_training_set/20251021_124920.jpg,/home/user/tabbakhab1/dev/project/cache/grid_crops_1400_inset075/20251021_124920_gridv3_269d96bcf3de.jpg
20251021_151403,5.25,7.031586,1.7815862,0.9944321897346141,0.17267152993008494,/home/nfs/data/nvme_datasets/Pictures_CFSB_leaf_damage/RSFB-Phenotyping_training_set/RSFB-Phenotyping_training_set/20251021_151403.jpg,/home/user/tabbakhab1/dev/project/cache/grid_crops_1400_inset075/20251021_151403_gridv3_a31f9eae231c.jpg
20251021_130935,5.5,2.7430596,-2.7569404,0.9903041070333546,0.2012072391808033,/home/nfs/data/nvme_datasets/Pictures_CFSB_leaf_damage/RSFB-Phenotyping_training_set/RSFB-Phenotyping_training_set/20251021_130935.jpg,/home/user/tabbakhab1/dev/project/cache/grid_crops_1400_inset075/20251021_130935_gridv3_c67d00df919e.jpg
20251021_120939,20.25,18.451815,-1.7981853,0.9892729361463394,0.20072305900976062,/home/nfs/data/nvme_datasets/Pictures_CFSB_leaf_damage/RSFB-Phenotyping_training_set/RSFB-Phenotyping_training_set/20251021_120939.jpg,/home/user/tabbakhab1/dev/project/cache/grid_crops_1400_inset075/20251021_120939_gridv3_d711613773c4.jpg
20251021_125148,2.0,7.1890874,5.1890874,0.9899298745510741,0.20100392680615187,/home/nfs/data/nvme_datasets/Pictures_CFSB_leaf_damage/RSFB-Phenotyping_training_set/RSFB-Phenotyping_training_set/20251021_125148.jpg,/home/user/tabbakhab1/dev/project/cache/grid_crops_1400_inset075/20251021_125148_gridv3_04d14401c25b.jpg
20251021_122502,15.0,9.846522,-5.1534777,0.991850338275989,0.18532225163653493,/home/nfs/data/nvme_datasets/Pictures_CFSB_leaf_damage/RSFB-Phenotyping_training_set/RSFB-Phenotyping_training_set/20251021_122502.jpg,/home/user/tabbakhab1/dev/project/cache/grid_crops_1400_inset075/20251021_122502_gridv3_9e1612a9ef2a.jpg
20251021_121320,13.5,6.669055,-6.830945,0.9907895393148871,0.1971708070486784,/home/nfs/data/nvme_datasets/Pictures_CFSB_leaf_damage/RSFB-Phenotyping_training_set/RSFB-Phenotyping_training_set/20251021_121320.jpg,/home/user/tabbakhab1/dev/project/cache/grid_crops_1400_inset075/20251021_121320_gridv3_8e8f04514369.jpg
20251021_163055,2.0,2.469421,0.4694209,0.9933103257251651,0.1752705886028707,/home/nfs/data/nvme_datasets/Pictures_CFSB_leaf_damage/RSFB-Phenotyping_training_set/RSFB-Phenotyping_training_set/20251021_163055.jpg,/home/user/tabbakhab1/dev/project/cache/grid_crops_1400_inset075/20251021_163055_gridv3_d5db1928f61d.jpg
20251021_155758,0.0,1.3716855,1.3716855,0.998372700693195,0.13174617663025856,/home/nfs/data/nvme_datasets/Pictures_CFSB_leaf_damage/RSFB-Phenotyping_training_set/RSFB-Phenotyping_training_set/20251021_155758.jpg,/home/user/tabbakhab1/dev/project/cache/grid_crops_1400_inset075/20251021_155758_gridv3_69d862dd2d33.jpg
20251021_120926,21.25,11.744492,-9.505508,0.9886302167593498,0.2048134976066649,/home/nfs/data/nvme_datasets/Pictures_CFSB_leaf_damage/RSFB-Phenotyping_training_set/RSFB-Phenotyping_training_set/20251021_120926.jpg,/home/user/tabbakhab1/dev/project/cache/grid_crops_1400_inset075/20251021_120926_gridv3_f34602797b70.jpg
20251021_160133,4.0,11.521763,7.521763,0.9958041839161432,0.15840423200279474,/home/nfs/data/nvme_datasets/Pictures_CFSB_leaf_damage/RSFB-Phenotyping_training_set/RSFB-Phenotyping_training_set/20251021_160133.jpg,/home/user/tabbakhab1/dev/project/cache/grid_crops_1400_inset075/20251021_160133_gridv3_4c4b6b3ec13b.jpg
20251021_123220,7.0,10.086752,3.086752,0.9869917083493862,0.2115236520767212,/home/nfs/data/nvme_datasets/Pictures_CFSB_leaf_damage/RSFB-Phenotyping_training_set/RSFB-Phenotyping_training_set/20251021_123220.jpg,/home/user/tabbakhab1/dev/project/cache/grid_crops_1400_inset075/20251021_123220_gridv3_81d37d2d4ff4.jpg
20251021_125035,5.25,2.937152,-2.312848,0.991091673624492,0.190713110845536,/home/nfs/data/nvme_datasets/Pictures_CFSB_leaf_damage/RSFB-Phenotyping_training_set/RSFB-Phenotyping_training_set/20251021_125035.jpg,/home/user/tabbakhab1/dev/project/cache/grid_crops_1400_inset075/20251021_125035_gridv3_35b73f785ac5.jpg
20251021_154614,4.25,8.919811,4.6698112,0.9910283046116588,0.1871205153875053,/home/nfs/data/nvme_datasets/Pictures_CFSB_leaf_damage/RSFB-Phenotyping_training_set/RSFB-Phenotyping_training_set/20251021_154614.jpg,/home/user/tabbakhab1/dev/project/cache/grid_crops_1400_inset075/20251021_154614_gridv3_76f8d16e6196.jpg
20251021_155407,0.7500005,2.9880614,2.238061,0.9918399222046574,0.19343901937827468,/home/nfs/data/nvme_datasets/Pictures_CFSB_leaf_damage/RSFB-Phenotyping_training_set/RSFB-Phenotyping_training_set/20251021_155407.jpg,/home/user/tabbakhab1/dev/project/cache/grid_crops_1400_inset075/20251021_155407_gridv3_5cdc07fb618a.jpg
20251021_121704,2.0,5.976607,3.9766068,0.9891157414975427,0.2041738866828382,/home/nfs/data/nvme_datasets/Pictures_CFSB_leaf_damage/RSFB-Phenotyping_training_set/RSFB-Phenotyping_training_set/20251021_121704.jpg,/home/user/tabbakhab1/dev/project/cache/grid_crops_1400_inset075/20251021_121704_gridv3_0f0d4c1e9758.jpg
20251021_131634,1.25,4.5980735,3.3480735,0.9902986511632498,0.1884761555120349,/home/nfs/data/nvme_datasets/Pictures_CFSB_leaf_damage/RSFB-Phenotyping_training_set/RSFB-Phenotyping_training_set/20251021_131634.jpg,/home/user/tabbakhab1/dev/project/cache/grid_crops_1400_inset075/20251021_131634_gridv3_f842eeafd881.jpg
20251021_151952,4.25,2.8226056,-1.4273944,0.9930396862386126,0.18323495890945196,/home/nfs/data/nvme_datasets/Pictures_CFSB_leaf_damage/RSFB-Phenotyping_training_set/RSFB-Phenotyping_training_set/20251021_151952.jpg,/home/user/tabbakhab1/dev/project/cache/grid_crops_1400_inset075/20251021_151952_gridv3_00ca7b203552.jpg
20251021_121633,3.25,4.812848,1.5628481,0.9866457525779603,0.21947981184348464,/home/nfs/data/nvme_datasets/Pictures_CFSB_leaf_damage/RSFB-Phenotyping_training_set/RSFB-Phenotyping_training_set/20251021_121633.jpg,/home/user/tabbakhab1/dev/project/cache/grid_crops_1400_inset075/20251021_121633_gridv3_faa95cff2abb.jpg
20251021_121034,17.5,13.278139,-4.221861,0.9903223120899444,0.1957955388352275,/home/nfs/data/nvme_datasets/Pictures_CFSB_leaf_damage/RSFB-Phenotyping_training_set/RSFB-Phenotyping_training_set/20251021_121034.jpg,/home/user/tabbakhab1/dev/project/cache/grid_crops_1400_inset075/20251021_121034_gridv3_e11538bb4a1b.jpg
20251021_162057,4.5,1.1775928,-3.3224072,0.994701905436662,0.1684206654317677,/home/nfs/data/nvme_datasets/Pictures_CFSB_leaf_damage/RSFB-Phenotyping_training_set/RSFB-Phenotyping_training_set/20251021_162057.jpg,/home/user/tabbakhab1/dev/project/cache/grid_crops_1400_inset075/20251021_162057_gridv3_ea8a3abf52a7.jpg
20251021_125003,2.65,11.524944,8.874945,0.9941422083800189,0.16494497144594789,/home/nfs/data/nvme_datasets/Pictures_CFSB_leaf_damage/RSFB-Phenotyping_training_set/RSFB-Phenotyping_training_set/20251021_125003.jpg,/home/user/tabbakhab1/dev/project/cache/grid_crops_1400_inset075/20251021_125003_gridv3_391f0a46277f.jpg
20251021_151731,3.25,4.200343,0.95034313,0.9929452357089006,0.17144305631518364,/home/nfs/data/nvme_datasets/Pictures_CFSB_leaf_damage/RSFB-Phenotyping_training_set/RSFB-Phenotyping_training_set/20251021_151731.jpg,/home/user/tabbakhab1/dev/project/cache/grid_crops_1400_inset075/20251021_151731_gridv3_d64c4734b819.jpg
20251021_162321,1.7000003,2.2371464,0.5371461,0.9931024874072616,0.1810967791825533,/home/nfs/data/nvme_datasets/Pictures_CFSB_leaf_damage/RSFB-Phenotyping_training_set/RSFB-Phenotyping_training_set/20251021_162321.jpg,/home/user/tabbakhab1/dev/project/cache/grid_crops_1400_inset075/20251021_162321_gridv3_6105d1d9634e.jpg
20251021_125215,27.5,17.707264,-9.792736,0.9853327776089719,0.21816332591697574,/home/nfs/data/nvme_datasets/Pictures_CFSB_leaf_damage/RSFB-Phenotyping_training_set/RSFB-Phenotyping_training_set/20251021_125215.jpg,/home/user/tabbakhab1/dev/project/cache/grid_crops_1400_inset075/20251021_125215_gridv3_cd0f32ee4c48.jpg
20251021_125129,0.9000001,2.6189675,1.7189674,0.9963657806758814,0.15225236164405942,/home/nfs/data/nvme_datasets/Pictures_CFSB_leaf_damage/RSFB-Phenotyping_training_set/RSFB-Phenotyping_training_set/20251021_125129.jpg,/home/user/tabbakhab1/dev/project/cache/grid_crops_1400_inset075/20251021_125129_gridv3_12fcd5f38d3e.jpg
20251021_161028,2.75,4.5376186,1.7876186,0.9932295326667286,0.1767086465843022,/home/nfs/data/nvme_datasets/Pictures_CFSB_leaf_damage/RSFB-Phenotyping_training_set/RSFB-Phenotyping_training_set/20251021_161028.jpg,/home/user/tabbakhab1/dev/project/cache/grid_crops_1400_inset075/20251021_161028_gridv3_6d57a83ae3ca.jpg
20251021_160658,1.5,0.96440935,-0.53559065,0.9916900739617878,0.19177227281033993,/home/nfs/data/nvme_datasets/Pictures_CFSB_leaf_damage/RSFB-Phenotyping_training_set/RSFB-Phenotyping_training_set/20251021_160658.jpg,/home/user/tabbakhab1/dev/project/cache/grid_crops_1400_inset075/20251021_160658_gridv3_60552f858335.jpg
20251021_162313,1.75,2.125782,0.375782,0.99425693247291,0.16335393534973264,/home/nfs/data/nvme_datasets/Pictures_CFSB_leaf_damage/RSFB-Phenotyping_training_set/RSFB-Phenotyping_training_set/20251021_162313.jpg,/home/user/tabbakhab1/dev/project/cache/grid_crops_1400_inset075/20251021_162313_gridv3_9ea597bcd2f9.jpg
20251021_163044,4.0,10.007206,6.007206,0.9918262520832208,0.1868273913860321,/home/nfs/data/nvme_datasets/Pictures_CFSB_leaf_damage/RSFB-Phenotyping_training_set/RSFB-Phenotyping_training_set/20251021_163044.jpg,/home/user/tabbakhab1/dev/project/cache/grid_crops_1400_inset075/20251021_163044_gridv3_ba02f8eaefdc.jpg
20251021_160541,3.75,4.768302,1.018302,0.9913811922212269,0.1927929650992155,/home/nfs/data/nvme_datasets/Pictures_CFSB_leaf_damage/RSFB-Phenotyping_training_set/RSFB-Phenotyping_training_set/20251021_160541.jpg,/home/user/tabbakhab1/dev/project/cache/grid_crops_1400_inset075/20251021_160541_gridv3_a6eec9597bee.jpg
