filename,target,prediction,residual,tile_attention_normalized_entropy,top_tile_index,top_tile_weight,source_image_path,processed_image_path,feature_cache_path,tile_00_weight,tile_01_weight,tile_02_weight,tile_03_weight,tile_04_weight,tile_05_weight,tile_06_weight,tile_07_weight,tile_08_weight,tile_09_weight,tile_10_weight,tile_11_weight,tile_12_weight,tile_13_weight,tile_14_weight,tile_15_weight
20251021_122843,12.25,5.36201,-6.88799,0.7759624481020179,0,0.23773497,/home/nfs/data/nvme_datasets/Pictures_CFSB_leaf_damage/RSFB-Phenotyping_training_set/RSFB-Phenotyping_training_set/20251021_122843.jpg,/home/user/tabbakhab1/dev/project/cache/grid_crops_1400_inset075/20251021_122843_gridv3_b6cc079d1d0b.jpg,cache/dinov3_grid_tiled_mil_features_4x4/20251021_122843_51498f5f0cf46d0c.npz,0.23773497,0.007812934,0.01894036,0.11155966,0.007877778,0.008806078,0.012039074,0.025920387,0.007397878,0.053424876,0.012914756,0.01993007,0.015720047,0.11106748,0.11438668,0.23446706
20251021_123838,4.75,5.6837234,0.93372345,0.8295125424340625,14,0.21690181,/home/nfs/data/nvme_datasets/Pictures_CFSB_leaf_damage/RSFB-Phenotyping_training_set/RSFB-Phenotyping_training_set/20251021_123838.jpg,/home/user/tabbakhab1/dev/project/cache/grid_crops_1400_inset075/20251021_123838_gridv3_9d676a910923.jpg,cache/dinov3_grid_tiled_mil_features_4x4/20251021_123838_134eb2e0c599eaa7.npz,0.16839266,0.006587332,0.032902874,0.108796015,0.11918329,0.03083561,0.063992314,0.018639497,0.0054366607,0.0059317057,0.007426552,0.032119174,0.014362136,0.05197275,0.21690181,0.11651959
20251021_121858,44.0,23.373808,-20.626192,0.7743815144435098,15,0.24380842,/home/nfs/data/nvme_datasets/Pictures_CFSB_leaf_damage/RSFB-Phenotyping_training_set/RSFB-Phenotyping_training_set/20251021_121858.jpg,/home/user/tabbakhab1/dev/project/cache/grid_crops_1400_inset075/20251021_121858_gridv3_d02e9dfb7d0a.jpg,cache/dinov3_grid_tiled_mil_features_4x4/20251021_121858_dffe0ddd701a2ff5.npz,0.20885526,0.10737173,0.015953377,0.025399985,0.13439292,0.061443567,0.011016563,0.006441674,0.0063064042,0.0065929,0.012494352,0.025405703,0.0130122695,0.0074136467,0.11409128,0.24380842
20251021_162459,1.5,4.5196977,3.0196977,0.7987568450819048,0,0.20858797,/home/nfs/data/nvme_datasets/Pictures_CFSB_leaf_damage/RSFB-Phenotyping_training_set/RSFB-Phenotyping_training_set/20251021_162459.jpg,/home/user/tabbakhab1/dev/project/cache/grid_crops_1400_inset075/20251021_162459_gridv3_f55cb1ad15fb.jpg,cache/dinov3_grid_tiled_mil_features_4x4/20251021_162459_614ff3625eb64544.npz,0.20858797,0.097763665,0.04401563,0.19224243,0.008553252,0.007469708,0.0100312745,0.008325221,0.028912367,0.013573739,0.015451727,0.015506367,0.15614246,0.028358415,0.021763831,0.14330196
20251021_162013,1.0,2.67833,1.67833,0.9488152848535721,3,0.13830149,/home/nfs/data/nvme_datasets/Pictures_CFSB_leaf_damage/RSFB-Phenotyping_training_set/RSFB-Phenotyping_training_set/20251021_162013.jpg,/home/user/tabbakhab1/dev/project/cache/grid_crops_1400_inset075/20251021_162013_gridv3_93a3b2637615.jpg,cache/dinov3_grid_tiled_mil_features_4x4/20251021_162013_6e0547827f157c16.npz,0.044613864,0.037697814,0.0412791,0.13830149,0.03247002,0.028695727,0.04457243,0.091116615,0.046545792,0.053823013,0.09734234,0.09929502,0.038209997,0.044363573,0.13042386,0.031249322
20251021_132836,7.5,9.0080385,1.5080385,0.8417209445261711,11,0.18129194,/home/nfs/data/nvme_datasets/Pictures_CFSB_leaf_damage/RSFB-Phenotyping_training_set/RSFB-Phenotyping_training_set/20251021_132836.jpg,/home/user/tabbakhab1/dev/project/cache/grid_crops_1400_inset075/20251021_132836_gridv3_a2df5c4bfde1.jpg,cache/dinov3_grid_tiled_mil_features_4x4/20251021_132836_a205c339f2e431c7.npz,0.029027373,0.008269186,0.045738183,0.030530317,0.008479493,0.008952002,0.006968689,0.007765704,0.022520732,0.04824232,0.15016168,0.18129194,0.069896266,0.09614684,0.117344916,0.16866441
20251021_132147,6.5,2.8962755,-3.6037245,0.7911459178140672,3,0.27924883,/home/nfs/data/nvme_datasets/Pictures_CFSB_leaf_damage/RSFB-Phenotyping_training_set/RSFB-Phenotyping_training_set/20251021_132147.jpg,/home/user/tabbakhab1/dev/project/cache/grid_crops_1400_inset075/20251021_132147_gridv3_8b4768d5f1c0.jpg,cache/dinov3_grid_tiled_mil_features_4x4/20251021_132147_74eba3f0d5713069.npz,0.01676237,0.10598471,0.2049385,0.27924883,0.010783491,0.019554717,0.023252895,0.015508174,0.020262932,0.017712908,0.030269444,0.012088518,0.13774373,0.039438874,0.049473643,0.016976234
20251021_121100,19.5,18.187588,-1.3124123,0.830558551117704,2,0.1831102,/home/nfs/data/nvme_datasets/Pictures_CFSB_leaf_damage/RSFB-Phenotyping_training_set/RSFB-Phenotyping_training_set/20251021_121100.jpg,/home/user/tabbakhab1/dev/project/cache/grid_crops_1400_inset075/20251021_121100_gridv3_6ed33bc5f825.jpg,cache/dinov3_grid_tiled_mil_features_4x4/20251021_121100_cf1bd98a5ba1a9af.npz,0.017015599,0.0048435056,0.1831102,0.077956565,0.0050967704,0.004504939,0.004731813,0.0038699813,0.0042139925,0.07483731,0.1019333,0.14759998,0.055104285,0.12306374,0.09428497,0.09783306
20251021_160342,8.75,10.549485,1.7994852,0.8501579460666499,12,0.20318592,/home/nfs/data/nvme_datasets/Pictures_CFSB_leaf_damage/RSFB-Phenotyping_training_set/RSFB-Phenotyping_training_set/20251021_160342.jpg,/home/user/tabbakhab1/dev/project/cache/grid_crops_1400_inset075/20251021_160342_gridv3_42490fdcbf96.jpg,cache/dinov3_grid_tiled_mil_features_4x4/20251021_160342_7996de275b11eb4b.npz,0.0076522725,0.08400798,0.09661739,0.15960406,0.0052765785,0.016791334,0.0064147585,0.016062973,0.029344594,0.016129227,0.03552078,0.117344745,0.20318592,0.036480404,0.06416037,0.1054066
20251021_123809,4.75,5.0220394,0.2720394,0.7223354330879406,15,0.32802987,/home/nfs/data/nvme_datasets/Pictures_CFSB_leaf_damage/RSFB-Phenotyping_training_set/RSFB-Phenotyping_training_set/20251021_123809.jpg,/home/user/tabbakhab1/dev/project/cache/grid_crops_1400_inset075/20251021_123809_gridv3_105d9b2c9508.jpg,cache/dinov3_grid_tiled_mil_features_4x4/20251021_123809_c40afd21e9bd6786.npz,0.15887202,0.08140425,0.010315727,0.031527918,0.024773665,0.049973764,0.010962123,0.015209036,0.012554111,0.009864208,0.011905662,0.009734642,0.22358607,0.010452601,0.0108343195,0.32802987
20251021_124030,1.5,3.740099,2.240099,0.8589777965273847,0,0.22881958,/home/nfs/data/nvme_datasets/Pictures_CFSB_leaf_damage/RSFB-Phenotyping_training_set/RSFB-Phenotyping_training_set/20251021_124030.jpg,/home/user/tabbakhab1/dev/project/cache/grid_crops_1400_inset075/20251021_124030_gridv3_a2fcedf951c3.jpg,cache/dinov3_grid_tiled_mil_features_4x4/20251021_124030_acd9ee65749803fb.npz,0.22881958,0.07631812,0.07319043,0.11923448,0.019102206,0.009539166,0.025185004,0.03109432,0.012271557,0.02097486,0.028788352,0.009120283,0.044455346,0.112912364,0.14494099,0.04405292
20251021_162400,0.7500005,2.9050455,2.155045,0.7608787659623395,12,0.28734323,/home/nfs/data/nvme_datasets/Pictures_CFSB_leaf_damage/RSFB-Phenotyping_training_set/RSFB-Phenotyping_training_set/20251021_162400.jpg,/home/user/tabbakhab1/dev/project/cache/grid_crops_1400_inset075/20251021_162400_gridv3_e8cbd0b46b4e.jpg,cache/dinov3_grid_tiled_mil_features_4x4/20251021_162400_5111cb236a598d1b.npz,0.2867624,0.013506476,0.027367948,0.053934723,0.023415733,0.010726382,0.011287261,0.009975074,0.081037916,0.029471634,0.03169897,0.03905054,0.28734323,0.017725552,0.012350309,0.06434587
20251021_161432,3.25,2.7783632,-0.47163677,0.8659847413809268,3,0.1897512,/home/nfs/data/nvme_datasets/Pictures_CFSB_leaf_damage/RSFB-Phenotyping_training_set/RSFB-Phenotyping_training_set/20251021_161432.jpg,/home/user/tabbakhab1/dev/project/cache/grid_crops_1400_inset075/20251021_161432_gridv3_479a59ed0711.jpg,cache/dinov3_grid_tiled_mil_features_4x4/20251021_161432_13bcf89ad3418a83.npz,0.1378264,0.031111846,0.032586165,0.1897512,0.059179556,0.020198965,0.017919775,0.06500786,0.020567892,0.015915968,0.021946197,0.00798346,0.07595024,0.09945218,0.026551252,0.17805104
20251021_162121,3.0,3.5106761,0.51067615,0.9004434096599003,3,0.2566656,/home/nfs/data/nvme_datasets/Pictures_CFSB_leaf_damage/RSFB-Phenotyping_training_set/RSFB-Phenotyping_training_set/20251021_162121.jpg,/home/user/tabbakhab1/dev/project/cache/grid_crops_1400_inset075/20251021_162121_gridv3_53274b04a836.jpg,cache/dinov3_grid_tiled_mil_features_4x4/20251021_162121_e5ec6e9738255bf1.npz,0.054208405,0.04797854,0.051091377,0.2566656,0.037774876,0.060472332,0.035921883,0.032725066,0.03734656,0.03678708,0.036162283,0.028646765,0.14989707,0.03996887,0.042908218,0.05144505
20251021_162816,1.75,2.6503963,0.90039635,0.7148465481855566,3,0.503439,/home/nfs/data/nvme_datasets/Pictures_CFSB_leaf_damage/RSFB-Phenotyping_training_set/RSFB-Phenotyping_training_set/20251021_162816.jpg,/home/user/tabbakhab1/dev/project/cache/grid_crops_1400_inset075/20251021_162816_gridv3_dce5600c6338.jpg,cache/dinov3_grid_tiled_mil_features_4x4/20251021_162816_460638308c63d611.npz,0.046505976,0.071256526,0.043866605,0.503439,0.022749823,0.02199135,0.024918912,0.02174588,0.024385093,0.024814025,0.02016157,0.019562893,0.059778787,0.021351963,0.019810133,0.05366138
20251021_161816,2.5,8.621129,6.121129,0.6388391010563097,8,0.4620764,/home/nfs/data/nvme_datasets/Pictures_CFSB_leaf_damage/RSFB-Phenotyping_training_set/RSFB-Phenotyping_training_set/20251021_161816.jpg,/home/user/tabbakhab1/dev/project/cache/grid_crops_1400_inset075/20251021_161816_gridv3_3937f71512d6.jpg,cache/dinov3_grid_tiled_mil_features_4x4/20251021_161816_12f5ac14572a0792.npz,0.02988877,0.013194529,0.013275007,0.03269796,0.016140614,0.014814893,0.015980504,0.013491918,0.4620764,0.25970757,0.01596415,0.0123151345,0.042214286,0.016102184,0.013207689,0.02892849
20251021_130515,15.75,7.1759405,-8.5740595,0.8191143785140211,12,0.27066594,/home/nfs/data/nvme_datasets/Pictures_CFSB_leaf_damage/RSFB-Phenotyping_training_set/RSFB-Phenotyping_training_set/20251021_130515.jpg,/home/user/tabbakhab1/dev/project/cache/grid_crops_1400_inset075/20251021_130515_gridv3_683278386d65.jpg,cache/dinov3_grid_tiled_mil_features_4x4/20251021_130515_00bc2df4e55eb803.npz,0.037072938,0.07230346,0.07847913,0.10058817,0.011851171,0.038041864,0.07960567,0.079963185,0.020167122,0.0054062996,0.00854636,0.005539995,0.27066594,0.16278262,0.017277647,0.011708412
20251021_124556,8.75,4.6685476,-4.0814524,0.7553908678324109,15,0.40850565,/home/nfs/data/nvme_datasets/Pictures_CFSB_leaf_damage/RSFB-Phenotyping_training_set/RSFB-Phenotyping_training_set/20251021_124556.jpg,/home/user/tabbakhab1/dev/project/cache/grid_crops_1400_inset075/20251021_124556_gridv3_b58802114521.jpg,cache/dinov3_grid_tiled_mil_features_4x4/20251021_124556_3ff81311a0e56444.npz,0.029521555,0.037464194,0.061034847,0.0433508,0.022271661,0.026182055,0.0352048,0.009994206,0.013292185,0.009521968,0.023123046,0.027663078,0.030273039,0.1692724,0.053324502,0.40850565
20251021_162027,5.05,3.026472,-2.023528,0.8314624081521731,15,0.24068202,/home/nfs/data/nvme_datasets/Pictures_CFSB_leaf_damage/RSFB-Phenotyping_training_set/RSFB-Phenotyping_training_set/20251021_162027.jpg,/home/user/tabbakhab1/dev/project/cache/grid_crops_1400_inset075/20251021_162027_gridv3_6e1ffcb37db6.jpg,cache/dinov3_grid_tiled_mil_features_4x4/20251021_162027_7a32f4389c205014.npz,0.02323816,0.010056747,0.030323256,0.1354827,0.12794411,0.012804346,0.025950387,0.05434217,0.035041347,0.017065518,0.017843122,0.038251095,0.1794752,0.02810488,0.023394963,0.24068202
20251021_124023,2.75,3.8471432,1.0971432,0.7894725540337755,0,0.23584366,/home/nfs/data/nvme_datasets/Pictures_CFSB_leaf_damage/RSFB-Phenotyping_training_set/RSFB-Phenotyping_training_set/20251021_124023.jpg,/home/user/tabbakhab1/dev/project/cache/grid_crops_1400_inset075/20251021_124023_gridv3_356923aa968f.jpg,cache/dinov3_grid_tiled_mil_features_4x4/20251021_124023_55b5248a9aa8a2f6.npz,0.23584366,0.018248761,0.012939222,0.18687068,0.059572678,0.011949277,0.013238698,0.06598696,0.008851123,0.013605915,0.017266147,0.01336144,0.024038196,0.02468185,0.087730885,0.2058145
20251021_120858,10.25,9.862732,-0.38726807,0.781623760016457,15,0.3734811,/home/nfs/data/nvme_datasets/Pictures_CFSB_leaf_damage/RSFB-Phenotyping_training_set/RSFB-Phenotyping_training_set/20251021_120858.jpg,/home/user/tabbakhab1/dev/project/cache/grid_crops_1400_inset075/20251021_120858_gridv3_844d33db5d9c.jpg,cache/dinov3_grid_tiled_mil_features_4x4/20251021_120858_6febc77e7a523d0f.npz,0.10257949,0.02604262,0.01598959,0.045678727,0.049515355,0.032043032,0.01803515,0.017517641,0.025091905,0.028020399,0.025115136,0.035599183,0.1636199,0.022585353,0.01908546,0.3734811
20251021_163014,18.75,20.507467,1.7574673,0.8423342603082553,3,0.1531666,/home/nfs/data/nvme_datasets/Pictures_CFSB_leaf_damage/RSFB-Phenotyping_training_set/RSFB-Phenotyping_training_set/20251021_163014.jpg,/home/user/tabbakhab1/dev/project/cache/grid_crops_1400_inset075/20251021_163014_gridv3_fdf6d96d3540.jpg,cache/dinov3_grid_tiled_mil_features_4x4/20251021_163014_725bd2c494ddf770.npz,0.1368055,0.09649909,0.03892138,0.1531666,0.111632295,0.0826504,0.03624603,0.12107224,0.0029896002,0.0032419492,0.0032255275,0.0031698977,0.0076424703,0.07882993,0.11640695,0.007500159
20251021_121149,16.0,13.96471,-2.0352898,0.8083051958784637,5,0.20359245,/home/nfs/data/nvme_datasets/Pictures_CFSB_leaf_damage/RSFB-Phenotyping_training_set/RSFB-Phenotyping_training_set/20251021_121149.jpg,/home/user/tabbakhab1/dev/project/cache/grid_crops_1400_inset075/20251021_121149_gridv3_3257334ad6c5.jpg,cache/dinov3_grid_tiled_mil_features_4x4/20251021_121149_e2c7c4148ce056a9.npz,0.0101776365,0.100361265,0.07010374,0.02082376,0.18325421,0.20359245,0.096256554,0.0077023623,0.006487835,0.00629222,0.0073747667,0.03146477,0.019014025,0.062954694,0.009027323,0.16511244
20251021_151843,28.0,20.177073,-7.8229275,0.788828679890808,15,0.2231404,/home/nfs/data/nvme_datasets/Pictures_CFSB_leaf_damage/RSFB-Phenotyping_training_set/RSFB-Phenotyping_training_set/20251021_151843.jpg,/home/user/tabbakhab1/dev/project/cache/grid_crops_1400_inset075/20251021_151843_gridv3_df30b23b462a.jpg,cache/dinov3_grid_tiled_mil_features_4x4/20251021_151843_d3ce19fc14cd40e8.npz,0.0068563446,0.044315588,0.07058279,0.045479722,0.15426205,0.117214896,0.13092057,0.028951272,0.0039531575,0.0042719003,0.0042451457,0.004184563,0.008354801,0.006022328,0.14724453,0.2231404
20251021_123915,14.25,15.712503,1.4625034,0.8147059477429519,15,0.19885328,/home/nfs/data/nvme_datasets/Pictures_CFSB_leaf_damage/RSFB-Phenotyping_training_set/RSFB-Phenotyping_training_set/20251021_123915.jpg,/home/user/tabbakhab1/dev/project/cache/grid_crops_1400_inset075/20251021_123915_gridv3_720755f73394.jpg,cache/dinov3_grid_tiled_mil_features_4x4/20251021_123915_c23c8283702ee7f5.npz,0.14017533,0.004314868,0.079119325,0.11379167,0.08236142,0.043358933,0.12926416,0.061837602,0.004026456,0.004892793,0.0046052267,0.0040913834,0.008518967,0.005065933,0.11572268,0.19885328
20251021_132117,4.25,4.895409,0.6454091,0.8367834059050998,0,0.21065637,/home/nfs/data/nvme_datasets/Pictures_CFSB_leaf_damage/RSFB-Phenotyping_training_set/RSFB-Phenotyping_training_set/20251021_132117.jpg,/home/user/tabbakhab1/dev/project/cache/grid_crops_1400_inset075/20251021_132117_gridv3_88ca91a8a390.jpg,cache/dinov3_grid_tiled_mil_features_4x4/20251021_132117_3df57468f8503174.npz,0.21065637,0.10821669,0.014171112,0.12568359,0.016133398,0.028729701,0.010894612,0.017212039,0.039005022,0.031066066,0.011849887,0.034109537,0.19179389,0.044991825,0.010378369,0.105107844
20251021_162332,8.5,6.3347826,-2.1652174,0.8311560934600101,15,0.20877588,/home/nfs/data/nvme_datasets/Pictures_CFSB_leaf_damage/RSFB-Phenotyping_training_set/RSFB-Phenotyping_training_set/20251021_162332.jpg,/home/user/tabbakhab1/dev/project/cache/grid_crops_1400_inset075/20251021_162332_gridv3_57e1f8f6c2ea.jpg,cache/dinov3_grid_tiled_mil_features_4x4/20251021_162332_147939a389a4f91c.npz,0.01510741,0.059136465,0.017694477,0.09919596,0.0051769423,0.024876898,0.008811408,0.03401155,0.0054159546,0.021152241,0.0770506,0.014203214,0.10714018,0.11694464,0.18530615,0.20877588
20251021_123858,13.5,13.165085,-0.33491516,0.8932857622683856,5,0.1250487,/home/nfs/data/nvme_datasets/Pictures_CFSB_leaf_damage/RSFB-Phenotyping_training_set/RSFB-Phenotyping_training_set/20251021_123858.jpg,/home/user/tabbakhab1/dev/project/cache/grid_crops_1400_inset075/20251021_123858_gridv3_b463ba05be8c.jpg,cache/dinov3_grid_tiled_mil_features_4x4/20251021_123858_2555413c98169648.npz,0.10558303,0.11294933,0.081582874,0.12277463,0.08807564,0.1250487,0.035673678,0.022374315,0.0030692809,0.012344216,0.013080885,0.016922994,0.0088993795,0.06199499,0.11805422,0.07157188
20251021_121804,12.75,15.142976,2.3929758,0.835809393525787,6,0.14351276,/home/nfs/data/nvme_datasets/Pictures_CFSB_leaf_damage/RSFB-Phenotyping_training_set/RSFB-Phenotyping_training_set/20251021_121804.jpg,/home/user/tabbakhab1/dev/project/cache/grid_crops_1400_inset075/20251021_121804_gridv3_7ff41805ed78.jpg,cache/dinov3_grid_tiled_mil_features_4x4/20251021_121804_59984fc324d8735b.npz,0.009461083,0.003994248,0.004969715,0.12702592,0.14332518,0.11990519,0.14351276,0.11635934,0.017449327,0.038431127,0.0037670897,0.0034908857,0.0726781,0.007625584,0.06706329,0.12094119
20251021_131138,3.0,5.5392876,2.5392876,0.7809172532418764,0,0.25493398,/home/nfs/data/nvme_datasets/Pictures_CFSB_leaf_damage/RSFB-Phenotyping_training_set/RSFB-Phenotyping_training_set/20251021_131138.jpg,/home/user/tabbakhab1/dev/project/cache/grid_crops_1400_inset075/20251021_131138_gridv3_62d66983688a.jpg,cache/dinov3_grid_tiled_mil_features_4x4/20251021_131138_0ac8e88811ddd737.npz,0.25493398,0.1301555,0.013643836,0.12018833,0.008952699,0.007628784,0.008212337,0.008249107,0.06915616,0.024692947,0.01116934,0.007866711,0.20744053,0.07153491,0.03152623,0.024648631
20251021_125125,1.5499997,3.8033187,2.253319,0.774822449732416,0,0.24924442,/home/nfs/data/nvme_datasets/Pictures_CFSB_leaf_damage/RSFB-Phenotyping_training_set/RSFB-Phenotyping_training_set/20251021_125125.jpg,/home/user/tabbakhab1/dev/project/cache/grid_crops_1400_inset075/20251021_125125_gridv3_405563302f5c.jpg,cache/dinov3_grid_tiled_mil_features_4x4/20251021_125125_8398938d3b3c9658.npz,0.24924442,0.03355729,0.11593116,0.0302298,0.0094955815,0.01708624,0.018801866,0.012464252,0.008041939,0.009244776,0.025663346,0.13292341,0.016810277,0.01054079,0.06979287,0.24017195
20251021_151533,1.5,2.717451,1.2174511,0.8864373873587676,5,0.14073168,/home/nfs/data/nvme_datasets/Pictures_CFSB_leaf_damage/RSFB-Phenotyping_training_set/RSFB-Phenotyping_training_set/20251021_151533.jpg,/home/user/tabbakhab1/dev/project/cache/grid_crops_1400_inset075/20251021_151533_gridv3_04afaca7d75c.jpg,cache/dinov3_grid_tiled_mil_features_4x4/20251021_151533_df006df224088f84.npz,0.06601125,0.072578646,0.07993375,0.088300325,0.10470247,0.14073168,0.12318629,0.055908404,0.0078046555,0.00811442,0.01034914,0.008233609,0.016083712,0.0082166875,0.08872623,0.12111876
20251021_124852,3.25,4.1912003,0.94120026,0.695651368425421,3,0.309391,/home/nfs/data/nvme_datasets/Pictures_CFSB_leaf_damage/RSFB-Phenotyping_training_set/RSFB-Phenotyping_training_set/20251021_124852.jpg,/home/user/tabbakhab1/dev/project/cache/grid_crops_1400_inset075/20251021_124852_gridv3_b6817cdce3d7.jpg,cache/dinov3_grid_tiled_mil_features_4x4/20251021_124852_58167dc54274f96a.npz,0.016646728,0.009619939,0.029305661,0.309391,0.011016926,0.0114523,0.011869754,0.019676616,0.008719544,0.00913053,0.013976127,0.15003635,0.019945541,0.04774244,0.030089645,0.30138084
20251021_161402,4.5,10.097088,5.597088,0.8225629704873,0,0.21116912,/home/nfs/data/nvme_datasets/Pictures_CFSB_leaf_damage/RSFB-Phenotyping_training_set/RSFB-Phenotyping_training_set/20251021_161402.jpg,/home/user/tabbakhab1/dev/project/cache/grid_crops_1400_inset075/20251021_161402_gridv3_f23bf664ebe8.jpg,cache/dinov3_grid_tiled_mil_features_4x4/20251021_161402_e02f78de891976e6.npz,0.21116912,0.20770119,0.024206964,0.04883747,0.100964025,0.07344641,0.01459607,0.0047015552,0.00954147,0.01185508,0.01004755,0.0084165335,0.037243903,0.0558761,0.044718698,0.13667786
20251021_121345,13.0,9.633375,-3.3666248,0.6994797439127156,3,0.3949197,/home/nfs/data/nvme_datasets/Pictures_CFSB_leaf_damage/RSFB-Phenotyping_training_set/RSFB-Phenotyping_training_set/20251021_121345.jpg,/home/user/tabbakhab1/dev/project/cache/grid_crops_1400_inset075/20251021_121345_gridv3_fb8f1924845e.jpg,cache/dinov3_grid_tiled_mil_features_4x4/20251021_121345_4bffa157e666cc36.npz,0.0139015075,0.009621883,0.06332865,0.3949197,0.010204269,0.013356726,0.056998026,0.13333127,0.01311067,0.013898193,0.012883504,0.01175508,0.021579893,0.01541863,0.015098649,0.2005934
20251021_122314,3.5,4.5926647,1.0926647,0.8588139751907282,3,0.20052977,/home/nfs/data/nvme_datasets/Pictures_CFSB_leaf_damage/RSFB-Phenotyping_training_set/RSFB-Phenotyping_training_set/20251021_122314.jpg,/home/user/tabbakhab1/dev/project/cache/grid_crops_1400_inset075/20251021_122314_gridv3_9700792acf73.jpg,cache/dinov3_grid_tiled_mil_features_4x4/20251021_122314_8a97901764829089.npz,0.16583312,0.09727418,0.13112333,0.20052977,0.09321742,0.019941855,0.059939947,0.008088251,0.014793909,0.06641684,0.034266528,0.008941942,0.024106024,0.036838315,0.027213579,0.011474987
20251021_161010,1.5,2.5608644,1.0608644,0.7880147133225447,3,0.22083277,/home/nfs/data/nvme_datasets/Pictures_CFSB_leaf_damage/RSFB-Phenotyping_training_set/RSFB-Phenotyping_training_set/20251021_161010.jpg,/home/user/tabbakhab1/dev/project/cache/grid_crops_1400_inset075/20251021_161010_gridv3_a5a315d9f61a.jpg,cache/dinov3_grid_tiled_mil_features_4x4/20251021_161010_198fb8c344af615e.npz,0.14665063,0.027011381,0.017189039,0.22083277,0.12935053,0.02970421,0.028216198,0.01720518,0.008928327,0.011054882,0.011197924,0.008611935,0.1730398,0.01023812,0.009224648,0.15154447
20251021_162958,11.75,12.483795,0.73379517,0.7683027497312594,13,0.24618913,/home/nfs/data/nvme_datasets/Pictures_CFSB_leaf_damage/RSFB-Phenotyping_training_set/RSFB-Phenotyping_training_set/20251021_162958.jpg,/home/user/tabbakhab1/dev/project/cache/grid_crops_1400_inset075/20251021_162958_gridv3_c408f0393539.jpg,cache/dinov3_grid_tiled_mil_features_4x4/20251021_162958_adfd7c871da6ff86.npz,0.063686244,0.005274059,0.015270901,0.07311079,0.06555634,0.00610528,0.1220654,0.062128015,0.0051830197,0.0052940594,0.004815045,0.0074986517,0.23648804,0.24618913,0.07367403,0.0076610907
20251021_154700,2.25,5.883572,3.633572,0.6981261140211346,3,0.35685474,/home/nfs/data/nvme_datasets/Pictures_CFSB_leaf_damage/RSFB-Phenotyping_training_set/RSFB-Phenotyping_training_set/20251021_154700.jpg,/home/user/tabbakhab1/dev/project/cache/grid_crops_1400_inset075/20251021_154700_gridv3_97b77300af23.jpg,cache/dinov3_grid_tiled_mil_features_4x4/20251021_154700_e0c20a27c0f11c17.npz,0.09568899,0.010690037,0.009564771,0.35685474,0.00850277,0.006986537,0.009319956,0.008692596,0.00805449,0.15112336,0.020080728,0.0092506055,0.022327311,0.21058375,0.05362067,0.018658618
20251021_125811,6.25,10.167914,3.9179144,0.8114424421362828,13,0.21485882,/home/nfs/data/nvme_datasets/Pictures_CFSB_leaf_damage/RSFB-Phenotyping_training_set/RSFB-Phenotyping_training_set/20251021_125811.jpg,/home/user/tabbakhab1/dev/project/cache/grid_crops_1400_inset075/20251021_125811_gridv3_19364d126c8f.jpg,cache/dinov3_grid_tiled_mil_features_4x4/20251021_125811_83ecbc6195305f81.npz,0.09998807,0.0403304,0.004665242,0.014940935,0.12914696,0.07112436,0.005039055,0.0049234782,0.058774192,0.04949604,0.0059587196,0.0055332053,0.20003885,0.21485882,0.01806055,0.07712113
20251021_154058,2.25,3.043158,0.79315805,0.8683507855315272,13,0.1857251,/home/nfs/data/nvme_datasets/Pictures_CFSB_leaf_damage/RSFB-Phenotyping_training_set/RSFB-Phenotyping_training_set/20251021_154058.jpg,/home/user/tabbakhab1/dev/project/cache/grid_crops_1400_inset075/20251021_154058_gridv3_36a116afaead.jpg,cache/dinov3_grid_tiled_mil_features_4x4/20251021_154058_8f7eb1bdfb274e21.npz,0.07088594,0.051749658,0.028440751,0.17975737,0.074793264,0.1001588,0.10607175,0.087886676,0.015941186,0.015270129,0.01352586,0.011850612,0.023399951,0.1857251,0.014458802,0.020084107
20251021_151943,2.25,6.971462,4.721462,0.7062191307924244,12,0.4018019,/home/nfs/data/nvme_datasets/Pictures_CFSB_leaf_damage/RSFB-Phenotyping_training_set/RSFB-Phenotyping_training_set/20251021_151943.jpg,/home/user/tabbakhab1/dev/project/cache/grid_crops_1400_inset075/20251021_151943_gridv3_938297c1a777.jpg,cache/dinov3_grid_tiled_mil_features_4x4/20251021_151943_62d66ad8b8741221.npz,0.021920312,0.05434561,0.012722996,0.031040983,0.00959699,0.035494383,0.011633131,0.009053612,0.007845691,0.0088857245,0.04523487,0.016443295,0.4018019,0.022247147,0.096964024,0.2147693
20251021_130338,14.75,3.6556923,-11.094308,0.7452983441123051,12,0.3350235,/home/nfs/data/nvme_datasets/Pictures_CFSB_leaf_damage/RSFB-Phenotyping_training_set/RSFB-Phenotyping_training_set/20251021_130338.jpg,/home/user/tabbakhab1/dev/project/cache/grid_crops_1400_inset075/20251021_130338_gridv3_d76515da7951.jpg,cache/dinov3_grid_tiled_mil_features_4x4/20251021_130338_01d4efda5e945d2c.npz,0.017445821,0.011310196,0.098494954,0.08899741,0.010398611,0.012723438,0.010612506,0.011979436,0.010304612,0.013479216,0.028047895,0.025792332,0.3350235,0.014103525,0.120398276,0.19088838
20251021_130942,9.5,3.6967075,-5.8032923,0.7568566545857918,15,0.26207286,/home/nfs/data/nvme_datasets/Pictures_CFSB_leaf_damage/RSFB-Phenotyping_training_set/RSFB-Phenotyping_training_set/20251021_130942.jpg,/home/user/tabbakhab1/dev/project/cache/grid_crops_1400_inset075/20251021_130942_gridv3_75296eed617b.jpg,cache/dinov3_grid_tiled_mil_features_4x4/20251021_130942_29b8d83fd393ada0.npz,0.135331,0.022339558,0.020345027,0.015861012,0.02289377,0.039233,0.027326182,0.009308024,0.014392598,0.011403943,0.011779398,0.00735398,0.1961263,0.19170204,0.012531308,0.26207286
20251021_155710,18.25,12.621539,-5.628461,0.8200639888695855,12,0.22938962,/home/nfs/data/nvme_datasets/Pictures_CFSB_leaf_damage/RSFB-Phenotyping_training_set/RSFB-Phenotyping_training_set/20251021_155710.jpg,/home/user/tabbakhab1/dev/project/cache/grid_crops_1400_inset075/20251021_155710_gridv3_0d3a440a1a6b.jpg,cache/dinov3_grid_tiled_mil_features_4x4/20251021_155710_1b895bdf126a5e00.npz,0.020190615,0.00937152,0.1558447,0.10469044,0.004770683,0.009866329,0.03751916,0.032051694,0.049283788,0.0139864255,0.045087174,0.013741114,0.22938962,0.16691484,0.09514378,0.012148075
20251021_125208,2.25,3.6954615,1.4454615,0.8244736333479208,3,0.20415582,/home/nfs/data/nvme_datasets/Pictures_CFSB_leaf_damage/RSFB-Phenotyping_training_set/RSFB-Phenotyping_training_set/20251021_125208.jpg,/home/user/tabbakhab1/dev/project/cache/grid_crops_1400_inset075/20251021_125208_gridv3_58ab535c57af.jpg,cache/dinov3_grid_tiled_mil_features_4x4/20251021_125208_e92a1bdd1645c307.npz,0.092437096,0.06399685,0.022524823,0.20415582,0.020387214,0.040433865,0.0690618,0.09334968,0.007897118,0.009281322,0.008502956,0.007948031,0.020293796,0.2007507,0.007331607,0.13164736
20251021_154436,2.5,4.5874553,2.0874553,0.8427697473820286,3,0.19230336,/home/nfs/data/nvme_datasets/Pictures_CFSB_leaf_damage/RSFB-Phenotyping_training_set/RSFB-Phenotyping_training_set/20251021_154436.jpg,/home/user/tabbakhab1/dev/project/cache/grid_crops_1400_inset075/20251021_154436_gridv3_792f4024f8a7.jpg,cache/dinov3_grid_tiled_mil_features_4x4/20251021_154436_4564fe1d347f6701.npz,0.118763834,0.024336353,0.011351386,0.19230336,0.01811413,0.013511797,0.011936061,0.092173494,0.04694069,0.021283086,0.013194323,0.03885555,0.18995813,0.05488171,0.016167397,0.1362288
20251021_123831,3.75,5.202982,1.452982,0.7509885469274445,7,0.2967509,/home/nfs/data/nvme_datasets/Pictures_CFSB_leaf_damage/RSFB-Phenotyping_training_set/RSFB-Phenotyping_training_set/20251021_123831.jpg,/home/user/tabbakhab1/dev/project/cache/grid_crops_1400_inset075/20251021_123831_gridv3_02aae1eb81a4.jpg,cache/dinov3_grid_tiled_mil_features_4x4/20251021_123831_d4c81887b98e8aa5.npz,0.012206472,0.0124573475,0.0080060605,0.054967623,0.054009974,0.008938589,0.060178213,0.2967509,0.0077240122,0.008847225,0.010269912,0.00840057,0.0150033105,0.19173393,0.075368114,0.17513773
20251021_124506,9.0,11.838935,2.838935,0.8436129123117238,15,0.16654864,/home/nfs/data/nvme_datasets/Pictures_CFSB_leaf_damage/RSFB-Phenotyping_training_set/RSFB-Phenotyping_training_set/20251021_124506.jpg,/home/user/tabbakhab1/dev/project/cache/grid_crops_1400_inset075/20251021_124506_gridv3_b38154342bf4.jpg,cache/dinov3_grid_tiled_mil_features_4x4/20251021_124506_e50b8731a3ffeb58.npz,0.006776203,0.028344342,0.14325102,0.08095261,0.003478293,0.0034971612,0.0042591924,0.0053900317,0.11801156,0.042806126,0.040304992,0.10628365,0.14636062,0.07437013,0.02936542,0.16654864
20251021_125346,7.0,5.605956,-1.3940439,0.775249212628814,14,0.25196803,/home/nfs/data/nvme_datasets/Pictures_CFSB_leaf_damage/RSFB-Phenotyping_training_set/RSFB-Phenotyping_training_set/20251021_125346.jpg,/home/user/tabbakhab1/dev/project/cache/grid_crops_1400_inset075/20251021_125346_gridv3_7e25d8fa57d0.jpg,cache/dinov3_grid_tiled_mil_features_4x4/20251021_125346_ec048c747e01e3cb.npz,0.009730739,0.068900995,0.012363052,0.012926525,0.0059333877,0.010702739,0.008743276,0.0088701425,0.010004226,0.032594804,0.06589018,0.040354896,0.081009574,0.1748637,0.25196803,0.20514375
20251021_161705,17.0,20.704786,3.7047863,0.7948171713402042,13,0.18416934,/home/nfs/data/nvme_datasets/Pictures_CFSB_leaf_damage/RSFB-Phenotyping_training_set/RSFB-Phenotyping_training_set/20251021_161705.jpg,/home/user/tabbakhab1/dev/project/cache/grid_crops_1400_inset075/20251021_161705_gridv3_83bd464de19e.jpg,cache/dinov3_grid_tiled_mil_features_4x4/20251021_161705_5d67f8dae98e0367.npz,0.16354929,0.0065460755,0.005063029,0.051843923,0.10874559,0.0048966208,0.0046805064,0.00435251,0.09603753,0.10478108,0.0035748268,0.029723326,0.17835137,0.18416934,0.004833024,0.048852
20251021_153356,7.75,10.341421,2.5914211,0.8073063172674453,12,0.247559,/home/nfs/data/nvme_datasets/Pictures_CFSB_leaf_damage/RSFB-Phenotyping_training_set/RSFB-Phenotyping_training_set/20251021_153356.jpg,/home/user/tabbakhab1/dev/project/cache/grid_crops_1400_inset075/20251021_153356_gridv3_881aaf5dee4a.jpg,cache/dinov3_grid_tiled_mil_features_4x4/20251021_153356_0a6002790ac0e017.npz,0.057437975,0.049610335,0.056098916,0.08123025,0.0047286325,0.0054649385,0.0053932387,0.0074386536,0.06054232,0.053051848,0.030959347,0.005621795,0.247559,0.18676007,0.13789435,0.010208357
20251021_131721,3.0,4.796192,1.7961922,0.8353609534355982,12,0.22808021,/home/nfs/data/nvme_datasets/Pictures_CFSB_leaf_damage/RSFB-Phenotyping_training_set/RSFB-Phenotyping_training_set/20251021_131721.jpg,/home/user/tabbakhab1/dev/project/cache/grid_crops_1400_inset075/20251021_131721_gridv3_1e1619801c3b.jpg,cache/dinov3_grid_tiled_mil_features_4x4/20251021_131721_48613c09385b7310.npz,0.087393075,0.010737497,0.010947699,0.01738255,0.091549054,0.016763445,0.008538455,0.02300059,0.14770366,0.047600165,0.010068799,0.06819381,0.22808021,0.08118613,0.009902379,0.14095233
20251021_161525,4.75,3.0141091,-1.7358909,0.7525258050294086,3,0.2841924,/home/nfs/data/nvme_datasets/Pictures_CFSB_leaf_damage/RSFB-Phenotyping_training_set/RSFB-Phenotyping_training_set/20251021_161525.jpg,/home/user/tabbakhab1/dev/project/cache/grid_crops_1400_inset075/20251021_161525_gridv3_dac334930121.jpg,cache/dinov3_grid_tiled_mil_features_4x4/20251021_161525_3dafb81b641fae44.npz,0.016038882,0.01513171,0.02044516,0.2841924,0.017356548,0.116541155,0.05501254,0.14957023,0.011417551,0.012927381,0.013941892,0.011506216,0.22711071,0.013936261,0.014324943,0.020546446
20251021_132518,5.0,8.757689,3.7576895,0.7567452821866055,3,0.23462836,/home/nfs/data/nvme_datasets/Pictures_CFSB_leaf_damage/RSFB-Phenotyping_training_set/RSFB-Phenotyping_training_set/20251021_132518.jpg,/home/user/tabbakhab1/dev/project/cache/grid_crops_1400_inset075/20251021_132518_gridv3_b8eea91f96bb.jpg,cache/dinov3_grid_tiled_mil_features_4x4/20251021_132518_000eca69ec30607d.npz,0.21595182,0.12339003,0.02081971,0.23462836,0.0061725676,0.0062516085,0.006108249,0.0057067857,0.00563748,0.011563142,0.02091521,0.019760638,0.010797105,0.05583045,0.09015033,0.16631651
20251021_125635,0.0,5.545883,5.545883,0.9407284344570567,3,0.18377413,/home/nfs/data/nvme_datasets/Pictures_CFSB_leaf_damage/RSFB-Phenotyping_training_set/RSFB-Phenotyping_training_set/20251021_125635.jpg,/home/user/tabbakhab1/dev/project/cache/grid_crops_1400_inset075/20251021_125635_gridv3_cd390b10c9da.jpg,cache/dinov3_grid_tiled_mil_features_4x4/20251021_125635_0c45084719fc138e.npz,0.10899227,0.036367856,0.03998065,0.18377413,0.042095635,0.0363276,0.046173353,0.043041997,0.038711525,0.06826724,0.04680295,0.038855817,0.05889408,0.043001957,0.04137646,0.1273365
20251021_124048,5.25,7.4735293,2.2235293,0.7717284874498965,7,0.23643346,/home/nfs/data/nvme_datasets/Pictures_CFSB_leaf_damage/RSFB-Phenotyping_training_set/RSFB-Phenotyping_training_set/20251021_124048.jpg,/home/user/tabbakhab1/dev/project/cache/grid_crops_1400_inset075/20251021_124048_gridv3_c04cec000d30.jpg,cache/dinov3_grid_tiled_mil_features_4x4/20251021_124048_8f68dc5560c567b3.npz,0.06145446,0.016495379,0.005860207,0.17036794,0.06749668,0.06625715,0.006352504,0.23643346,0.00544575,0.0060258997,0.0070308503,0.0059068683,0.04054731,0.0073263473,0.09115168,0.2058475
20251021_162202,2.0,2.8215942,0.82159424,0.8379748728038285,15,0.24202205,/home/nfs/data/nvme_datasets/Pictures_CFSB_leaf_damage/RSFB-Phenotyping_training_set/RSFB-Phenotyping_training_set/20251021_162202.jpg,/home/user/tabbakhab1/dev/project/cache/grid_crops_1400_inset075/20251021_162202_gridv3_261e9e2f5717.jpg,cache/dinov3_grid_tiled_mil_features_4x4/20251021_162202_bd8c19e630a5d84a.npz,0.15388557,0.023651332,0.027240323,0.13665725,0.12536791,0.042704556,0.038476508,0.042131264,0.008181685,0.009423409,0.009481851,0.010285986,0.029087521,0.04713856,0.054264206,0.24202205
20251021_123500,7.0,7.216214,0.21621418,0.8575276218628556,12,0.2182261,/home/nfs/data/nvme_datasets/Pictures_CFSB_leaf_damage/RSFB-Phenotyping_training_set/RSFB-Phenotyping_training_set/20251021_123500.jpg,/home/user/tabbakhab1/dev/project/cache/grid_crops_1400_inset075/20251021_123500_gridv3_2b8e6745e1f7.jpg,cache/dinov3_grid_tiled_mil_features_4x4/20251021_123500_e11ea42d40bbe3aa.npz,0.05225216,0.0117487665,0.033040192,0.04992993,0.21123798,0.1070543,0.06272421,0.036186054,0.011671087,0.034698714,0.012422794,0.0102577135,0.2182261,0.050299387,0.057109565,0.041141063
20251021_130115,8.5,10.453659,1.953659,0.707545442638109,12,0.266183,/home/nfs/data/nvme_datasets/Pictures_CFSB_leaf_damage/RSFB-Phenotyping_training_set/RSFB-Phenotyping_training_set/20251021_130115.jpg,/home/user/tabbakhab1/dev/project/cache/grid_crops_1400_inset075/20251021_130115_gridv3_6ced4d259ef8.jpg,cache/dinov3_grid_tiled_mil_features_4x4/20251021_130115_cac751122396de0b.npz,0.112407126,0.04712189,0.007284388,0.21983494,0.007297049,0.008906833,0.008031931,0.01161824,0.0067236293,0.010989985,0.01638132,0.0074427593,0.266183,0.22710538,0.031846654,0.010824917
20251021_154427,6.5,6.0869265,-0.41307354,0.8654373094843261,3,0.17673887,/home/nfs/data/nvme_datasets/Pictures_CFSB_leaf_damage/RSFB-Phenotyping_training_set/RSFB-Phenotyping_training_set/20251021_154427.jpg,/home/user/tabbakhab1/dev/project/cache/grid_crops_1400_inset075/20251021_154427_gridv3_e64ac4206fd1.jpg,cache/dinov3_grid_tiled_mil_features_4x4/20251021_154427_11b91ae89e015d4a.npz,0.09327182,0.056242563,0.09994435,0.17673887,0.05041337,0.04247283,0.07891533,0.0377376,0.005942566,0.0055973167,0.0055384384,0.009054426,0.15721531,0.051637843,0.00867161,0.12060583
20251021_154716,5.25,9.841674,4.591674,0.8136942160713664,12,0.24996135,/home/nfs/data/nvme_datasets/Pictures_CFSB_leaf_damage/RSFB-Phenotyping_training_set/RSFB-Phenotyping_training_set/20251021_154716.jpg,/home/user/tabbakhab1/dev/project/cache/grid_crops_1400_inset075/20251021_154716_gridv3_39c492de1c6d.jpg,cache/dinov3_grid_tiled_mil_features_4x4/20251021_154716_9f8b8ed5a9cd8722.npz,0.08017873,0.054676067,0.0694944,0.18722709,0.023195248,0.03426696,0.022694947,0.0451751,0.12110292,0.005402397,0.0062380466,0.010523809,0.24996135,0.005609277,0.00520651,0.0790471
20251021_162906,4.25,9.887207,5.637207,0.8497756704558811,3,0.1998249,/home/nfs/data/nvme_datasets/Pictures_CFSB_leaf_damage/RSFB-Phenotyping_training_set/RSFB-Phenotyping_training_set/20251021_162906.jpg,/home/user/tabbakhab1/dev/project/cache/grid_crops_1400_inset075/20251021_162906_gridv3_964af2f6994f.jpg,cache/dinov3_grid_tiled_mil_features_4x4/20251021_162906_cbbd2f19c4a52b38.npz,0.06368755,0.049985997,0.027646946,0.1998249,0.04613231,0.05252312,0.07397764,0.120659396,0.009616948,0.012130556,0.0070846984,0.0073198276,0.16322866,0.13177332,0.006987427,0.02742075
20251021_131002,3.75,4.3482265,0.59822655,0.7808288800978166,14,0.20484701,/home/nfs/data/nvme_datasets/Pictures_CFSB_leaf_damage/RSFB-Phenotyping_training_set/RSFB-Phenotyping_training_set/20251021_131002.jpg,/home/user/tabbakhab1/dev/project/cache/grid_crops_1400_inset075/20251021_131002_gridv3_66352da1a976.jpg,cache/dinov3_grid_tiled_mil_features_4x4/20251021_131002_5af208c2b4ba70cb.npz,0.013978037,0.09675333,0.005343007,0.011852843,0.0058829016,0.030143352,0.0059331567,0.005895828,0.06908716,0.023974268,0.012968984,0.011713031,0.17785443,0.14538464,0.20484701,0.17838804
20251021_124134,7.25,11.958765,4.708765,0.83169887793587,15,0.23376176,/home/nfs/data/nvme_datasets/Pictures_CFSB_leaf_damage/RSFB-Phenotyping_training_set/RSFB-Phenotyping_training_set/20251021_124134.jpg,/home/user/tabbakhab1/dev/project/cache/grid_crops_1400_inset075/20251021_124134_gridv3_5e5fff0807c8.jpg,cache/dinov3_grid_tiled_mil_features_4x4/20251021_124134_a7fe58684f38d3e1.npz,0.040945545,0.039008047,0.06157043,0.038024783,0.04192184,0.05643004,0.008982346,0.00908414,0.006548228,0.005602034,0.011345231,0.035701983,0.18647277,0.13185349,0.092747256,0.23376176
20251021_154753,3.5,5.253627,1.7536268,0.8293257282643532,3,0.20440038,/home/nfs/data/nvme_datasets/Pictures_CFSB_leaf_damage/RSFB-Phenotyping_training_set/RSFB-Phenotyping_training_set/20251021_154753.jpg,/home/user/tabbakhab1/dev/project/cache/grid_crops_1400_inset075/20251021_154753_gridv3_d402e7a9dde6.jpg,cache/dinov3_grid_tiled_mil_features_4x4/20251021_154753_b06e4103d0191213.npz,0.01648785,0.08994507,0.12105457,0.20440038,0.008446227,0.008400463,0.009947514,0.0131981205,0.01092627,0.016632617,0.061798282,0.057390817,0.018151747,0.055083964,0.11344053,0.19469552
20251021_133005,24.5,23.29938,-1.2006207,0.900864942249245,3,0.12044272,/home/nfs/data/nvme_datasets/Pictures_CFSB_leaf_damage/RSFB-Phenotyping_training_set/RSFB-Phenotyping_training_set/20251021_133005.jpg,/home/user/tabbakhab1/dev/project/cache/grid_crops_1400_inset075/20251021_133005_gridv3_4ef005ae641a.jpg,cache/dinov3_grid_tiled_mil_features_4x4/20251021_133005_782582d9cf36e4e0.npz,0.08337767,0.037492298,0.097061805,0.12044272,0.06305589,0.01609853,0.11092354,0.1041585,0.013575135,0.0076349773,0.018668951,0.028723922,0.11508373,0.0025116468,0.06958134,0.11160937
20251021_162800,3.75,3.118163,-0.6318369,0.8144460719383784,14,0.20293565,/home/nfs/data/nvme_datasets/Pictures_CFSB_leaf_damage/RSFB-Phenotyping_training_set/RSFB-Phenotyping_training_set/20251021_162800.jpg,/home/user/tabbakhab1/dev/project/cache/grid_crops_1400_inset075/20251021_162800_gridv3_637463cb6c71.jpg,cache/dinov3_grid_tiled_mil_features_4x4/20251021_162800_9192f8f90131063e.npz,0.10756505,0.009833698,0.03169418,0.041158717,0.17851146,0.009086088,0.035693157,0.02498054,0.0067327605,0.007785942,0.0129245315,0.015223399,0.031170046,0.10989332,0.20293565,0.17481154
20251021_132559,14.5,10.110065,-4.3899345,0.7476832000113357,4,0.25893408,/home/nfs/data/nvme_datasets/Pictures_CFSB_leaf_damage/RSFB-Phenotyping_training_set/RSFB-Phenotyping_training_set/20251021_132559.jpg,/home/user/tabbakhab1/dev/project/cache/grid_crops_1400_inset075/20251021_132559_gridv3_f21f29d8f04c.jpg,cache/dinov3_grid_tiled_mil_features_4x4/20251021_132559_23a146de6b462104.npz,0.23054418,0.008815999,0.009133967,0.124909975,0.25893408,0.008131735,0.008255346,0.056749016,0.007746314,0.007983195,0.009132086,0.008252449,0.1536259,0.022224132,0.033950284,0.051611297
20251021_160615,2.0,3.5616586,1.5616586,0.7751865238114007,12,0.25141865,/home/nfs/data/nvme_datasets/Pictures_CFSB_leaf_damage/RSFB-Phenotyping_training_set/RSFB-Phenotyping_training_set/20251021_160615.jpg,/home/user/tabbakhab1/dev/project/cache/grid_crops_1400_inset075/20251021_160615_gridv3_47af67e5c3e5.jpg,cache/dinov3_grid_tiled_mil_features_4x4/20251021_160615_b76126f4bf57677d.npz,0.016464647,0.11094188,0.06602113,0.22343513,0.008110917,0.007376109,0.008178787,0.009078929,0.057861052,0.012164804,0.008295213,0.06279961,0.25141865,0.022905318,0.007940479,0.12700734
20251021_162506,5.0,6.468419,1.4684191,0.8349611700490831,6,0.21513316,/home/nfs/data/nvme_datasets/Pictures_CFSB_leaf_damage/RSFB-Phenotyping_training_set/RSFB-Phenotyping_training_set/20251021_162506.jpg,/home/user/tabbakhab1/dev/project/cache/grid_crops_1400_inset075/20251021_162506_gridv3_38f8ea19eee9.jpg,cache/dinov3_grid_tiled_mil_features_4x4/20251021_162506_ad993c66ae3f04f4.npz,0.10150377,0.016425777,0.15515997,0.023494488,0.04298129,0.16338591,0.21513316,0.028080171,0.007336427,0.0075625163,0.008095069,0.0074357656,0.06393461,0.06735594,0.021720214,0.07039491
20251021_121253,8.5,19.077469,10.577469,0.7986500484102228,15,0.21720092,/home/nfs/data/nvme_datasets/Pictures_CFSB_leaf_damage/RSFB-Phenotyping_training_set/RSFB-Phenotyping_training_set/20251021_121253.jpg,/home/user/tabbakhab1/dev/project/cache/grid_crops_1400_inset075/20251021_121253_gridv3_c668b9bc9d72.jpg,cache/dinov3_grid_tiled_mil_features_4x4/20251021_121253_e43de7b90b0ed8ad.npz,0.05701322,0.009969227,0.14960267,0.13772736,0.023756433,0.008334885,0.053515792,0.026693827,0.006389693,0.0055409344,0.0053759664,0.0055975947,0.18932694,0.070377395,0.03357708,0.21720092
20251021_130316,4.0,4.798286,0.79828596,0.8327387712022821,12,0.1850278,/home/nfs/data/nvme_datasets/Pictures_CFSB_leaf_damage/RSFB-Phenotyping_training_set/RSFB-Phenotyping_training_set/20251021_130316.jpg,/home/user/tabbakhab1/dev/project/cache/grid_crops_1400_inset075/20251021_130316_gridv3_637240cdb9d4.jpg,cache/dinov3_grid_tiled_mil_features_4x4/20251021_130316_8109cec4653685dd.npz,0.16545624,0.12986687,0.081104875,0.1255075,0.009886257,0.00826984,0.0070338957,0.0073583913,0.07425221,0.030798964,0.00837023,0.019312952,0.1850278,0.04028749,0.0077126347,0.09975382
20251021_160632,1.75,3.6893659,1.9393659,0.9146469034439709,15,0.11966436,/home/nfs/data/nvme_datasets/Pictures_CFSB_leaf_damage/RSFB-Phenotyping_training_set/RSFB-Phenotyping_training_set/20251021_160632.jpg,/home/user/tabbakhab1/dev/project/cache/grid_crops_1400_inset075/20251021_160632_gridv3_dee9be4c07d6.jpg,cache/dinov3_grid_tiled_mil_features_4x4/20251021_160632_b69843427427974b.npz,0.05104801,0.029860063,0.05184186,0.10305852,0.044210933,0.10778369,0.09838455,0.09807686,0.0065628933,0.008792678,0.01646211,0.012403799,0.043888498,0.09425252,0.11370876,0.11966436
20251021_121432,17.0,11.4282465,-5.5717535,0.8350114662864689,12,0.21232226,/home/nfs/data/nvme_datasets/Pictures_CFSB_leaf_damage/RSFB-Phenotyping_training_set/RSFB-Phenotyping_training_set/20251021_121432.jpg,/home/user/tabbakhab1/dev/project/cache/grid_crops_1400_inset075/20251021_121432_gridv3_c4270272619b.jpg,cache/dinov3_grid_tiled_mil_features_4x4/20251021_121432_9ab41109da48f0e0.npz,0.013515407,0.13321887,0.052152865,0.11313648,0.005791259,0.112183146,0.028584123,0.03520728,0.00799571,0.04765253,0.01209946,0.0047936495,0.21232226,0.15144676,0.0593634,0.010536773
20251021_160958,3.5,3.2433343,-0.2566657,0.8448741631115189,12,0.22110568,/home/nfs/data/nvme_datasets/Pictures_CFSB_leaf_damage/RSFB-Phenotyping_training_set/RSFB-Phenotyping_training_set/20251021_160958.jpg,/home/user/tabbakhab1/dev/project/cache/grid_crops_1400_inset075/20251021_160958_gridv3_93b48d060a23.jpg,cache/dinov3_grid_tiled_mil_features_4x4/20251021_160958_e913ea464d8cd751.npz,0.027947703,0.052429736,0.057710692,0.01820002,0.008905037,0.036604263,0.030044606,0.15595588,0.015907543,0.014079754,0.015433588,0.017011922,0.22110568,0.07170994,0.08187513,0.17507853
20251021_155331,6.0,11.777206,5.7772064,0.7322988718047386,4,0.22558223,/home/nfs/data/nvme_datasets/Pictures_CFSB_leaf_damage/RSFB-Phenotyping_training_set/RSFB-Phenotyping_training_set/20251021_155331.jpg,/home/user/tabbakhab1/dev/project/cache/grid_crops_1400_inset075/20251021_155331_gridv3_ace548a5da88.jpg,cache/dinov3_grid_tiled_mil_features_4x4/20251021_155331_5d54dbdc1ffb8721.npz,0.00784498,0.006018545,0.005993717,0.029304612,0.22558223,0.039260313,0.0066306004,0.007916989,0.0049371375,0.010955996,0.006696694,0.0059672045,0.17328402,0.09887257,0.21341598,0.15731841
20251021_122853,9.25,10.384594,1.134594,0.7787304150751317,12,0.2241964,/home/nfs/data/nvme_datasets/Pictures_CFSB_leaf_damage/RSFB-Phenotyping_training_set/RSFB-Phenotyping_training_set/20251021_122853.jpg,/home/user/tabbakhab1/dev/project/cache/grid_crops_1400_inset075/20251021_122853_gridv3_0cdf49efd7b5.jpg,cache/dinov3_grid_tiled_mil_features_4x4/20251021_122853_629460e944fff15c.npz,0.008111659,0.004778802,0.10809976,0.12116528,0.004159856,0.0042301784,0.010309487,0.016358698,0.05044531,0.006806723,0.01134279,0.014814859,0.2241964,0.16213265,0.08592516,0.1671224
20251021_131954,3.0,4.8532543,1.8532543,0.8430691641013679,0,0.16215323,/home/nfs/data/nvme_datasets/Pictures_CFSB_leaf_damage/RSFB-Phenotyping_training_set/RSFB-Phenotyping_training_set/20251021_131954.jpg,/home/user/tabbakhab1/dev/project/cache/grid_crops_1400_inset075/20251021_131954_gridv3_5e98fc1bffc2.jpg,cache/dinov3_grid_tiled_mil_features_4x4/20251021_131954_6917eef0fe8fdeb9.npz,0.16215323,0.018864306,0.031010913,0.018422732,0.14703749,0.027459273,0.025793632,0.0124957785,0.010377054,0.017361978,0.007860818,0.013459844,0.12979281,0.09732228,0.13669005,0.14389777
20251021_161143,7.25,13.541222,6.2912216,0.8491642391651696,2,0.17323683,/home/nfs/data/nvme_datasets/Pictures_CFSB_leaf_damage/RSFB-Phenotyping_training_set/RSFB-Phenotyping_training_set/20251021_161143.jpg,/home/user/tabbakhab1/dev/project/cache/grid_crops_1400_inset075/20251021_161143_gridv3_ceb9e95effda.jpg,cache/dinov3_grid_tiled_mil_features_4x4/20251021_161143_7e55bb6698eb71d1.npz,0.01500492,0.1043878,0.17323683,0.0743783,0.004994595,0.004447993,0.0045295944,0.0037281998,0.035193946,0.1309715,0.068029374,0.03778463,0.12612906,0.029301396,0.037063874,0.15081795
20251021_155308,0.7500005,3.6309752,2.8809748,0.7912666967917471,14,0.24485692,/home/nfs/data/nvme_datasets/Pictures_CFSB_leaf_damage/RSFB-Phenotyping_training_set/RSFB-Phenotyping_training_set/20251021_155308.jpg,/home/user/tabbakhab1/dev/project/cache/grid_crops_1400_inset075/20251021_155308_gridv3_04520e383698.jpg,cache/dinov3_grid_tiled_mil_features_4x4/20251021_155308_bcbfc7da98e239c4.npz,0.012941255,0.03356144,0.050959475,0.017585712,0.009283854,0.09018565,0.06318205,0.008677106,0.007274796,0.009095211,0.008964054,0.008765104,0.12952305,0.097289726,0.24485692,0.20785455
20251021_153136,8.5,4.854065,-3.645935,0.7412043320223776,7,0.34450442,/home/nfs/data/nvme_datasets/Pictures_CFSB_leaf_damage/RSFB-Phenotyping_training_set/RSFB-Phenotyping_training_set/20251021_153136.jpg,/home/user/tabbakhab1/dev/project/cache/grid_crops_1400_inset075/20251021_153136_gridv3_5ccd5a80b624.jpg,cache/dinov3_grid_tiled_mil_features_4x4/20251021_153136_177f400f395b3d62.npz,0.17898725,0.015698481,0.014325975,0.019947195,0.15812995,0.017770464,0.06873585,0.34450442,0.013019972,0.012633907,0.012268884,0.011641468,0.07917323,0.013585673,0.011641862,0.027935378
20251021_154443,3.75,12.839851,9.089851,0.8188072078097738,13,0.169323,/home/nfs/data/nvme_datasets/Pictures_CFSB_leaf_damage/RSFB-Phenotyping_training_set/RSFB-Phenotyping_training_set/20251021_154443.jpg,/home/user/tabbakhab1/dev/project/cache/grid_crops_1400_inset075/20251021_154443_gridv3_784729157ae0.jpg,cache/dinov3_grid_tiled_mil_features_4x4/20251021_154443_20930ff19949ccb1.npz,0.14365895,0.004297176,0.008331815,0.085555576,0.013920208,0.006255375,0.005316687,0.02273992,0.00469672,0.05083438,0.033116985,0.026941104,0.16707593,0.169323,0.11248224,0.145454
20251021_161301,1.5,2.6883168,1.1883168,0.8497718042320397,12,0.25748116,/home/nfs/data/nvme_datasets/Pictures_CFSB_leaf_damage/RSFB-Phenotyping_training_set/RSFB-Phenotyping_training_set/20251021_161301.jpg,/home/user/tabbakhab1/dev/project/cache/grid_crops_1400_inset075/20251021_161301_gridv3_29848dc6cf6c.jpg,cache/dinov3_grid_tiled_mil_features_4x4/20251021_161301_d0d4fb6fca9f5bf4.npz,0.1613574,0.059732538,0.11306693,0.068618916,0.031265024,0.010237525,0.0075928974,0.00877154,0.02183384,0.020171817,0.027000384,0.060217123,0.25748116,0.05676147,0.06023193,0.035659526
20251021_121624,9.75,12.101198,2.3511982,0.7687842844372551,15,0.28923896,/home/nfs/data/nvme_datasets/Pictures_CFSB_leaf_damage/RSFB-Phenotyping_training_set/RSFB-Phenotyping_training_set/20251021_121624.jpg,/home/user/tabbakhab1/dev/project/cache/grid_crops_1400_inset075/20251021_121624_gridv3_56651bce7707.jpg,cache/dinov3_grid_tiled_mil_features_4x4/20251021_121624_fe260610624f6145.npz,0.05649617,0.03416096,0.064426854,0.23616447,0.008341413,0.010979314,0.011799599,0.015494234,0.047090385,0.016348742,0.009964179,0.02136898,0.1367345,0.024558876,0.01683237,0.28923896
20251021_161318,6.75,6.195803,-0.55419683,0.8085869288408819,0,0.22180694,/home/nfs/data/nvme_datasets/Pictures_CFSB_leaf_damage/RSFB-Phenotyping_training_set/RSFB-Phenotyping_training_set/20251021_161318.jpg,/home/user/tabbakhab1/dev/project/cache/grid_crops_1400_inset075/20251021_161318_gridv3_4e5774f949bf.jpg,cache/dinov3_grid_tiled_mil_features_4x4/20251021_161318_82c7e214622dabc4.npz,0.22180694,0.01597769,0.0112886755,0.110975124,0.13674574,0.010172055,0.022072254,0.09584626,0.1260539,0.019106196,0.0055376347,0.042675193,0.15280469,0.008211094,0.0061442815,0.014582212
20251021_160943,5.75,6.3764095,0.62640953,0.7471894436002529,5,0.25385958,/home/nfs/data/nvme_datasets/Pictures_CFSB_leaf_damage/RSFB-Phenotyping_training_set/RSFB-Phenotyping_training_set/20251021_160943.jpg,/home/user/tabbakhab1/dev/project/cache/grid_crops_1400_inset075/20251021_160943_gridv3_08f6a8baefc4.jpg,cache/dinov3_grid_tiled_mil_features_4x4/20251021_160943_ecbadc06f4855502.npz,0.008326737,0.0052631684,0.0073204455,0.10848725,0.20751819,0.25385958,0.006996238,0.10474385,0.004742686,0.0056364196,0.0050145485,0.0041878805,0.13505684,0.06497303,0.06729441,0.010578725
20251021_130410,2.0,3.178442,1.178442,0.8030422128556838,3,0.25628966,/home/nfs/data/nvme_datasets/Pictures_CFSB_leaf_damage/RSFB-Phenotyping_training_set/RSFB-Phenotyping_training_set/20251021_130410.jpg,/home/user/tabbakhab1/dev/project/cache/grid_crops_1400_inset075/20251021_130410_gridv3_7a39b25ca267.jpg,cache/dinov3_grid_tiled_mil_features_4x4/20251021_130410_0a3eca9ce69599be.npz,0.11247497,0.025704315,0.106314264,0.25628966,0.01281433,0.008826264,0.026661545,0.030832421,0.00861188,0.010880671,0.009150912,0.025792206,0.07619231,0.06052396,0.019670706,0.20925957
20251021_122423,1.75,4.010371,2.2603712,0.8537705079151179,12,0.17122394,/home/nfs/data/nvme_datasets/Pictures_CFSB_leaf_damage/RSFB-Phenotyping_training_set/RSFB-Phenotyping_training_set/20251021_122423.jpg,/home/user/tabbakhab1/dev/project/cache/grid_crops_1400_inset075/20251021_122423_gridv3_e44a3c931912.jpg,cache/dinov3_grid_tiled_mil_features_4x4/20251021_122423_69c0507e6d606cca.npz,0.13972242,0.056607675,0.015950909,0.16435166,0.01635159,0.010952574,0.011094381,0.009453242,0.047392063,0.018771924,0.025309587,0.013313915,0.17122394,0.07575785,0.09977467,0.123971574
20251021_162416,0.7500005,2.983532,2.2335315,0.7836593974164568,3,0.31090093,/home/nfs/data/nvme_datasets/Pictures_CFSB_leaf_damage/RSFB-Phenotyping_training_set/RSFB-Phenotyping_training_set/20251021_162416.jpg,/home/user/tabbakhab1/dev/project/cache/grid_crops_1400_inset075/20251021_162416_gridv3_8a2da542dcbc.jpg,cache/dinov3_grid_tiled_mil_features_4x4/20251021_162416_c0e2da69488752bd.npz,0.04537487,0.024216957,0.032170273,0.31090093,0.021482667,0.023453102,0.026800081,0.030342314,0.05293295,0.02529637,0.028084436,0.027100267,0.26808503,0.021053584,0.021684097,0.04102201
20251021_125744,2.0,5.0844116,3.0844116,0.7563455306431597,0,0.31003383,/home/nfs/data/nvme_datasets/Pictures_CFSB_leaf_damage/RSFB-Phenotyping_training_set/RSFB-Phenotyping_training_set/20251021_125744.jpg,/home/user/tabbakhab1/dev/project/cache/grid_crops_1400_inset075/20251021_125744_gridv3_ff99abab1151.jpg,cache/dinov3_grid_tiled_mil_features_4x4/20251021_125744_aaa3b3dae48cfd54.npz,0.31003383,0.01937312,0.010204064,0.119815744,0.01071855,0.008620628,0.008824494,0.05024397,0.0143206855,0.01717482,0.010779975,0.007609816,0.13334161,0.12141594,0.012055948,0.14546679
20251021_125600,4.75,7.646843,2.896843,0.7470057962866059,12,0.33069426,/home/nfs/data/nvme_datasets/Pictures_CFSB_leaf_damage/RSFB-Phenotyping_training_set/RSFB-Phenotyping_training_set/20251021_125600.jpg,/home/user/tabbakhab1/dev/project/cache/grid_crops_1400_inset075/20251021_125600_gridv3_4c7dc1a4c163.jpg,cache/dinov3_grid_tiled_mil_features_4x4/20251021_125600_2069586ab5655749.npz,0.022998191,0.0068383073,0.05829447,0.12475549,0.06270269,0.0072971894,0.021694295,0.07047672,0.030633515,0.015537932,0.0073711714,0.006613787,0.33069426,0.20791884,0.008688396,0.017484756
20251021_161250,3.25,6.237609,2.987609,0.7317946137869211,3,0.3276748,/home/nfs/data/nvme_datasets/Pictures_CFSB_leaf_damage/RSFB-Phenotyping_training_set/RSFB-Phenotyping_training_set/20251021_161250.jpg,/home/user/tabbakhab1/dev/project/cache/grid_crops_1400_inset075/20251021_161250_gridv3_71b8a4b8955d.jpg,cache/dinov3_grid_tiled_mil_features_4x4/20251021_161250_19f85d24f68fdc56.npz,0.10658769,0.028401174,0.016327072,0.3276748,0.024227953,0.013903737,0.015683895,0.018543042,0.010963271,0.008833098,0.007924578,0.008255017,0.017501602,0.035414476,0.14271028,0.2170483
20251021_155512,8.0,6.3977714,-1.6022286,0.8273888615216887,3,0.17521316,/home/nfs/data/nvme_datasets/Pictures_CFSB_leaf_damage/RSFB-Phenotyping_training_set/RSFB-Phenotyping_training_set/20251021_155512.jpg,/home/user/tabbakhab1/dev/project/cache/grid_crops_1400_inset075/20251021_155512_gridv3_28bac2125511.jpg,cache/dinov3_grid_tiled_mil_features_4x4/20251021_155512_ed45d2edb09bed88.npz,0.024115056,0.1269053,0.10691119,0.17521316,0.0048954394,0.030517325,0.052410595,0.06663422,0.006613001,0.005877939,0.006733235,0.0044210977,0.16180038,0.0057645217,0.09566174,0.12552579
20251021_161615,19.75,14.791487,-4.9585133,0.9046957618670202,12,0.16674282,/home/nfs/data/nvme_datasets/Pictures_CFSB_leaf_damage/RSFB-Phenotyping_training_set/RSFB-Phenotyping_training_set/20251021_161615.jpg,/home/user/tabbakhab1/dev/project/cache/grid_crops_1400_inset075/20251021_161615_gridv3_90ad88be429a.jpg,cache/dinov3_grid_tiled_mil_features_4x4/20251021_161615_5604919bf35ab203.npz,0.07232589,0.113679506,0.09067441,0.10198289,0.0063082585,0.070091434,0.020198556,0.11434206,0.052516636,0.027913542,0.014483162,0.006415506,0.16674282,0.04714085,0.03198931,0.063195236
20251021_154954,2.5,3.7858007,1.2858007,0.8569612869376939,12,0.21561755,/home/nfs/data/nvme_datasets/Pictures_CFSB_leaf_damage/RSFB-Phenotyping_training_set/RSFB-Phenotyping_training_set/20251021_154954.jpg,/home/user/tabbakhab1/dev/project/cache/grid_crops_1400_inset075/20251021_154954_gridv3_e45e73f84759.jpg,cache/dinov3_grid_tiled_mil_features_4x4/20251021_154954_886b83e16d00cefb.npz,0.13048595,0.027859535,0.028050696,0.12872753,0.017188862,0.01427698,0.011745086,0.01744567,0.09694616,0.034346044,0.07639397,0.12814166,0.21561755,0.04284086,0.0128488075,0.01708469
20251021_121504,10.5,6.022591,-4.477409,0.8477237494715733,14,0.20853966,/home/nfs/data/nvme_datasets/Pictures_CFSB_leaf_damage/RSFB-Phenotyping_training_set/RSFB-Phenotyping_training_set/20251021_121504.jpg,/home/user/tabbakhab1/dev/project/cache/grid_crops_1400_inset075/20251021_121504_gridv3_4e18401c6108.jpg,cache/dinov3_grid_tiled_mil_features_4x4/20251021_121504_e8f08e60e2d26089.npz,0.083209954,0.12755848,0.13857174,0.0345019,0.045275897,0.024930103,0.008091591,0.006978925,0.008927568,0.024225272,0.037809968,0.0066722105,0.11530038,0.10987686,0.20853966,0.019529527
20251021_155044,3.0,6.4716845,3.4716845,0.8149306843271615,0,0.31774887,/home/nfs/data/nvme_datasets/Pictures_CFSB_leaf_damage/RSFB-Phenotyping_training_set/RSFB-Phenotyping_training_set/20251021_155044.jpg,/home/user/tabbakhab1/dev/project/cache/grid_crops_1400_inset075/20251021_155044_gridv3_17f6c5521d0a.jpg,cache/dinov3_grid_tiled_mil_features_4x4/20251021_155044_9d9aa6dd739d8b56.npz,0.31774887,0.073766865,0.098413885,0.04095576,0.008805355,0.006412667,0.0065963985,0.007446183,0.016565662,0.031714413,0.034196757,0.090335175,0.069704086,0.044008687,0.032761667,0.120567575
20251021_122516,25.0,22.1464,-2.8535995,0.8337023480272725,12,0.20480342,/home/nfs/data/nvme_datasets/Pictures_CFSB_leaf_damage/RSFB-Phenotyping_training_set/RSFB-Phenotyping_training_set/20251021_122516.jpg,/home/user/tabbakhab1/dev/project/cache/grid_crops_1400_inset075/20251021_122516_gridv3_7543781bc05d.jpg,cache/dinov3_grid_tiled_mil_features_4x4/20251021_122516_b8681577e6202a8a.npz,0.06311724,0.014353219,0.00746666,0.017143376,0.055586975,0.08442791,0.076118976,0.08225259,0.005107966,0.005986567,0.0056434064,0.005306201,0.20480342,0.09103041,0.10258085,0.17907421
20251021_162856,9.0,9.9286,0.9286003,0.7631450708903774,4,0.19438438,/home/nfs/data/nvme_datasets/Pictures_CFSB_leaf_damage/RSFB-Phenotyping_training_set/RSFB-Phenotyping_training_set/20251021_162856.jpg,/home/user/tabbakhab1/dev/project/cache/grid_crops_1400_inset075/20251021_162856_gridv3_238cf3aa41f4.jpg,cache/dinov3_grid_tiled_mil_features_4x4/20251021_162856_9fd448ffe092c132.npz,0.17956722,0.017977333,0.005662779,0.11756472,0.19438438,0.07556275,0.007867835,0.17557943,0.0057380702,0.0052353493,0.005976364,0.0052135875,0.1582053,0.015058072,0.013978532,0.016428344
20251021_125405,19.5,17.02454,-2.47546,0.6581051406247532,13,0.23779228,/home/nfs/data/nvme_datasets/Pictures_CFSB_leaf_damage/RSFB-Phenotyping_training_set/RSFB-Phenotyping_training_set/20251021_125405.jpg,/home/user/tabbakhab1/dev/project/cache/grid_crops_1400_inset075/20251021_125405_gridv3_16d15bc88ff9.jpg,cache/dinov3_grid_tiled_mil_features_4x4/20251021_125405_11e94f06d62ff256.npz,0.0062784436,0.0043185656,0.0050760065,0.011993989,0.004101819,0.005005157,0.006272562,0.005322845,0.02788885,0.0105607025,0.015021807,0.006395553,0.22284128,0.23779228,0.20837225,0.22275782
20251021_154331,2.25,4.4738445,2.2238445,0.826083258986942,13,0.24982727,/home/nfs/data/nvme_datasets/Pictures_CFSB_leaf_damage/RSFB-Phenotyping_training_set/RSFB-Phenotyping_training_set/20251021_154331.jpg,/home/user/tabbakhab1/dev/project/cache/grid_crops_1400_inset075/20251021_154331_gridv3_d4623a24cf37.jpg,cache/dinov3_grid_tiled_mil_features_4x4/20251021_154331_4d8dc012bd4c9efa.npz,0.10756859,0.031307325,0.18724379,0.13957912,0.027121505,0.025059992,0.051966377,0.033947296,0.0092725735,0.023971813,0.037817292,0.01127176,0.018729499,0.24982727,0.012161247,0.033154465
20251021_160745,7.75,4.0783634,-3.6716366,0.8264282450373104,15,0.21074727,/home/nfs/data/nvme_datasets/Pictures_CFSB_leaf_damage/RSFB-Phenotyping_training_set/RSFB-Phenotyping_training_set/20251021_160745.jpg,/home/user/tabbakhab1/dev/project/cache/grid_crops_1400_inset075/20251021_160745_gridv3_36ff4330d68d.jpg,cache/dinov3_grid_tiled_mil_features_4x4/20251021_160745_893c2f928f4aaeba.npz,0.042691126,0.06381673,0.025667978,0.17248675,0.027898794,0.04587124,0.020642629,0.0502039,0.006916604,0.008429479,0.0077642566,0.010757442,0.075352564,0.030409317,0.200344,0.21074727
20251021_123050,3.5,3.8539314,0.35393143,0.8215966225823548,3,0.2537984,/home/nfs/data/nvme_datasets/Pictures_CFSB_leaf_damage/RSFB-Phenotyping_training_set/RSFB-Phenotyping_training_set/20251021_123050.jpg,/home/user/tabbakhab1/dev/project/cache/grid_crops_1400_inset075/20251021_123050_gridv3_ff42a152aa8a.jpg,cache/dinov3_grid_tiled_mil_features_4x4/20251021_123050_c73edf6509c8d092.npz,0.17739041,0.022075519,0.070261836,0.2537984,0.03104385,0.019647753,0.013202751,0.015540913,0.016331956,0.011003712,0.022729013,0.029788021,0.11727976,0.012726691,0.060109932,0.12706947
20251021_131011,1.5,2.5551558,1.0551558,0.8309684981928284,13,0.1889162,/home/nfs/data/nvme_datasets/Pictures_CFSB_leaf_damage/RSFB-Phenotyping_training_set/RSFB-Phenotyping_training_set/20251021_131011.jpg,/home/user/tabbakhab1/dev/project/cache/grid_crops_1400_inset075/20251021_131011_gridv3_cfc2e0c83ac8.jpg,cache/dinov3_grid_tiled_mil_features_4x4/20251021_131011_e7d98170cd14df06.npz,0.18766104,0.016174693,0.13587807,0.028926598,0.09542918,0.016062485,0.030357588,0.012294829,0.020266261,0.014481569,0.018487075,0.012720604,0.15615012,0.1889162,0.039401703,0.026792008
20251021_162646,13.5,9.869744,-3.6302557,0.7268747810000876,12,0.25084066,/home/nfs/data/nvme_datasets/Pictures_CFSB_leaf_damage/RSFB-Phenotyping_training_set/RSFB-Phenotyping_training_set/20251021_162646.jpg,/home/user/tabbakhab1/dev/project/cache/grid_crops_1400_inset075/20251021_162646_gridv3_037df2103a60.jpg,cache/dinov3_grid_tiled_mil_features_4x4/20251021_162646_e010442023aeab02.npz,0.045281064,0.0078164805,0.0074414676,0.07453865,0.096347965,0.008296689,0.008969724,0.025065895,0.008932469,0.008291421,0.008689103,0.007803824,0.25084066,0.21273327,0.007413135,0.22153825
20251021_161150,1.0,2.543624,1.5436239,0.9000095477019842,5,0.25847217,/home/nfs/data/nvme_datasets/Pictures_CFSB_leaf_damage/RSFB-Phenotyping_training_set/RSFB-Phenotyping_training_set/20251021_161150.jpg,/home/user/tabbakhab1/dev/project/cache/grid_crops_1400_inset075/20251021_161150_gridv3_958ec8b939c0.jpg,cache/dinov3_grid_tiled_mil_features_4x4/20251021_161150_b984460c82e3c4a6.npz,0.055793263,0.053694993,0.022200195,0.045351658,0.05780769,0.25847217,0.109334365,0.05596404,0.034307644,0.022883635,0.032065593,0.10183299,0.05184966,0.032900903,0.030021884,0.03551933
20251021_121618,23.25,20.97988,-2.2701206,0.8650962167046249,15,0.15868342,/home/nfs/data/nvme_datasets/Pictures_CFSB_leaf_damage/RSFB-Phenotyping_training_set/RSFB-Phenotyping_training_set/20251021_121618.jpg,/home/user/tabbakhab1/dev/project/cache/grid_crops_1400_inset075/20251021_121618_gridv3_75352070cf75.jpg,cache/dinov3_grid_tiled_mil_features_4x4/20251021_121618_1feb248b61ac1896.npz,0.084621914,0.011725623,0.12704884,0.10419237,0.024899721,0.011106081,0.04629345,0.024517462,0.003718506,0.0045281565,0.005475477,0.06532558,0.084531456,0.11101771,0.13231428,0.15868342
20251021_121327,9.75,9.573885,-0.17611504,0.827962647821561,1,0.18853983,/home/nfs/data/nvme_datasets/Pictures_CFSB_leaf_damage/RSFB-Phenotyping_training_set/RSFB-Phenotyping_training_set/20251021_121327.jpg,/home/user/tabbakhab1/dev/project/cache/grid_crops_1400_inset075/20251021_121327_gridv3_902e29058b4b.jpg,cache/dinov3_grid_tiled_mil_features_4x4/20251021_121327_16b4f5a7ef0dddc3.npz,0.11915693,0.18853983,0.024762558,0.025592819,0.053483874,0.020422881,0.016284851,0.008240105,0.009532385,0.01713548,0.028440535,0.009524697,0.022569427,0.1534942,0.17889722,0.123922266
20251021_123625,4.25,4.0749273,-0.17507267,0.8040384578386764,12,0.26193112,/home/nfs/data/nvme_datasets/Pictures_CFSB_leaf_damage/RSFB-Phenotyping_training_set/RSFB-Phenotyping_training_set/20251021_123625.jpg,/home/user/tabbakhab1/dev/project/cache/grid_crops_1400_inset075/20251021_123625_gridv3_8133a147267e.jpg,cache/dinov3_grid_tiled_mil_features_4x4/20251021_123625_2d4bc1fb3ddddb3d.npz,0.20948982,0.11926206,0.012075637,0.06034671,0.051831566,0.02881028,0.0126271015,0.011163205,0.02850559,0.041831225,0.0108794,0.009609172,0.26193112,0.101886235,0.012380227,0.027370624
20251021_131146,5.0,4.9535055,-0.046494484,0.6677359388368534,0,0.45074904,/home/nfs/data/nvme_datasets/Pictures_CFSB_leaf_damage/RSFB-Phenotyping_training_set/RSFB-Phenotyping_training_set/20251021_131146.jpg,/home/user/tabbakhab1/dev/project/cache/grid_crops_1400_inset075/20251021_131146_gridv3_ade26be23fc8.jpg,cache/dinov3_grid_tiled_mil_features_4x4/20251021_131146_f11a2e0b051d6217.npz,0.45074904,0.037879623,0.011698934,0.17991619,0.014858968,0.015228299,0.013046488,0.013811729,0.010637186,0.0095825,0.011493852,0.022056965,0.07751275,0.011150233,0.009803986,0.11057331
20251021_124309,8.25,8.821755,0.5717554,0.8009380628022085,15,0.18471727,/home/nfs/data/nvme_datasets/Pictures_CFSB_leaf_damage/RSFB-Phenotyping_training_set/RSFB-Phenotyping_training_set/20251021_124309.jpg,/home/user/tabbakhab1/dev/project/cache/grid_crops_1400_inset075/20251021_124309_gridv3_288f5bafc932.jpg,cache/dinov3_grid_tiled_mil_features_4x4/20251021_124309_ef88f7692ac5737e.npz,0.11850909,0.008161008,0.069295965,0.12622394,0.015426987,0.009163456,0.008013772,0.10193886,0.0043603885,0.0044014766,0.0075477725,0.013847514,0.18123691,0.01890199,0.12825356,0.18471727
20251021_121810,9.5,5.147295,-4.352705,0.8182776957106537,12,0.21010493,/home/nfs/data/nvme_datasets/Pictures_CFSB_leaf_damage/RSFB-Phenotyping_training_set/RSFB-Phenotyping_training_set/20251021_121810.jpg,/home/user/tabbakhab1/dev/project/cache/grid_crops_1400_inset075/20251021_121810_gridv3_00afc8e48389.jpg,cache/dinov3_grid_tiled_mil_features_4x4/20251021_121810_b5ab82eaf0cdfe20.npz,0.013292548,0.07740549,0.08733221,0.11299508,0.009416649,0.07725607,0.15851723,0.082346566,0.0067780586,0.0072576427,0.007700222,0.009825517,0.21010493,0.007488285,0.007968172,0.124315366
20251021_124154,11.5,13.788087,2.288087,0.855318393749791,3,0.16342294,/home/nfs/data/nvme_datasets/Pictures_CFSB_leaf_damage/RSFB-Phenotyping_training_set/RSFB-Phenotyping_training_set/20251021_124154.jpg,/home/user/tabbakhab1/dev/project/cache/grid_crops_1400_inset075/20251021_124154_gridv3_2bf9e8449a4e.jpg,cache/dinov3_grid_tiled_mil_features_4x4/20251021_124154_f77831080702a728.npz,0.141541,0.075659476,0.11915996,0.16342294,0.054742303,0.04242488,0.0043791695,0.0051643937,0.0059088785,0.01542895,0.013680122,0.0039922073,0.096751034,0.13844433,0.077934496,0.04136585
20251021_155534,18.75,12.198305,-6.551695,0.6702720481587271,7,0.3823209,/home/nfs/data/nvme_datasets/Pictures_CFSB_leaf_damage/RSFB-Phenotyping_training_set/RSFB-Phenotyping_training_set/20251021_155534.jpg,/home/user/tabbakhab1/dev/project/cache/grid_crops_1400_inset075/20251021_155534_gridv3_51e3f0304d5c.jpg,cache/dinov3_grid_tiled_mil_features_4x4/20251021_155534_45a3a4d874d5581f.npz,0.018720893,0.010289203,0.013007331,0.054428056,0.12724783,0.01616012,0.02000975,0.3823209,0.010197426,0.011904282,0.010212808,0.010720734,0.26542988,0.020906677,0.009206827,0.01923731
20251021_152521,1.5999999,2.4931269,0.89312696,0.7588622780743502,15,0.40306297,/home/nfs/data/nvme_datasets/Pictures_CFSB_leaf_damage/RSFB-Phenotyping_training_set/RSFB-Phenotyping_training_set/20251021_152521.jpg,/home/user/tabbakhab1/dev/project/cache/grid_crops_1400_inset075/20251021_152521_gridv3_d91eb1fb6417.jpg,cache/dinov3_grid_tiled_mil_features_4x4/20251021_152521_9d2ba90077be482f.npz,0.04029942,0.021976808,0.017125633,0.03327231,0.020898258,0.020380307,0.022484925,0.17151742,0.02006366,0.022663785,0.02519709,0.02214644,0.03233228,0.08560784,0.04097091,0.40306297
20251021_131803,2.25,4.4370894,2.1870894,0.9016450671607283,13,0.14416686,/home/nfs/data/nvme_datasets/Pictures_CFSB_leaf_damage/RSFB-Phenotyping_training_set/RSFB-Phenotyping_training_set/20251021_131803.jpg,/home/user/tabbakhab1/dev/project/cache/grid_crops_1400_inset075/20251021_131803_gridv3_ad10a03dc807.jpg,cache/dinov3_grid_tiled_mil_features_4x4/20251021_131803_9e67de801cebae33.npz,0.081462815,0.04510041,0.012198003,0.017590642,0.05939343,0.112412125,0.07816206,0.008562568,0.007822457,0.04827466,0.10975736,0.007291106,0.064947434,0.14416686,0.12600324,0.07685493
20251021_162630,17.25,23.080156,5.8301563,0.815157811104883,13,0.1534014,/home/nfs/data/nvme_datasets/Pictures_CFSB_leaf_damage/RSFB-Phenotyping_training_set/RSFB-Phenotyping_training_set/20251021_162630.jpg,/home/user/tabbakhab1/dev/project/cache/grid_crops_1400_inset075/20251021_162630_gridv3_b6e6b26ddaaa.jpg,cache/dinov3_grid_tiled_mil_features_4x4/20251021_162630_5255a6d9ebc04bd2.npz,0.10810319,0.0055460506,0.055030484,0.10298987,0.00790624,0.0059304438,0.0060872873,0.0059656412,0.14773285,0.12423018,0.0054752943,0.014337368,0.15007354,0.1534014,0.0064008753,0.10078923
20251021_124605,27.5,21.73324,-5.76676,0.8369759735091737,3,0.18930994,/home/nfs/data/nvme_datasets/Pictures_CFSB_leaf_damage/RSFB-Phenotyping_training_set/RSFB-Phenotyping_training_set/20251021_124605.jpg,/home/user/tabbakhab1/dev/project/cache/grid_crops_1400_inset075/20251021_124605_gridv3_05308b98eef0.jpg,cache/dinov3_grid_tiled_mil_features_4x4/20251021_124605_ae1ea69698aa816b.npz,0.063266344,0.004334248,0.08680856,0.18930994,0.020048024,0.0044687497,0.029288491,0.06569879,0.007771229,0.009743456,0.0112465415,0.037287567,0.18702109,0.08841154,0.046607554,0.14868788
20251021_154210,11.5,18.315989,6.8159885,0.8041475673638377,4,0.1812136,/home/nfs/data/nvme_datasets/Pictures_CFSB_leaf_damage/RSFB-Phenotyping_training_set/RSFB-Phenotyping_training_set/20251021_154210.jpg,/home/user/tabbakhab1/dev/project/cache/grid_crops_1400_inset075/20251021_154210_gridv3_1c9aacf3e898.jpg,cache/dinov3_grid_tiled_mil_features_4x4/20251021_154210_e16a1fb11c45fc91.npz,0.006530608,0.0083117485,0.03788603,0.1256141,0.1812136,0.1656919,0.029749801,0.069267444,0.0057529863,0.0062172688,0.004529541,0.004486995,0.119268045,0.17149982,0.050014865,0.013965189
20251021_160732,1.25,2.790409,1.5404091,0.7536695570243098,0,0.24153496,/home/nfs/data/nvme_datasets/Pictures_CFSB_leaf_damage/RSFB-Phenotyping_training_set/RSFB-Phenotyping_training_set/20251021_160732.jpg,/home/user/tabbakhab1/dev/project/cache/grid_crops_1400_inset075/20251021_160732_gridv3_d9080ac44ecd.jpg,cache/dinov3_grid_tiled_mil_features_4x4/20251021_160732_f2fece70162dff7a.npz,0.24153496,0.018366728,0.009842897,0.19133405,0.1940377,0.03475452,0.0116478875,0.03779813,0.010489982,0.009461171,0.01001789,0.00818237,0.15935563,0.041151047,0.010187944,0.011837014
20251021_155541,11.5,8.623934,-2.8760662,0.7659411471520835,12,0.21455775,/home/nfs/data/nvme_datasets/Pictures_CFSB_leaf_damage/RSFB-Phenotyping_training_set/RSFB-Phenotyping_training_set/20251021_155541.jpg,/home/user/tabbakhab1/dev/project/cache/grid_crops_1400_inset075/20251021_155541_gridv3_9e2a542358b4.jpg,cache/dinov3_grid_tiled_mil_features_4x4/20251021_155541_443efde8e6079713.npz,0.17126231,0.009496157,0.006586519,0.053172797,0.004909543,0.005392145,0.0055595655,0.0045237998,0.17889339,0.11401836,0.05030243,0.006155995,0.21455775,0.025797408,0.14008552,0.009286384
20251021_155347,9.75,8.111094,-1.6389055,0.8603410487323921,3,0.16833755,/home/nfs/data/nvme_datasets/Pictures_CFSB_leaf_damage/RSFB-Phenotyping_training_set/RSFB-Phenotyping_training_set/20251021_155347.jpg,/home/user/tabbakhab1/dev/project/cache/grid_crops_1400_inset075/20251021_155347_gridv3_1592aa57391d.jpg,cache/dinov3_grid_tiled_mil_features_4x4/20251021_155347_6a461f011551051b.npz,0.050845485,0.15410535,0.16575855,0.16833755,0.0047291964,0.0062500327,0.07248408,0.021695359,0.015891023,0.012296578,0.03531828,0.024530381,0.109492995,0.019385537,0.07541399,0.063465625
20251021_151633,8.0,9.683415,1.6834154,0.7133509781809473,15,0.33427045,/home/nfs/data/nvme_datasets/Pictures_CFSB_leaf_damage/RSFB-Phenotyping_training_set/RSFB-Phenotyping_training_set/20251021_151633.jpg,/home/user/tabbakhab1/dev/project/cache/grid_crops_1400_inset075/20251021_151633_gridv3_fd61c52bcd7a.jpg,cache/dinov3_grid_tiled_mil_features_4x4/20251021_151633_abd6e20ba5f5bd8e.npz,0.15000606,0.010808946,0.0075833527,0.18758534,0.0175232,0.010034733,0.008483981,0.064569905,0.006327128,0.006679828,0.014889877,0.13256587,0.020528825,0.0075660697,0.02057649,0.33427045
20251021_131646,5.5,4.7246704,-0.7753296,0.7983460113838877,3,0.32366464,/home/nfs/data/nvme_datasets/Pictures_CFSB_leaf_damage/RSFB-Phenotyping_training_set/RSFB-Phenotyping_training_set/20251021_131646.jpg,/home/user/tabbakhab1/dev/project/cache/grid_crops_1400_inset075/20251021_131646_gridv3_c8473bfd8b31.jpg,cache/dinov3_grid_tiled_mil_features_4x4/20251021_131646_a6a6807b26bd6265.npz,0.105125785,0.09729231,0.010488416,0.32366464,0.013245106,0.009958691,0.011854359,0.035816323,0.09112888,0.016478598,0.05245589,0.009065339,0.13477299,0.037246786,0.032827914,0.018577954
20251021_124920,4.0,8.030092,4.0300922,0.7765996693785109,12,0.30489823,/home/nfs/data/nvme_datasets/Pictures_CFSB_leaf_damage/RSFB-Phenotyping_training_set/RSFB-Phenotyping_training_set/20251021_124920.jpg,/home/user/tabbakhab1/dev/project/cache/grid_crops_1400_inset075/20251021_124920_gridv3_269d96bcf3de.jpg,cache/dinov3_grid_tiled_mil_features_4x4/20251021_124920_21e540ca8f57dc9a.npz,0.01567785,0.01329486,0.011632155,0.025476277,0.09641536,0.053821996,0.09131684,0.02127694,0.007374756,0.007618686,0.009680608,0.007347678,0.30489823,0.1783366,0.116207406,0.03962375
20251021_151403,5.25,4.903425,-0.34657478,0.71100505348199,3,0.3155318,/home/nfs/data/nvme_datasets/Pictures_CFSB_leaf_damage/RSFB-Phenotyping_training_set/RSFB-Phenotyping_training_set/20251021_151403.jpg,/home/user/tabbakhab1/dev/project/cache/grid_crops_1400_inset075/20251021_151403_gridv3_a31f9eae231c.jpg,cache/dinov3_grid_tiled_mil_features_4x4/20251021_151403_4ff4c0ceac33198c.npz,0.03954669,0.18219872,0.04608427,0.3155318,0.009233351,0.010521242,0.025378063,0.009841276,0.017180879,0.018146204,0.010130234,0.010796221,0.24974121,0.03364596,0.009543994,0.012479887
20251021_130935,5.5,4.6260967,-0.8739033,0.8264885805205211,12,0.23640366,/home/nfs/data/nvme_datasets/Pictures_CFSB_leaf_damage/RSFB-Phenotyping_training_set/RSFB-Phenotyping_training_set/20251021_130935.jpg,/home/user/tabbakhab1/dev/project/cache/grid_crops_1400_inset075/20251021_130935_gridv3_c67d00df919e.jpg,cache/dinov3_grid_tiled_mil_features_4x4/20251021_130935_d1f8381cb7cc6fd4.npz,0.14060603,0.06995227,0.011508123,0.13834964,0.009124544,0.008410613,0.010266194,0.007292136,0.057650384,0.037431568,0.023315532,0.017065978,0.23640366,0.13769898,0.06802288,0.026901469
20251021_120939,20.25,16.682837,-3.5671635,0.7594290932415856,2,0.25427267,/home/nfs/data/nvme_datasets/Pictures_CFSB_leaf_damage/RSFB-Phenotyping_training_set/RSFB-Phenotyping_training_set/20251021_120939.jpg,/home/user/tabbakhab1/dev/project/cache/grid_crops_1400_inset075/20251021_120939_gridv3_d711613773c4.jpg,cache/dinov3_grid_tiled_mil_features_4x4/20251021_120939_abc501e4a245d38b.npz,0.25298357,0.11152106,0.25427267,0.069706395,0.009777588,0.010860959,0.009887752,0.010382171,0.11803702,0.007963303,0.009536268,0.058345854,0.038310405,0.010393288,0.010453338,0.01756834
20251021_125148,2.0,4.6873064,2.6873064,0.8148372900048242,15,0.23301342,/home/nfs/data/nvme_datasets/Pictures_CFSB_leaf_damage/RSFB-Phenotyping_training_set/RSFB-Phenotyping_training_set/20251021_125148.jpg,/home/user/tabbakhab1/dev/project/cache/grid_crops_1400_inset075/20251021_125148_gridv3_04d14401c25b.jpg,cache/dinov3_grid_tiled_mil_features_4x4/20251021_125148_6a29fbbe9f523741.npz,0.051834516,0.01647299,0.082660705,0.095940106,0.070795715,0.03978697,0.07513749,0.03830405,0.007701776,0.009290584,0.0075485827,0.008017976,0.22938964,0.020081798,0.014023697,0.23301342
20251021_122502,15.0,12.774824,-2.2251759,0.8407301612323829,4,0.17112432,/home/nfs/data/nvme_datasets/Pictures_CFSB_leaf_damage/RSFB-Phenotyping_training_set/RSFB-Phenotyping_training_set/20251021_122502.jpg,/home/user/tabbakhab1/dev/project/cache/grid_crops_1400_inset075/20251021_122502_gridv3_9e1612a9ef2a.jpg,cache/dinov3_grid_tiled_mil_features_4x4/20251021_122502_1607ab66856e446c.npz,0.02139832,0.0042355014,0.0040534106,0.022538189,0.17112432,0.12952705,0.009691502,0.106641,0.1185685,0.06238118,0.00501512,0.0050693806,0.11825182,0.045949195,0.035700258,0.13985524
20251021_121320,13.5,8.553744,-4.9462557,0.8211138838113737,3,0.20596416,/home/nfs/data/nvme_datasets/Pictures_CFSB_leaf_damage/RSFB-Phenotyping_training_set/RSFB-Phenotyping_training_set/20251021_121320.jpg,/home/user/tabbakhab1/dev/project/cache/grid_crops_1400_inset075/20251021_121320_gridv3_8e8f04514369.jpg,cache/dinov3_grid_tiled_mil_features_4x4/20251021_121320_8fa3d1993a5ea2ca.npz,0.02155203,0.08214872,0.075166404,0.20596416,0.008543213,0.017950434,0.024143884,0.118847094,0.008224534,0.008570798,0.009458425,0.014803583,0.18508512,0.0883222,0.00906152,0.122157864
20251021_163055,2.0,6.2503543,4.2503543,0.8649858537833308,0,0.26339072,/home/nfs/data/nvme_datasets/Pictures_CFSB_leaf_damage/RSFB-Phenotyping_training_set/RSFB-Phenotyping_training_set/20251021_163055.jpg,/home/user/tabbakhab1/dev/project/cache/grid_crops_1400_inset075/20251021_163055_gridv3_d5db1928f61d.jpg,cache/dinov3_grid_tiled_mil_features_4x4/20251021_163055_46aa09d2a61e4117.npz,0.26339072,0.039880935,0.015837044,0.06775825,0.016798856,0.014952299,0.01852868,0.036459576,0.016268184,0.043308716,0.06990083,0.13682078,0.040083896,0.06282223,0.040275335,0.11691365
20251021_155758,0.0,0.7446666,0.7446666,0.9435419321179519,5,0.19739334,/home/nfs/data/nvme_datasets/Pictures_CFSB_leaf_damage/RSFB-Phenotyping_training_set/RSFB-Phenotyping_training_set/20251021_155758.jpg,/home/user/tabbakhab1/dev/project/cache/grid_crops_1400_inset075/20251021_155758_gridv3_69d862dd2d33.jpg,cache/dinov3_grid_tiled_mil_features_4x4/20251021_155758_648bd30d96e0d3eb.npz,0.059468698,0.03890142,0.041940633,0.07341266,0.121992044,0.19739334,0.037489694,0.043383516,0.04441128,0.043488108,0.041608263,0.054963034,0.054046035,0.0368579,0.03879591,0.071847446
20251021_120926,21.25,13.117141,-8.132859,0.7236878232346984,12,0.29939702,/home/nfs/data/nvme_datasets/Pictures_CFSB_leaf_damage/RSFB-Phenotyping_training_set/RSFB-Phenotyping_training_set/20251021_120926.jpg,/home/user/tabbakhab1/dev/project/cache/grid_crops_1400_inset075/20251021_120926_gridv3_f34602797b70.jpg,cache/dinov3_grid_tiled_mil_features_4x4/20251021_120926_af405fc6e2057e50.npz,0.016450461,0.0070671407,0.010385783,0.06543781,0.17069483,0.0669071,0.018924274,0.22783092,0.0067396397,0.009001466,0.0077947527,0.006750385,0.29939702,0.06502935,0.007595275,0.013993793
20251021_160133,4.0,7.7551546,3.7551546,0.795451178114407,15,0.2849687,/home/nfs/data/nvme_datasets/Pictures_CFSB_leaf_damage/RSFB-Phenotyping_training_set/RSFB-Phenotyping_training_set/20251021_160133.jpg,/home/user/tabbakhab1/dev/project/cache/grid_crops_1400_inset075/20251021_160133_gridv3_4c4b6b3ec13b.jpg,cache/dinov3_grid_tiled_mil_features_4x4/20251021_160133_2c9dfd737899fe4f.npz,0.0700955,0.0087085,0.009101635,0.01874773,0.08322932,0.071547695,0.12808202,0.15772447,0.009385751,0.0123545015,0.011679663,0.011086755,0.022352641,0.011705508,0.08922958,0.2849687
20251021_123220,7.0,7.542376,0.54237604,0.7684031558823612,12,0.27340496,/home/nfs/data/nvme_datasets/Pictures_CFSB_leaf_damage/RSFB-Phenotyping_training_set/RSFB-Phenotyping_training_set/20251021_123220.jpg,/home/user/tabbakhab1/dev/project/cache/grid_crops_1400_inset075/20251021_123220_gridv3_81d37d2d4ff4.jpg,cache/dinov3_grid_tiled_mil_features_4x4/20251021_123220_43349d608d3ddd9f.npz,0.016109938,0.008087671,0.007234164,0.028874349,0.023278497,0.01501317,0.10256266,0.11499613,0.007323242,0.009086409,0.008664561,0.00830165,0.27340496,0.12400456,0.055683505,0.19737452
20251021_125035,5.25,4.143512,-1.1064882,0.9041660986514005,12,0.14619476,/home/nfs/data/nvme_datasets/Pictures_CFSB_leaf_damage/RSFB-Phenotyping_training_set/RSFB-Phenotyping_training_set/20251021_125035.jpg,/home/user/tabbakhab1/dev/project/cache/grid_crops_1400_inset075/20251021_125035_gridv3_35b73f785ac5.jpg,cache/dinov3_grid_tiled_mil_features_4x4/20251021_125035_38a32a7b7f3c32d2.npz,0.113975026,0.018001083,0.09837949,0.107391626,0.015275049,0.01214181,0.01721744,0.012420722,0.1096055,0.024022825,0.063488275,0.09744106,0.14619476,0.08306661,0.026916957,0.0544618
20251021_154614,4.25,5.046355,0.7963548,0.890677404197588,0,0.21503319,/home/nfs/data/nvme_datasets/Pictures_CFSB_leaf_damage/RSFB-Phenotyping_training_set/RSFB-Phenotyping_training_set/20251021_154614.jpg,/home/user/tabbakhab1/dev/project/cache/grid_crops_1400_inset075/20251021_154614_gridv3_76f8d16e6196.jpg,cache/dinov3_grid_tiled_mil_features_4x4/20251021_154614_63531e2365c1ef15.npz,0.21503319,0.038737237,0.07580221,0.09255809,0.04369534,0.02148736,0.021948773,0.014156386,0.013696124,0.037972797,0.0379852,0.024393782,0.10277421,0.03345707,0.090453506,0.13584878
20251021_155407,0.7500005,3.5403028,2.7903023,0.8320805567219198,12,0.1653445,/home/nfs/data/nvme_datasets/Pictures_CFSB_leaf_damage/RSFB-Phenotyping_training_set/RSFB-Phenotyping_training_set/20251021_155407.jpg,/home/user/tabbakhab1/dev/project/cache/grid_crops_1400_inset075/20251021_155407_gridv3_5cdc07fb618a.jpg,cache/dinov3_grid_tiled_mil_features_4x4/20251021_155407_f7d11bf894cd2151.npz,0.14971982,0.10230048,0.005167803,0.114942625,0.044540722,0.016646666,0.0061365687,0.00913147,0.016431512,0.0086642625,0.009570213,0.014181115,0.1653445,0.10992891,0.07233592,0.15495746
20251021_121704,2.0,4.4116154,2.4116154,0.8391143028774091,0,0.19433513,/home/nfs/data/nvme_datasets/Pictures_CFSB_leaf_damage/RSFB-Phenotyping_training_set/RSFB-Phenotyping_training_set/20251021_121704.jpg,/home/user/tabbakhab1/dev/project/cache/grid_crops_1400_inset075/20251021_121704_gridv3_0f0d4c1e9758.jpg,cache/dinov3_grid_tiled_mil_features_4x4/20251021_121704_c6d555ab324ce124.npz,0.19433513,0.0068113157,0.079312764,0.08178669,0.120407656,0.0073828488,0.008119339,0.007356526,0.08522491,0.0064992444,0.036239304,0.019403137,0.16211851,0.008516982,0.077751465,0.09873413
20251021_131634,1.25,4.3005958,3.0505958,0.8733010076041948,3,0.15960272,/home/nfs/data/nvme_datasets/Pictures_CFSB_leaf_damage/RSFB-Phenotyping_training_set/RSFB-Phenotyping_training_set/20251021_131634.jpg,/home/user/tabbakhab1/dev/project/cache/grid_crops_1400_inset075/20251021_131634_gridv3_f842eeafd881.jpg,cache/dinov3_grid_tiled_mil_features_4x4/20251021_131634_3ef3129d2bedc8d2.npz,0.12128051,0.08717779,0.12663294,0.15960272,0.0070806327,0.012341279,0.02164601,0.012456189,0.06756222,0.027500909,0.08881825,0.12971802,0.07864498,0.008538135,0.005775778,0.04522364
20251021_151952,4.25,4.8672805,0.6172805,0.830054160130132,12,0.21959072,/home/nfs/data/nvme_datasets/Pictures_CFSB_leaf_damage/RSFB-Phenotyping_training_set/RSFB-Phenotyping_training_set/20251021_151952.jpg,/home/user/tabbakhab1/dev/project/cache/grid_crops_1400_inset075/20251021_151952_gridv3_00ca7b203552.jpg,cache/dinov3_grid_tiled_mil_features_4x4/20251021_151952_5a9f89d59c0b461a.npz,0.011937331,0.04747697,0.09141256,0.14040495,0.0078080376,0.08225558,0.12567036,0.06236053,0.005782036,0.006533828,0.006703858,0.00711883,0.21959072,0.06838769,0.10653487,0.010021799
20251021_121633,3.25,5.109748,1.8597479,0.8257564014440186,12,0.26170647,/home/nfs/data/nvme_datasets/Pictures_CFSB_leaf_damage/RSFB-Phenotyping_training_set/RSFB-Phenotyping_training_set/20251021_121633.jpg,/home/user/tabbakhab1/dev/project/cache/grid_crops_1400_inset075/20251021_121633_gridv3_faa95cff2abb.jpg,cache/dinov3_grid_tiled_mil_features_4x4/20251021_121633_a8fe70be148e2584.npz,0.105014704,0.13481821,0.036683355,0.081329934,0.013706134,0.014292855,0.0077789593,0.008063375,0.016529847,0.0069413795,0.0767565,0.03844487,0.26170647,0.007983229,0.0962533,0.093696825
20251021_121034,17.5,15.772116,-1.7278843,0.7861624422751448,3,0.22022305,/home/nfs/data/nvme_datasets/Pictures_CFSB_leaf_damage/RSFB-Phenotyping_training_set/RSFB-Phenotyping_training_set/20251021_121034.jpg,/home/user/tabbakhab1/dev/project/cache/grid_crops_1400_inset075/20251021_121034_gridv3_e11538bb4a1b.jpg,cache/dinov3_grid_tiled_mil_features_4x4/20251021_121034_006cb84c8e0f98f3.npz,0.10202782,0.0075858464,0.062266573,0.22022305,0.053065613,0.0067713996,0.03775453,0.101579286,0.0049024755,0.0063896305,0.006171018,0.009986696,0.17558467,0.019577784,0.006115642,0.17999794
20251021_162057,4.5,6.135407,1.635407,0.7374095569433602,3,0.25258946,/home/nfs/data/nvme_datasets/Pictures_CFSB_leaf_damage/RSFB-Phenotyping_training_set/RSFB-Phenotyping_training_set/20251021_162057.jpg,/home/user/tabbakhab1/dev/project/cache/grid_crops_1400_inset075/20251021_162057_gridv3_ea8a3abf52a7.jpg,cache/dinov3_grid_tiled_mil_features_4x4/20251021_162057_d81dfc96fc00be37.npz,0.011400592,0.021561667,0.089579724,0.25258946,0.010280948,0.0077978554,0.0071524736,0.00698005,0.048135683,0.023647279,0.00850328,0.022908933,0.23363604,0.03559278,0.009428749,0.21080445
20251021_125003,2.65,6.426252,3.7762518,0.8938267796257922,11,0.24603175,/home/nfs/data/nvme_datasets/Pictures_CFSB_leaf_damage/RSFB-Phenotyping_training_set/RSFB-Phenotyping_training_set/20251021_125003.jpg,/home/user/tabbakhab1/dev/project/cache/grid_crops_1400_inset075/20251021_125003_gridv3_391f0a46277f.jpg,cache/dinov3_grid_tiled_mil_features_4x4/20251021_125003_e9adc7a50d1cdf0a.npz,0.086189106,0.032179352,0.029851194,0.08522412,0.025957968,0.030332735,0.031864356,0.02808369,0.12987094,0.028892526,0.031183913,0.24603175,0.06673763,0.03758714,0.028830513,0.08118307
20251021_151731,3.25,4.5077677,1.2577677,0.8870549504127919,12,0.18648705,/home/nfs/data/nvme_datasets/Pictures_CFSB_leaf_damage/RSFB-Phenotyping_training_set/RSFB-Phenotyping_training_set/20251021_151731.jpg,/home/user/tabbakhab1/dev/project/cache/grid_crops_1400_inset075/20251021_151731_gridv3_d64c4734b819.jpg,cache/dinov3_grid_tiled_mil_features_4x4/20251021_151731_6457abe8ceb5067e.npz,0.12675895,0.04852661,0.0347822,0.10374045,0.06427711,0.030388199,0.0058569033,0.023744874,0.027561698,0.0070344578,0.060882106,0.0745429,0.18648705,0.0073796934,0.07151823,0.12651859
20251021_162321,1.7000003,1.9153199,0.21531963,0.8388266234943518,14,0.19866619,/home/nfs/data/nvme_datasets/Pictures_CFSB_leaf_damage/RSFB-Phenotyping_training_set/RSFB-Phenotyping_training_set/20251021_162321.jpg,/home/user/tabbakhab1/dev/project/cache/grid_crops_1400_inset075/20251021_162321_gridv3_6105d1d9634e.jpg,cache/dinov3_grid_tiled_mil_features_4x4/20251021_162321_1440c2c2f1b099b4.npz,0.045155056,0.016247647,0.019752087,0.047202278,0.12525281,0.018744279,0.080415085,0.14550179,0.017598385,0.020753177,0.017872391,0.015319805,0.02477453,0.01482169,0.19866619,0.19192277
20251021_125215,27.5,27.395098,-0.10490227,0.8338417633547726,1,0.17400163,/home/nfs/data/nvme_datasets/Pictures_CFSB_leaf_damage/RSFB-Phenotyping_training_set/RSFB-Phenotyping_training_set/20251021_125215.jpg,/home/user/tabbakhab1/dev/project/cache/grid_crops_1400_inset075/20251021_125215_gridv3_cd0f32ee4c48.jpg,cache/dinov3_grid_tiled_mil_features_4x4/20251021_125215_98a7915a47a85508.npz,0.01157734,0.17400163,0.17296316,0.1397772,0.0045297504,0.023985129,0.03372567,0.026309278,0.004937891,0.032082316,0.048267793,0.051949427,0.0070688357,0.08211201,0.019933458,0.16677903
20251021_125129,0.9000001,3.1103806,2.2103806,0.8080094889492664,0,0.2989345,/home/nfs/data/nvme_datasets/Pictures_CFSB_leaf_damage/RSFB-Phenotyping_training_set/RSFB-Phenotyping_training_set/20251021_125129.jpg,/home/user/tabbakhab1/dev/project/cache/grid_crops_1400_inset075/20251021_125129_gridv3_12fcd5f38d3e.jpg,cache/dinov3_grid_tiled_mil_features_4x4/20251021_125129_831ea8556f5e7b53.npz,0.2989345,0.10038461,0.02262682,0.045627423,0.052695196,0.054621544,0.02116665,0.024836045,0.01945708,0.023956427,0.023484154,0.018258378,0.21820126,0.019659732,0.019826494,0.03626374
20251021_161028,2.75,3.980067,1.230067,0.7728702729530049,3,0.3985408,/home/nfs/data/nvme_datasets/Pictures_CFSB_leaf_damage/RSFB-Phenotyping_training_set/RSFB-Phenotyping_training_set/20251021_161028.jpg,/home/user/tabbakhab1/dev/project/cache/grid_crops_1400_inset075/20251021_161028_gridv3_6d57a83ae3ca.jpg,cache/dinov3_grid_tiled_mil_features_4x4/20251021_161028_378b2c89003f3120.npz,0.1012556,0.06509357,0.01733981,0.3985408,0.020442333,0.014438476,0.014741694,0.021701837,0.016805433,0.027512036,0.057531085,0.01646467,0.072728164,0.106357135,0.025763864,0.023283454
20251021_160658,1.5,3.1074958,1.6074958,0.8951248545417063,12,0.15013403,/home/nfs/data/nvme_datasets/Pictures_CFSB_leaf_damage/RSFB-Phenotyping_training_set/RSFB-Phenotyping_training_set/20251021_160658.jpg,/home/user/tabbakhab1/dev/project/cache/grid_crops_1400_inset075/20251021_160658_gridv3_60552f858335.jpg,cache/dinov3_grid_tiled_mil_features_4x4/20251021_160658_c39d4401d537fc47.npz,0.05955755,0.008138969,0.061018184,0.10602094,0.008188929,0.009162218,0.0095738415,0.02666479,0.11876858,0.06710274,0.030948704,0.033425532,0.15013403,0.085939206,0.10533513,0.120020635
20251021_162313,1.75,2.2238545,0.47385454,0.8541653614813572,12,0.2690487,/home/nfs/data/nvme_datasets/Pictures_CFSB_leaf_damage/RSFB-Phenotyping_training_set/RSFB-Phenotyping_training_set/20251021_162313.jpg,/home/user/tabbakhab1/dev/project/cache/grid_crops_1400_inset075/20251021_162313_gridv3_9ea597bcd2f9.jpg,cache/dinov3_grid_tiled_mil_features_4x4/20251021_162313_8fa23c00094242f0.npz,0.042339265,0.08952066,0.02458256,0.049634922,0.02172428,0.15317668,0.023454307,0.021797694,0.031996436,0.026024975,0.019568793,0.019564232,0.2690487,0.056824252,0.030368004,0.12037426
20251021_163044,4.0,9.457153,5.4571533,0.8405794129757715,8,0.17714082,/home/nfs/data/nvme_datasets/Pictures_CFSB_leaf_damage/RSFB-Phenotyping_training_set/RSFB-Phenotyping_training_set/20251021_163044.jpg,/home/user/tabbakhab1/dev/project/cache/grid_crops_1400_inset075/20251021_163044_gridv3_ba02f8eaefdc.jpg,cache/dinov3_grid_tiled_mil_features_4x4/20251021_163044_f0e8dc7fe6010ab4.npz,0.016168803,0.0044926926,0.038276188,0.101087175,0.005667776,0.004848948,0.004583988,0.0039361985,0.17714082,0.13311015,0.049366117,0.028681027,0.12359897,0.12402587,0.07996006,0.1050552
20251021_160541,3.75,6.7681904,3.0181904,0.8218454939923975,15,0.26314357,/home/nfs/data/nvme_datasets/Pictures_CFSB_leaf_damage/RSFB-Phenotyping_training_set/RSFB-Phenotyping_training_set/20251021_160541.jpg,/home/user/tabbakhab1/dev/project/cache/grid_crops_1400_inset075/20251021_160541_gridv3_a6eec9597bee.jpg,cache/dinov3_grid_tiled_mil_features_4x4/20251021_160541_8735cabc66bbf9a5.npz,0.0334415,0.029959524,0.066971876,0.12827131,0.059087027,0.039848734,0.007618357,0.029778158,0.0055129775,0.006079099,0.006026114,0.09716436,0.15641654,0.012054172,0.05862669,0.26314357
