image_id,absolute_path,relative_path,file_name,sha256,cohort_id,partner,location,experiment,sampling_date,timepoint,bbch,target,score_single,score_jlu,score_gau,annotator_difference,is_gold_standard,gold_threshold_points,supervision_tier,sample_weight,score_sources,score_qr_code,plot_number,genotype,plot_group_id,plot_group_source,split
img_86cfefd3287500276cfc,/home/nfs/data/nvme_datasets/Pictures_CFSB_leaf_damage/2025_10_07_RSFB-Phenotyping_WG1_JLU/2025_10_07_RSFB-Phenotyping_WG1_JLU/20251007_123354.jpg,2025_10_07_RSFB-Phenotyping_WG1_JLU/2025_10_07_RSFB-Phenotyping_WG1_JLU/20251007_123354.jpg,20251007_123354.jpg,86cfefd3287500276cfc92f4f5fbd52b89469a764961e0a6d4966f8861f58f8a,wg_insects_t1_bbch10,JLU,Weilburger Grenze,Insects,2025-10-07,T1,BBCH10,3.0,3.0,,,,False,5.0,single_weak,0.4,2025_10_07_RSFB-Phenotyping_WG1_JLU_scores.csv,8_J 154_R4S_427_1_8,,,plot_32e70d34f4a0e0fb8137,score_qr,weak_train
img_ca21f15c559168340876,/home/nfs/data/nvme_datasets/Pictures_CFSB_leaf_damage/2025_10_07_RSFB-Phenotyping_WG1_JLU/2025_10_07_RSFB-Phenotyping_WG1_JLU/20251007_123909.jpg,2025_10_07_RSFB-Phenotyping_WG1_JLU/2025_10_07_RSFB-Phenotyping_WG1_JLU/20251007_123909.jpg,20251007_123909.jpg,ca21f15c5591683408763f451a0c240ab9b4b8d22e4361bcd90c408d6455f719,wg_insects_t1_bbch10,JLU,Weilburger Grenze,Insects,2025-10-07,T1,BBCH10,11.0,11.0,,,,False,5.0,single_weak,0.4,2025_10_07_RSFB-Phenotyping_WG1_JLU_scores.csv,11_Major_R4S_386_1_11,,,plot_ce610e311fd3804fd70f,score_qr,weak_train
img_c7acc896ff088737c601,/home/nfs/data/nvme_datasets/Pictures_CFSB_leaf_damage/2025_10_07_RSFB-Phenotyping_WG1_JLU/2025_10_07_RSFB-Phenotyping_WG1_JLU/20251007_124124.jpg,2025_10_07_RSFB-Phenotyping_WG1_JLU/2025_10_07_RSFB-Phenotyping_WG1_JLU/20251007_124124.jpg,20251007_124124.jpg,c7acc896ff088737c60133f301d4079f9b5e18fca93cb4a668c08417c521521f,wg_insects_t1_bbch10,JLU,Weilburger Grenze,Insects,2025-10-07,T1,BBCH10,12.0,12.0,,,,False,5.0,single_weak,0.4,2025_10_07_RSFB-Phenotyping_WG1_JLU_scores.csv,14_DH5 Oase x Nugget  PBY061 von NPZ_R4S_408_1_14,,,plot_23b2c1fc8e3b2e0f4a47,score_qr,weak_train
img_199732b709bf34c2fbed,/home/nfs/data/nvme_datasets/Pictures_CFSB_leaf_damage/2025_10_07_RSFB-Phenotyping_WG1_JLU/2025_10_07_RSFB-Phenotyping_WG1_JLU/20251007_124209.jpg,2025_10_07_RSFB-Phenotyping_WG1_JLU/2025_10_07_RSFB-Phenotyping_WG1_JLU/20251007_124209.jpg,20251007_124209.jpg,199732b709bf34c2fbeda58f75903f45ddbf93bc38dc25e665bbe2ba4bd6328b,wg_insects_t1_bbch10,JLU,Weilburger Grenze,Insects,2025-10-07,T1,BBCH10,10.0,10.0,,,,False,5.0,single_weak,0.4,2025_10_07_RSFB-Phenotyping_WG1_JLU_scores.csv,15_Librador_R4S_389_1_15,,,plot_ffa55cfddd27e01d2d64,score_qr,weak_train
img_0e33cbe63eba8ad810da,/home/nfs/data/nvme_datasets/Pictures_CFSB_leaf_damage/2025_10_07_RSFB-Phenotyping_WG1_JLU/2025_10_07_RSFB-Phenotyping_WG1_JLU/20251007_124508.jpg,2025_10_07_RSFB-Phenotyping_WG1_JLU/2025_10_07_RSFB-Phenotyping_WG1_JLU/20251007_124508.jpg,20251007_124508.jpg,0e33cbe63eba8ad810dac31aabd99a5601a71dfa138849a6da606a105a67b379,wg_insects_t1_bbch10,JLU,Weilburger Grenze,Insects,2025-10-07,T1,BBCH10,2.0,2.0,,,,False,5.0,single_weak,0.4,2025_10_07_RSFB-Phenotyping_WG1_JLU_scores.csv,21_Alaska_R4S_266_1_21,,,plot_a4b50325dbf9a5ebc276,score_qr,weak_train
img_456e75a0e7aa5b0b4ca1,/home/nfs/data/nvme_datasets/Pictures_CFSB_leaf_damage/2025_10_07_RSFB-Phenotyping_WG1_JLU/2025_10_07_RSFB-Phenotyping_WG1_JLU/20251007_124541.jpg,2025_10_07_RSFB-Phenotyping_WG1_JLU/2025_10_07_RSFB-Phenotyping_WG1_JLU/20251007_124541.jpg,20251007_124541.jpg,456e75a0e7aa5b0b4ca1ccb0cdbca2c41f82eb2ce2c7125965aff40919072933,wg_insects_t1_bbch10,JLU,Weilburger Grenze,Insects,2025-10-07,T1,BBCH10,20.0,20.0,,,,False,5.0,single_weak,0.4,2025_10_07_RSFB-Phenotyping_WG1_JLU_scores.csv,22_APEX-93_5 X GINYOU_3 DH LINE_R4S_224_1_22,,,plot_9f72b83c4f2e8431403c,score_qr,weak_train
img_0febaa1b3e21cd7e4eca,/home/nfs/data/nvme_datasets/Pictures_CFSB_leaf_damage/2025_10_07_RSFB-Phenotyping_WG1_JLU/2025_10_07_RSFB-Phenotyping_WG1_JLU/20251007_124614.jpg,2025_10_07_RSFB-Phenotyping_WG1_JLU/2025_10_07_RSFB-Phenotyping_WG1_JLU/20251007_124614.jpg,20251007_124614.jpg,0febaa1b3e21cd7e4eca0c314788286db1987d5b732d96d12442aef5c9045e59,wg_insects_t1_bbch10,JLU,Weilburger Grenze,Insects,2025-10-07,T1,BBCH10,8.0,8.0,,,,False,5.0,single_weak,0.4,2025_10_07_RSFB-Phenotyping_WG1_JLU_scores.csv,23_Skrzeszowicki_R4S_379_1_23,,,plot_f847dbaff653f4b20c89,score_qr,weak_train
img_652798610ff182f8dbfe,/home/nfs/data/nvme_datasets/Pictures_CFSB_leaf_damage/2025_10_07_RSFB-Phenotyping_WG1_JLU/2025_10_07_RSFB-Phenotyping_WG1_JLU/20251007_124621.jpg,2025_10_07_RSFB-Phenotyping_WG1_JLU/2025_10_07_RSFB-Phenotyping_WG1_JLU/20251007_124621.jpg,20251007_124621.jpg,652798610ff182f8dbfe2dfdc792cd70956ff2c4483c288d76eeb00bf08892b0,wg_insects_t1_bbch10,JLU,Weilburger Grenze,Insects,2025-10-07,T1,BBCH10,12.0,12.0,,,,False,5.0,single_weak,0.4,2025_10_07_RSFB-Phenotyping_WG1_JLU_scores.csv,23_Skrzeszowicki_R4S_379_1_23,,,plot_f847dbaff653f4b20c89,score_qr,weak_train
img_c65568e9d4037b91e71a,/home/nfs/data/nvme_datasets/Pictures_CFSB_leaf_damage/2025_10_07_RSFB-Phenotyping_WG1_JLU/2025_10_07_RSFB-Phenotyping_WG1_JLU/20251007_124656.jpg,2025_10_07_RSFB-Phenotyping_WG1_JLU/2025_10_07_RSFB-Phenotyping_WG1_JLU/20251007_124656.jpg,20251007_124656.jpg,c65568e9d4037b91e71aba4fb76730c6f406380163364fdf1166ac7f63a939ee,wg_insects_t1_bbch10,JLU,Weilburger Grenze,Insects,2025-10-07,T1,BBCH10,20.0,20.0,,,,False,5.0,single_weak,0.4,2025_10_07_RSFB-Phenotyping_WG1_JLU_scores.csv,24_Mestnij_R4S_384_1_24,,,plot_e594a79ebb12e0ace7b1,score_qr,weak_train
img_3c96954ca9751bf5dd5a,/home/nfs/data/nvme_datasets/Pictures_CFSB_leaf_damage/2025_10_07_RSFB-Phenotyping_WG1_JLU/2025_10_07_RSFB-Phenotyping_WG1_JLU/20251007_124721.jpg,2025_10_07_RSFB-Phenotyping_WG1_JLU/2025_10_07_RSFB-Phenotyping_WG1_JLU/20251007_124721.jpg,20251007_124721.jpg,3c96954ca9751bf5dd5a61bc532131eefc87c53f7193306a3ded518dc49516d5,wg_insects_t1_bbch10,JLU,Weilburger Grenze,Insects,2025-10-07,T1,BBCH10,12.0,12.0,,,,False,5.0,single_weak,0.4,2025_10_07_RSFB-Phenotyping_WG1_JLU_scores.csv,25_Conqueror Bronze Green Top_R4S_344_1_25,,,plot_b6e7174d690b75e292ff,score_qr,weak_train
img_76c90751709d64100aac,/home/nfs/data/nvme_datasets/Pictures_CFSB_leaf_damage/2025_10_07_RSFB-Phenotyping_WG1_JLU/2025_10_07_RSFB-Phenotyping_WG1_JLU/20251007_124800.jpg,2025_10_07_RSFB-Phenotyping_WG1_JLU/2025_10_07_RSFB-Phenotyping_WG1_JLU/20251007_124800.jpg,20251007_124800.jpg,76c90751709d64100aacd62e2da938c94d9fb19eea4217d575a11b50a91a8af7,wg_insects_t1_bbch10,JLU,Weilburger Grenze,Insects,2025-10-07,T1,BBCH10,4.0,4.0,,,,False,5.0,single_weak,0.4,2025_10_07_RSFB-Phenotyping_WG1_JLU_scores.csv,26_Barrel_R4S_225_1_26,,,plot_2e3302092fee0c5ce1fa,score_qr,weak_train
img_6b4ebff38d4fda7d9487,/home/nfs/data/nvme_datasets/Pictures_CFSB_leaf_damage/2025_10_07_RSFB-Phenotyping_WG1_JLU/2025_10_07_RSFB-Phenotyping_WG1_JLU/20251007_124942.jpg,2025_10_07_RSFB-Phenotyping_WG1_JLU/2025_10_07_RSFB-Phenotyping_WG1_JLU/20251007_124942.jpg,20251007_124942.jpg,6b4ebff38d4fda7d94872a83fb29f6d46cb83e0aee8acabc4f400934f89a654d,wg_insects_t1_bbch10,JLU,Weilburger Grenze,Insects,2025-10-07,T1,BBCH10,8.0,8.0,,,,False,5.0,single_weak,0.4,2025_10_07_RSFB-Phenotyping_WG1_JLU_scores.csv,29_MADRIGAL x RECITAL DH LINE_R4S_221_1_29,,,plot_28f8f26420203e55d179,score_qr,weak_train
img_96d426a8e9fc31e7ec04,/home/nfs/data/nvme_datasets/Pictures_CFSB_leaf_damage/2025_10_07_RSFB-Phenotyping_WG1_JLU/2025_10_07_RSFB-Phenotyping_WG1_JLU/20251007_125428.jpg,2025_10_07_RSFB-Phenotyping_WG1_JLU/2025_10_07_RSFB-Phenotyping_WG1_JLU/20251007_125428.jpg,20251007_125428.jpg,96d426a8e9fc31e7ec04673f336c6a8eef46fdee4e48215215302408def8ae0b,wg_insects_t1_bbch10,JLU,Weilburger Grenze,Insects,2025-10-07,T1,BBCH10,15.0,15.0,,,,False,5.0,single_weak,0.4,2025_10_07_RSFB-Phenotyping_WG1_JLU_scores.csv,37_Baltia_R4S_269_1_37,,,plot_781f98589b11cd6b6181,score_qr,weak_train
img_85925c77cb4f30e10c38,/home/nfs/data/nvme_datasets/Pictures_CFSB_leaf_damage/2025_10_07_RSFB-Phenotyping_WG1_JLU/2025_10_07_RSFB-Phenotyping_WG1_JLU/20251007_125951.jpg,2025_10_07_RSFB-Phenotyping_WG1_JLU/2025_10_07_RSFB-Phenotyping_WG1_JLU/20251007_125951.jpg,20251007_125951.jpg,85925c77cb4f30e10c38b38181afcd635c68e0318531997f73d013abdcac6ce7,wg_insects_t1_bbch10,JLU,Weilburger Grenze,Insects,2025-10-07,T1,BBCH10,10.0,10.0,,,,False,5.0,single_weak,0.4,2025_10_07_RSFB-Phenotyping_WG1_JLU_scores.csv,46_Lirakotta_R4S_280_1_46,,,plot_4e65efbdcb5cafd1ab18,score_qr,weak_train
img_3335e2e27ee4503c4108,/home/nfs/data/nvme_datasets/Pictures_CFSB_leaf_damage/2025_10_07_RSFB-Phenotyping_WG1_JLU/2025_10_07_RSFB-Phenotyping_WG1_JLU/20251007_125959.jpg,2025_10_07_RSFB-Phenotyping_WG1_JLU/2025_10_07_RSFB-Phenotyping_WG1_JLU/20251007_125959.jpg,20251007_125959.jpg,3335e2e27ee4503c41085de6dcd632d0e7cc154b6f49a434380e71c6e486d208,wg_insects_t1_bbch10,JLU,Weilburger Grenze,Insects,2025-10-07,T1,BBCH10,15.0,15.0,,,,False,5.0,single_weak,0.4,2025_10_07_RSFB-Phenotyping_WG1_JLU_scores.csv,46_Lirakotta_R4S_280_1_46,,,plot_4e65efbdcb5cafd1ab18,score_qr,weak_train
img_7c50a21730d18aa38dab,/home/nfs/data/nvme_datasets/Pictures_CFSB_leaf_damage/2025_10_07_RSFB-Phenotyping_WG1_JLU/2025_10_07_RSFB-Phenotyping_WG1_JLU/20251007_130026.jpg,2025_10_07_RSFB-Phenotyping_WG1_JLU/2025_10_07_RSFB-Phenotyping_WG1_JLU/20251007_130026.jpg,20251007_130026.jpg,7c50a21730d18aa38dabfbb03260034e599ab6610d7421317222af2f221e5d1e,wg_insects_t1_bbch10,JLU,Weilburger Grenze,Insects,2025-10-07,T1,BBCH10,8.0,8.0,,,,False,5.0,single_weak,0.4,2025_10_07_RSFB-Phenotyping_WG1_JLU_scores.csv,47_ALLESANDRO KWS_R4S_551_1_47,,,plot_ddcfcb8c282959206cbe,score_qr,weak_train
img_ab5fc6a93d8411a7d725,/home/nfs/data/nvme_datasets/Pictures_CFSB_leaf_damage/2025_10_07_RSFB-Phenotyping_WG1_JLU/2025_10_07_RSFB-Phenotyping_WG1_JLU/20251007_130102.jpg,2025_10_07_RSFB-Phenotyping_WG1_JLU/2025_10_07_RSFB-Phenotyping_WG1_JLU/20251007_130102.jpg,20251007_130102.jpg,ab5fc6a93d8411a7d7256b61d740e669cfa01e39543525a8d54414110b3ceee3,wg_insects_t1_bbch10,JLU,Weilburger Grenze,Insects,2025-10-07,T1,BBCH10,2.0,2.0,,,,False,5.0,single_weak,0.4,2025_10_07_RSFB-Phenotyping_WG1_JLU_scores.csv,48_Cooper_R4S_154_1_48,,,plot_1ebe9957308b8d3d6f7c,score_qr,weak_train
img_fb5c198ed1efdf819850,/home/nfs/data/nvme_datasets/Pictures_CFSB_leaf_damage/2025_10_07_RSFB-Phenotyping_WG1_JLU/2025_10_07_RSFB-Phenotyping_WG1_JLU/20251007_130612.jpg,2025_10_07_RSFB-Phenotyping_WG1_JLU/2025_10_07_RSFB-Phenotyping_WG1_JLU/20251007_130612.jpg,20251007_130612.jpg,fb5c198ed1efdf819850d842398c1a8e6409e4f13d17fe08bf71fdcbda543439,wg_insects_t1_bbch10,JLU,Weilburger Grenze,Insects,2025-10-07,T1,BBCH10,2.0,2.0,,,,False,5.0,single_weak,0.4,2025_10_07_RSFB-Phenotyping_WG1_JLU_scores.csv,56_R53_R4S_294_1_56,,,plot_504180001e19348e8218,score_qr,weak_train
img_fce95174ed1314aa8069,/home/nfs/data/nvme_datasets/Pictures_CFSB_leaf_damage/2025_10_07_RSFB-Phenotyping_WG1_JLU/2025_10_07_RSFB-Phenotyping_WG1_JLU/20251007_131259.jpg,2025_10_07_RSFB-Phenotyping_WG1_JLU/2025_10_07_RSFB-Phenotyping_WG1_JLU/20251007_131259.jpg,20251007_131259.jpg,fce95174ed1314aa8069a2f7e2422f957fe01998021c5214b5f577c50fd66d4f,wg_insects_t1_bbch10,JLU,Weilburger Grenze,Insects,2025-10-07,T1,BBCH10,8.0,8.0,,,,False,5.0,single_weak,0.4,2025_10_07_RSFB-Phenotyping_WG1_JLU_scores.csv,114_Baros_R4S_236_2_54,,,plot_42c804b6709b845c09a3,score_qr,weak_train
img_53a339a8b8e68656935c,/home/nfs/data/nvme_datasets/Pictures_CFSB_leaf_damage/2025_10_07_RSFB-Phenotyping_WG1_JLU/2025_10_07_RSFB-Phenotyping_WG1_JLU/20251007_131545.jpg,2025_10_07_RSFB-Phenotyping_WG1_JLU/2025_10_07_RSFB-Phenotyping_WG1_JLU/20251007_131545.jpg,20251007_131545.jpg,53a339a8b8e68656935c2beab2f8d5f5160cedd35803954c70b7a37539b72506,wg_insects_t1_bbch10,JLU,Weilburger Grenze,Insects,2025-10-07,T1,BBCH10,4.0,4.0,,,,False,5.0,single_weak,0.4,2025_10_07_RSFB-Phenotyping_WG1_JLU_scores.csv,109_Robust_R4S_143_2_49,,,plot_e9e70368065f615a5caf,score_qr,weak_train
img_2a6d17c1c4883a6cc83a,/home/nfs/data/nvme_datasets/Pictures_CFSB_leaf_damage/2025_10_07_RSFB-Phenotyping_WG1_JLU/2025_10_07_RSFB-Phenotyping_WG1_JLU/20251007_131559.jpg,2025_10_07_RSFB-Phenotyping_WG1_JLU/2025_10_07_RSFB-Phenotyping_WG1_JLU/20251007_131559.jpg,20251007_131559.jpg,2a6d17c1c4883a6cc83aac307086687cc492cb107addecc5ff11a25487dea8a1,wg_insects_t1_bbch10,JLU,Weilburger Grenze,Insects,2025-10-07,T1,BBCH10,1.0,1.0,,,,False,5.0,single_weak,0.4,2025_10_07_RSFB-Phenotyping_WG1_JLU_scores.csv,109_Robust_R4S_143_2_49,,,plot_e9e70368065f615a5caf,score_qr,weak_train
img_0d3455469c8934ad8342,/home/nfs/data/nvme_datasets/Pictures_CFSB_leaf_damage/2025_10_07_RSFB-Phenotyping_WG1_JLU/2025_10_07_RSFB-Phenotyping_WG1_JLU/20251007_131632.jpg,2025_10_07_RSFB-Phenotyping_WG1_JLU/2025_10_07_RSFB-Phenotyping_WG1_JLU/20251007_131632.jpg,20251007_131632.jpg,0d3455469c8934ad8342c1f993f9fbd4e6564f9f270a4d57c46f50e0c907f07e,wg_insects_t1_bbch10,JLU,Weilburger Grenze,Insects,2025-10-07,T1,BBCH10,1.0,1.0,,,,False,5.0,single_weak,0.4,2025_10_07_RSFB-Phenotyping_WG1_JLU_scores.csv,108_Lirabon_R4S_211_2_48,,,plot_61e03f3c2084a75c02a0,score_qr,weak_train
img_0ab624c014408d64bad1,/home/nfs/data/nvme_datasets/Pictures_CFSB_leaf_damage/2025_10_07_RSFB-Phenotyping_WG1_JLU/2025_10_07_RSFB-Phenotyping_WG1_JLU/20251007_131911.jpg,2025_10_07_RSFB-Phenotyping_WG1_JLU/2025_10_07_RSFB-Phenotyping_WG1_JLU/20251007_131911.jpg,20251007_131911.jpg,0ab624c014408d64bad1034f267a63e3999cde00b90cc93cf0714b35f1a84ffc,wg_insects_t1_bbch10,JLU,Weilburger Grenze,Insects,2025-10-07,T1,BBCH10,10.0,10.0,,,,False,5.0,single_weak,0.4,2025_10_07_RSFB-Phenotyping_WG1_JLU_scores.csv,103_Atlantic_R4S_255_2_43,,,plot_e5f6779bfab99ed66eaf,score_qr,weak_train
img_5ea8950d5cf02304f22d,/home/nfs/data/nvme_datasets/Pictures_CFSB_leaf_damage/2025_10_07_RSFB-Phenotyping_WG1_JLU/2025_10_07_RSFB-Phenotyping_WG1_JLU/20251007_131953.jpg,2025_10_07_RSFB-Phenotyping_WG1_JLU/2025_10_07_RSFB-Phenotyping_WG1_JLU/20251007_131953.jpg,20251007_131953.jpg,5ea8950d5cf02304f22d48ad0f84339802f92884b46dd275733f818c71fb7f02,wg_insects_t1_bbch10,JLU,Weilburger Grenze,Insects,2025-10-07,T1,BBCH10,4.0,4.0,,,,False,5.0,single_weak,0.4,2025_10_07_RSFB-Phenotyping_WG1_JLU_scores.csv,102_R4S_NPZ1_R4S_497_2_42,,,plot_3684ad79a5010f97ee8a,score_qr,weak_train
img_0eef660baffba0cb6e88,/home/nfs/data/nvme_datasets/Pictures_CFSB_leaf_damage/2025_10_07_RSFB-Phenotyping_WG1_JLU/2025_10_07_RSFB-Phenotyping_WG1_JLU/20251007_132132.jpg,2025_10_07_RSFB-Phenotyping_WG1_JLU/2025_10_07_RSFB-Phenotyping_WG1_JLU/20251007_132132.jpg,20251007_132132.jpg,0eef660baffba0cb6e88f3bc29a04600926dd45062feab7a4f542a6d9509289d,wg_insects_t1_bbch10,JLU,Weilburger Grenze,Insects,2025-10-07,T1,BBCH10,2.0,2.0,,,,False,5.0,single_weak,0.4,2025_10_07_RSFB-Phenotyping_WG1_JLU_scores.csv,99_SHANG-YOU_R4S_215_2_39,,,plot_9d9054fb92bbdfc2048b,score_qr,weak_train
img_03245855f3ed5f49d01b,/home/nfs/data/nvme_datasets/Pictures_CFSB_leaf_damage/2025_10_07_RSFB-Phenotyping_WG1_JLU/2025_10_07_RSFB-Phenotyping_WG1_JLU/20251007_132215.jpg,2025_10_07_RSFB-Phenotyping_WG1_JLU/2025_10_07_RSFB-Phenotyping_WG1_JLU/20251007_132215.jpg,20251007_132215.jpg,03245855f3ed5f49d01bce248d27796dc9cb88f20e0a689f9c97d0b5637793ec,wg_insects_t1_bbch10,JLU,Weilburger Grenze,Insects,2025-10-07,T1,BBCH10,2.0,2.0,,,,False,5.0,single_weak,0.4,2025_10_07_RSFB-Phenotyping_WG1_JLU_scores.csv,98_Purple Top_R4S_341_2_38,,,plot_16f14a3716d6da06ca53,score_qr,weak_train
img_3037cdf37b5a539cba77,/home/nfs/data/nvme_datasets/Pictures_CFSB_leaf_damage/2025_10_07_RSFB-Phenotyping_WG1_JLU/2025_10_07_RSFB-Phenotyping_WG1_JLU/20251007_132447.jpg,2025_10_07_RSFB-Phenotyping_WG1_JLU/2025_10_07_RSFB-Phenotyping_WG1_JLU/20251007_132447.jpg,20251007_132447.jpg,3037cdf37b5a539cba77a6c95694b0bc499880843e413c942e25d7ad296c688c,wg_insects_t1_bbch10,JLU,Weilburger Grenze,Insects,2025-10-07,T1,BBCH10,2.0,2.0,,,,False,5.0,single_weak,0.4,2025_10_07_RSFB-Phenotyping_WG1_JLU_scores.csv,94_S16_R4S_489_2_34,,,plot_8e9494fa8d05ffe641da,score_qr,weak_train
img_d2ad572a7a5646cc5401,/home/nfs/data/nvme_datasets/Pictures_CFSB_leaf_damage/2025_10_07_RSFB-Phenotyping_WG1_JLU/2025_10_07_RSFB-Phenotyping_WG1_JLU/20251007_132453.jpg,2025_10_07_RSFB-Phenotyping_WG1_JLU/2025_10_07_RSFB-Phenotyping_WG1_JLU/20251007_132453.jpg,20251007_132453.jpg,d2ad572a7a5646cc5401d97f176054183a90e6381b9e659d2c140ab86e717f4e,wg_insects_t1_bbch10,JLU,Weilburger Grenze,Insects,2025-10-07,T1,BBCH10,3.0,3.0,,,,False,5.0,single_weak,0.4,2025_10_07_RSFB-Phenotyping_WG1_JLU_scores.csv,94_S16_R4S_489_2_34,,,plot_8e9494fa8d05ffe641da,score_qr,weak_train
img_66b63d5f88c3a59ed6a2,/home/nfs/data/nvme_datasets/Pictures_CFSB_leaf_damage/2025_10_07_RSFB-Phenotyping_WG1_JLU/2025_10_07_RSFB-Phenotyping_WG1_JLU/20251007_132600.jpg,2025_10_07_RSFB-Phenotyping_WG1_JLU/2025_10_07_RSFB-Phenotyping_WG1_JLU/20251007_132600.jpg,20251007_132600.jpg,66b63d5f88c3a59ed6a24f4f9ced10d221856703beed4638bba6f6996a590fb9,wg_insects_t1_bbch10,JLU,Weilburger Grenze,Insects,2025-10-07,T1,BBCH10,4.0,4.0,,,,False,5.0,single_weak,0.4,2025_10_07_RSFB-Phenotyping_WG1_JLU_scores.csv,92_S35_R4S_428_2_32,,,plot_7c424b18e7cee068fcaf,score_qr,weak_train
img_7693cedc1265f899ff32,/home/nfs/data/nvme_datasets/Pictures_CFSB_leaf_damage/2025_10_07_RSFB-Phenotyping_WG1_JLU/2025_10_07_RSFB-Phenotyping_WG1_JLU/20251007_132608.jpg,2025_10_07_RSFB-Phenotyping_WG1_JLU/2025_10_07_RSFB-Phenotyping_WG1_JLU/20251007_132608.jpg,20251007_132608.jpg,7693cedc1265f899ff32fa33aa11a49788a198821a3e58598859852ee9f18092,wg_insects_t1_bbch10,JLU,Weilburger Grenze,Insects,2025-10-07,T1,BBCH10,3.0,3.0,,,,False,5.0,single_weak,0.4,2025_10_07_RSFB-Phenotyping_WG1_JLU_scores.csv,92_S35_R4S_428_2_32,,,plot_7c424b18e7cee068fcaf,score_qr,weak_train
img_6a1c2c426be7d2c591ba,/home/nfs/data/nvme_datasets/Pictures_CFSB_leaf_damage/2025_10_07_RSFB-Phenotyping_WG1_JLU/2025_10_07_RSFB-Phenotyping_WG1_JLU/20251007_132756.jpg,2025_10_07_RSFB-Phenotyping_WG1_JLU/2025_10_07_RSFB-Phenotyping_WG1_JLU/20251007_132756.jpg,20251007_132756.jpg,6a1c2c426be7d2c591bae63746e1b872b4b2deae9f99b4bef29707f60c759c3a,wg_insects_t1_bbch10,JLU,Weilburger Grenze,Insects,2025-10-07,T1,BBCH10,5.0,5.0,,,,False,5.0,single_weak,0.4,2025_10_07_RSFB-Phenotyping_WG1_JLU_scores.csv,89_Agalon_R4S_263_2_29,,,plot_5e5dfa0f8c12a4a2cf7f,score_qr,weak_train
img_785b7cd60c9d61e8ecde,/home/nfs/data/nvme_datasets/Pictures_CFSB_leaf_damage/2025_10_07_RSFB-Phenotyping_WG1_JLU/2025_10_07_RSFB-Phenotyping_WG1_JLU/20251007_132905.jpg,2025_10_07_RSFB-Phenotyping_WG1_JLU/2025_10_07_RSFB-Phenotyping_WG1_JLU/20251007_132905.jpg,20251007_132905.jpg,785b7cd60c9d61e8ecde970a7ac6d17c0dbf97c9af197db86b737b03a4ceae9e,wg_insects_t1_bbch10,JLU,Weilburger Grenze,Insects,2025-10-07,T1,BBCH10,5.0,5.0,,,,False,5.0,single_weak,0.4,2025_10_07_RSFB-Phenotyping_WG1_JLU_scores.csv,87_BRISTOL_R4S_157_2_27,,,plot_904d61fe6e15f552a370,score_qr,weak_train
img_c40d5743ae9aea825c11,/home/nfs/data/nvme_datasets/Pictures_CFSB_leaf_damage/2025_10_07_RSFB-Phenotyping_WG1_JLU/2025_10_07_RSFB-Phenotyping_WG1_JLU/20251007_133049.jpg,2025_10_07_RSFB-Phenotyping_WG1_JLU/2025_10_07_RSFB-Phenotyping_WG1_JLU/20251007_133049.jpg,20251007_133049.jpg,c40d5743ae9aea825c11b3e6093a581e8885d7bd15c76cfe57b7222b7831c715,wg_insects_t1_bbch10,JLU,Weilburger Grenze,Insects,2025-10-07,T1,BBCH10,9.0,9.0,,,,False,5.0,single_weak,0.4,2025_10_07_RSFB-Phenotyping_WG1_JLU_scores.csv,84_Sansibar_R4S_243_2_24,,,plot_9cf29c2af25b47e6e88b,score_qr,weak_train
img_edeb59941e5d1b9ec5f4,/home/nfs/data/nvme_datasets/Pictures_CFSB_leaf_damage/2025_10_07_RSFB-Phenotyping_WG1_JLU/2025_10_07_RSFB-Phenotyping_WG1_JLU/20251007_133232.jpg,2025_10_07_RSFB-Phenotyping_WG1_JLU/2025_10_07_RSFB-Phenotyping_WG1_JLU/20251007_133232.jpg,20251007_133232.jpg,edeb59941e5d1b9ec5f4cc41c435c3af717f7ec3a15f2b3236c4438b441d9ac5,wg_insects_t1_bbch10,JLU,Weilburger Grenze,Insects,2025-10-07,T1,BBCH10,3.0,3.0,,,,False,5.0,single_weak,0.4,2025_10_07_RSFB-Phenotyping_WG1_JLU_scores.csv,81_25629-3_R4S_373_2_21,,,plot_b25a72413177e5170eb5,score_qr,weak_train
img_de25b50f885175a84227,/home/nfs/data/nvme_datasets/Pictures_CFSB_leaf_damage/2025_10_07_RSFB-Phenotyping_WG1_JLU/2025_10_07_RSFB-Phenotyping_WG1_JLU/20251007_133238.jpg,2025_10_07_RSFB-Phenotyping_WG1_JLU/2025_10_07_RSFB-Phenotyping_WG1_JLU/20251007_133238.jpg,20251007_133238.jpg,de25b50f885175a842276b6089c166002c84ce115654e7aa16cd86d4bf17085f,wg_insects_t1_bbch10,JLU,Weilburger Grenze,Insects,2025-10-07,T1,BBCH10,13.0,13.0,,,,False,5.0,single_weak,0.4,2025_10_07_RSFB-Phenotyping_WG1_JLU_scores.csv,81_25629-3_R4S_373_2_21,,,plot_b25a72413177e5170eb5,score_qr,weak_train
img_993b8bef8b4542abe71f,/home/nfs/data/nvme_datasets/Pictures_CFSB_leaf_damage/2025_10_07_RSFB-Phenotyping_WG1_JLU/2025_10_07_RSFB-Phenotyping_WG1_JLU/20251007_133314.jpg,2025_10_07_RSFB-Phenotyping_WG1_JLU/2025_10_07_RSFB-Phenotyping_WG1_JLU/20251007_133314.jpg,20251007_133314.jpg,993b8bef8b4542abe71fc0b46db8605476fe637d56dc3023ceb7894447c6af46,wg_insects_t1_bbch10,JLU,Weilburger Grenze,Insects,2025-10-07,T1,BBCH10,3.0,3.0,,,,False,5.0,single_weak,0.4,2025_10_07_RSFB-Phenotyping_WG1_JLU_scores.csv,80_Laser_R4S_246_2_20,,,plot_b1e75ad809ff8707c3b2,score_qr,weak_train
img_d11477512319b328eeb5,/home/nfs/data/nvme_datasets/Pictures_CFSB_leaf_damage/2025_10_07_RSFB-Phenotyping_WG1_JLU/2025_10_07_RSFB-Phenotyping_WG1_JLU/20251007_133352.jpg,2025_10_07_RSFB-Phenotyping_WG1_JLU/2025_10_07_RSFB-Phenotyping_WG1_JLU/20251007_133352.jpg,20251007_133352.jpg,d11477512319b328eeb586d5c05e55c83ad36f7afcb5b41bd2c30575ef9d13b6,wg_insects_t1_bbch10,JLU,Weilburger Grenze,Insects,2025-10-07,T1,BBCH10,5.0,5.0,,,,False,5.0,single_weak,0.4,2025_10_07_RSFB-Phenotyping_WG1_JLU_scores.csv,79_Jantar_R4S_391_2_19,,,plot_de50947285e53cf7dda0,score_qr,weak_train
img_4041fa8c243d94cdc1cd,/home/nfs/data/nvme_datasets/Pictures_CFSB_leaf_damage/2025_10_07_RSFB-Phenotyping_WG1_JLU/2025_10_07_RSFB-Phenotyping_WG1_JLU/20251007_133541.jpg,2025_10_07_RSFB-Phenotyping_WG1_JLU/2025_10_07_RSFB-Phenotyping_WG1_JLU/20251007_133541.jpg,20251007_133541.jpg,4041fa8c243d94cdc1cd9aeaeb19dcc7b57fa747f1d23c5c082d9d6b4157b3c2,wg_insects_t1_bbch10,JLU,Weilburger Grenze,Insects,2025-10-07,T1,BBCH10,14.0,14.0,,,,False,5.0,single_weak,0.4,2025_10_07_RSFB-Phenotyping_WG1_JLU_scores.csv,76_H355_R4S_417_2_16,,,plot_4cb2c1be99f545063821,score_qr,weak_train
img_10082c81520c0c4a563f,/home/nfs/data/nvme_datasets/Pictures_CFSB_leaf_damage/2025_10_07_RSFB-Phenotyping_WG1_JLU/2025_10_07_RSFB-Phenotyping_WG1_JLU/20251007_133558.jpg,2025_10_07_RSFB-Phenotyping_WG1_JLU/2025_10_07_RSFB-Phenotyping_WG1_JLU/20251007_133558.jpg,20251007_133558.jpg,10082c81520c0c4a563ff6ea5e4b86c6decd339214f65ff8749ead4730c0b7a0,wg_insects_t1_bbch10,JLU,Weilburger Grenze,Insects,2025-10-07,T1,BBCH10,3.0,3.0,,,,False,5.0,single_weak,0.4,2025_10_07_RSFB-Phenotyping_WG1_JLU_scores.csv,76_H355_R4S_417_2_16,,,plot_4cb2c1be99f545063821,score_qr,weak_train
img_3755d611f78d6f045bfc,/home/nfs/data/nvme_datasets/Pictures_CFSB_leaf_damage/2025_10_07_RSFB-Phenotyping_WG1_JLU/2025_10_07_RSFB-Phenotyping_WG1_JLU/20251007_133707.jpg,2025_10_07_RSFB-Phenotyping_WG1_JLU/2025_10_07_RSFB-Phenotyping_WG1_JLU/20251007_133707.jpg,20251007_133707.jpg,3755d611f78d6f045bfc285e0aa5b35ae4d5e98f58151431bb96a3c9bb365c04,wg_insects_t1_bbch10,JLU,Weilburger Grenze,Insects,2025-10-07,T1,BBCH10,8.0,8.0,,,,False,5.0,single_weak,0.4,2025_10_07_RSFB-Phenotyping_WG1_JLU_scores.csv,74_Drummonds Purple Top_R4S_343_2_14,,,plot_0ccd244f54fcda9028fb,score_qr,weak_train
img_cedd5a7bdceae3e592b5,/home/nfs/data/nvme_datasets/Pictures_CFSB_leaf_damage/2025_10_07_RSFB-Phenotyping_WG1_JLU/2025_10_07_RSFB-Phenotyping_WG1_JLU/20251007_133904.jpg,2025_10_07_RSFB-Phenotyping_WG1_JLU/2025_10_07_RSFB-Phenotyping_WG1_JLU/20251007_133904.jpg,20251007_133904.jpg,cedd5a7bdceae3e592b546f75c89e4fbf4b8648914f8fd6ef0092c94ed6586d3,wg_insects_t1_bbch10,JLU,Weilburger Grenze,Insects,2025-10-07,T1,BBCH10,4.0,4.0,,,,False,5.0,single_weak,0.4,2025_10_07_RSFB-Phenotyping_WG1_JLU_scores.csv,71_Tenor_R4S_169_2_11,,,plot_91ac4a9cd21f932a6384,score_qr,weak_train
img_f73311e2dabb74438b44,/home/nfs/data/nvme_datasets/Pictures_CFSB_leaf_damage/2025_10_07_RSFB-Phenotyping_WG1_JLU/2025_10_07_RSFB-Phenotyping_WG1_JLU/20251007_134023.jpg,2025_10_07_RSFB-Phenotyping_WG1_JLU/2025_10_07_RSFB-Phenotyping_WG1_JLU/20251007_134023.jpg,20251007_134023.jpg,f73311e2dabb74438b4468df88b125d5769ab0be731a3eb194847ba8484a77e1,wg_insects_t1_bbch10,JLU,Weilburger Grenze,Insects,2025-10-07,T1,BBCH10,3.0,3.0,,,,False,5.0,single_weak,0.4,2025_10_07_RSFB-Phenotyping_WG1_JLU_scores.csv,69_Rotabaggeue_R4S_329_2_9,,,plot_beaf2427488cd0e1fa81,score_qr,weak_train
img_3a43331242bf3349b276,/home/nfs/data/nvme_datasets/Pictures_CFSB_leaf_damage/2025_10_07_RSFB-Phenotyping_WG1_JLU/2025_10_07_RSFB-Phenotyping_WG1_JLU/20251007_134123.jpg,2025_10_07_RSFB-Phenotyping_WG1_JLU/2025_10_07_RSFB-Phenotyping_WG1_JLU/20251007_134123.jpg,20251007_134123.jpg,3a43331242bf3349b276582e5fb8f2133d440cee9febad901b7f4c7b2032b613,wg_insects_t1_bbch10,JLU,Weilburger Grenze,Insects,2025-10-07,T1,BBCH10,30.0,30.0,,,,False,5.0,single_weak,0.4,2025_10_07_RSFB-Phenotyping_WG1_JLU_scores.csv,67_Flip_R4S_203_2_7,,,plot_0dc14c5babac0bfbd23b,score_qr,weak_train
img_b07c677db30bbc02087d,/home/nfs/data/nvme_datasets/Pictures_CFSB_leaf_damage/2025_10_07_RSFB-Phenotyping_WG1_JLU/2025_10_07_RSFB-Phenotyping_WG1_JLU/20251007_134202.jpg,2025_10_07_RSFB-Phenotyping_WG1_JLU/2025_10_07_RSFB-Phenotyping_WG1_JLU/20251007_134202.jpg,20251007_134202.jpg,b07c677db30bbc02087d9ec24527aa1a56dcaa5cf2ab355a5fa7290347f6a429,wg_insects_t1_bbch10,JLU,Weilburger Grenze,Insects,2025-10-07,T1,BBCH10,2.0,2.0,,,,False,5.0,single_weak,0.4,2025_10_07_RSFB-Phenotyping_WG1_JLU_scores.csv,66_V8_R4S_292_2_6,,,plot_8703b46712cb1c9c6aa8,score_qr,weak_train
img_6338847fd95d84e62c33,/home/nfs/data/nvme_datasets/Pictures_CFSB_leaf_damage/2025_10_07_RSFB-Phenotyping_WG1_JLU/2025_10_07_RSFB-Phenotyping_WG1_JLU/20251007_134244.jpg,2025_10_07_RSFB-Phenotyping_WG1_JLU/2025_10_07_RSFB-Phenotyping_WG1_JLU/20251007_134244.jpg,20251007_134244.jpg,6338847fd95d84e62c33c8a13d664886c3209dc69d6200b57dbfeb9901e67e99,wg_insects_t1_bbch10,JLU,Weilburger Grenze,Insects,2025-10-07,T1,BBCH10,5.0,5.0,,,,False,5.0,single_weak,0.4,2025_10_07_RSFB-Phenotyping_WG1_JLU_scores.csv,65_Ontario_R4S_151_2_5,,,plot_c269bf51510f5908bdde,score_qr,weak_train
img_98eeb319dc6879f63b23,/home/nfs/data/nvme_datasets/Pictures_CFSB_leaf_damage/2025_10_07_RSFB-Phenotyping_WG1_JLU/2025_10_07_RSFB-Phenotyping_WG1_JLU/20251007_134345.jpg,2025_10_07_RSFB-Phenotyping_WG1_JLU/2025_10_07_RSFB-Phenotyping_WG1_JLU/20251007_134345.jpg,20251007_134345.jpg,98eeb319dc6879f63b237215bed277a038ba09675202a62230bfbfc97a677880,wg_insects_t1_bbch10,JLU,Weilburger Grenze,Insects,2025-10-07,T1,BBCH10,4.0,4.0,,,,False,5.0,single_weak,0.4,2025_10_07_RSFB-Phenotyping_WG1_JLU_scores.csv,63_Vivol_R4S_156_2_3,,,plot_c8ab7ee89b7142cd52eb,score_qr,weak_train
img_75ab218dc142b7e74ce0,/home/nfs/data/nvme_datasets/Pictures_CFSB_leaf_damage/2025_10_07_RSFB-Phenotyping_WG1_JLU/2025_10_07_RSFB-Phenotyping_WG1_JLU/20251007_134607.jpg,2025_10_07_RSFB-Phenotyping_WG1_JLU/2025_10_07_RSFB-Phenotyping_WG1_JLU/20251007_134607.jpg,20251007_134607.jpg,75ab218dc142b7e74ce09ab7e349740557900a7343b6e5042688ed94866d7de9,wg_insects_t1_bbch10,JLU,Weilburger Grenze,Insects,2025-10-07,T1,BBCH10,7.0,7.0,,,,False,5.0,single_weak,0.4,2025_10_07_RSFB-Phenotyping_WG1_JLU_scores.csv,121_Tankard Bronze Top_R4S_325_3_1,,,plot_553caedde4489480dbef,score_qr,weak_train
img_e1bc5e2a9148ccc8ae21,/home/nfs/data/nvme_datasets/Pictures_CFSB_leaf_damage/2025_10_07_RSFB-Phenotyping_WG1_JLU/2025_10_07_RSFB-Phenotyping_WG1_JLU/20251007_134803.jpg,2025_10_07_RSFB-Phenotyping_WG1_JLU/2025_10_07_RSFB-Phenotyping_WG1_JLU/20251007_134803.jpg,20251007_134803.jpg,e1bc5e2a9148ccc8ae218307cd00323571f6bf358665d789fd5bbcd2b9aabc60,wg_insects_t1_bbch10,JLU,Weilburger Grenze,Insects,2025-10-07,T1,BBCH10,4.0,4.0,,,,False,5.0,single_weak,0.4,2025_10_07_RSFB-Phenotyping_WG1_JLU_scores.csv,124_H357_R4S_478_3_4,,,plot_e756a03d19d7a2d30203,score_qr,weak_train
img_367d8b54ff355280dbc9,/home/nfs/data/nvme_datasets/Pictures_CFSB_leaf_damage/2025_10_07_RSFB-Phenotyping_WG1_JLU/2025_10_07_RSFB-Phenotyping_WG1_JLU/20251007_135242.jpg,2025_10_07_RSFB-Phenotyping_WG1_JLU/2025_10_07_RSFB-Phenotyping_WG1_JLU/20251007_135242.jpg,20251007_135242.jpg,367d8b54ff355280dbc937672b24e92fef2507b99023519fb74f1abaf633535b,wg_insects_t1_bbch10,JLU,Weilburger Grenze,Insects,2025-10-07,T1,BBCH10,5.0,5.0,,,,False,5.0,single_weak,0.4,2025_10_07_RSFB-Phenotyping_WG1_JLU_scores.csv,131_Aurum_R4S_173_3_11,,,plot_b20da2cb3f64c4a00599,score_qr,weak_train
img_6292104dfcad1bcbe38d,/home/nfs/data/nvme_datasets/Pictures_CFSB_leaf_damage/2025_10_07_RSFB-Phenotyping_WG1_JLU/2025_10_07_RSFB-Phenotyping_WG1_JLU/20251007_135649.jpg,2025_10_07_RSFB-Phenotyping_WG1_JLU/2025_10_07_RSFB-Phenotyping_WG1_JLU/20251007_135649.jpg,20251007_135649.jpg,6292104dfcad1bcbe38dedb646a817768b5ae2ad4e271575e175a86df82a99d1,wg_insects_t1_bbch10,JLU,Weilburger Grenze,Insects,2025-10-07,T1,BBCH10,1.0,1.0,,,,False,5.0,single_weak,0.4,2025_10_07_RSFB-Phenotyping_WG1_JLU_scores.csv,139_Alesi_R4S_267_3_19,,,plot_c0cf3bf80f64b46d97d5,score_qr,weak_train
img_4b898652e578c8763241,/home/nfs/data/nvme_datasets/Pictures_CFSB_leaf_damage/2025_10_07_RSFB-Phenotyping_WG1_JLU/2025_10_07_RSFB-Phenotyping_WG1_JLU/20251007_135811.jpg,2025_10_07_RSFB-Phenotyping_WG1_JLU/2025_10_07_RSFB-Phenotyping_WG1_JLU/20251007_135811.jpg,20251007_135811.jpg,4b898652e578c8763241d7d0c3653d73571a879c400fd76be4e395865f728ed3,wg_insects_t1_bbch10,JLU,Weilburger Grenze,Insects,2025-10-07,T1,BBCH10,2.0,2.0,,,,False,5.0,single_weak,0.4,2025_10_07_RSFB-Phenotyping_WG1_JLU_scores.csv,142_Aviso_R4S_167_3_22,,,plot_5f1d72a5413cc21a71ee,score_qr,weak_train
img_317361dbfd45513730ea,/home/nfs/data/nvme_datasets/Pictures_CFSB_leaf_damage/2025_10_07_RSFB-Phenotyping_WG1_JLU/2025_10_07_RSFB-Phenotyping_WG1_JLU/20251007_135817.jpg,2025_10_07_RSFB-Phenotyping_WG1_JLU/2025_10_07_RSFB-Phenotyping_WG1_JLU/20251007_135817.jpg,20251007_135817.jpg,317361dbfd45513730eac2060db7e555d13d366066643b44562153493bfbded5,wg_insects_t1_bbch10,JLU,Weilburger Grenze,Insects,2025-10-07,T1,BBCH10,3.0,3.0,,,,False,5.0,single_weak,0.4,2025_10_07_RSFB-Phenotyping_WG1_JLU_scores.csv,142_Aviso_R4S_167_3_22,,,plot_5f1d72a5413cc21a71ee,score_qr,weak_train
img_01e86f6ddb55ecf00fcd,/home/nfs/data/nvme_datasets/Pictures_CFSB_leaf_damage/2025_10_07_RSFB-Phenotyping_WG1_JLU/2025_10_07_RSFB-Phenotyping_WG1_JLU/20251007_135834.jpg,2025_10_07_RSFB-Phenotyping_WG1_JLU/2025_10_07_RSFB-Phenotyping_WG1_JLU/20251007_135834.jpg,20251007_135834.jpg,01e86f6ddb55ecf00fcd08756bd3a91e5264026ce0eeae3c48252849aef4c8f1,wg_insects_t1_bbch10,JLU,Weilburger Grenze,Insects,2025-10-07,T1,BBCH10,4.0,4.0,,,,False,5.0,single_weak,0.4,2025_10_07_RSFB-Phenotyping_WG1_JLU_scores.csv,143_Sollux_R4S_214_3_23,,,plot_21695cfe70d5bb799d9f,score_qr,weak_train
img_0784ce73761d9d525b90,/home/nfs/data/nvme_datasets/Pictures_CFSB_leaf_damage/2025_10_07_RSFB-Phenotyping_WG1_JLU/2025_10_07_RSFB-Phenotyping_WG1_JLU/20251007_140002.jpg,2025_10_07_RSFB-Phenotyping_WG1_JLU/2025_10_07_RSFB-Phenotyping_WG1_JLU/20251007_140002.jpg,20251007_140002.jpg,0784ce73761d9d525b90fe0e9771eb349babbd96cc5680035c3c4de5c1697291,wg_insects_t1_bbch10,JLU,Weilburger Grenze,Insects,2025-10-07,T1,BBCH10,3.0,3.0,,,,False,5.0,single_weak,0.4,2025_10_07_RSFB-Phenotyping_WG1_JLU_scores.csv,146_NK Passion_R4S_185_3_26,,,plot_be3c0739df7f361261c9,score_qr,weak_train
img_0577069d93e5201b89e5,/home/nfs/data/nvme_datasets/Pictures_CFSB_leaf_damage/2025_10_07_RSFB-Phenotyping_WG1_JLU/2025_10_07_RSFB-Phenotyping_WG1_JLU/20251007_140106.jpg,2025_10_07_RSFB-Phenotyping_WG1_JLU/2025_10_07_RSFB-Phenotyping_WG1_JLU/20251007_140106.jpg,20251007_140106.jpg,0577069d93e5201b89e56f52046b4ab612d9d64df19c6f5c001fd8a8e4ac8671,wg_insects_t1_bbch10,JLU,Weilburger Grenze,Insects,2025-10-07,T1,BBCH10,6.0,6.0,,,,False,5.0,single_weak,0.4,2025_10_07_RSFB-Phenotyping_WG1_JLU_scores.csv,148_L16_R4S_453_3_28,,,plot_2f19274e2dd50563c731,score_qr,weak_train
img_16456647fc216620d9f6,/home/nfs/data/nvme_datasets/Pictures_CFSB_leaf_damage/2025_10_07_RSFB-Phenotyping_WG1_JLU/2025_10_07_RSFB-Phenotyping_WG1_JLU/20251007_140235.jpg,2025_10_07_RSFB-Phenotyping_WG1_JLU/2025_10_07_RSFB-Phenotyping_WG1_JLU/20251007_140235.jpg,20251007_140235.jpg,16456647fc216620d9f655ba05c55f3afca8cd690b9bbfa64ac8f95eac9fe3dd,wg_insects_t1_bbch10,JLU,Weilburger Grenze,Insects,2025-10-07,T1,BBCH10,7.0,7.0,,,,False,5.0,single_weak,0.4,2025_10_07_RSFB-Phenotyping_WG1_JLU_scores.csv,151_E94197_R4S_357_3_31,,,plot_84263b33a357d0cbb029,score_qr,weak_train
img_545ef17f6695246abdc9,/home/nfs/data/nvme_datasets/Pictures_CFSB_leaf_damage/2025_10_07_RSFB-Phenotyping_WG1_JLU/2025_10_07_RSFB-Phenotyping_WG1_JLU/20251007_140334.jpg,2025_10_07_RSFB-Phenotyping_WG1_JLU/2025_10_07_RSFB-Phenotyping_WG1_JLU/20251007_140334.jpg,20251007_140334.jpg,545ef17f6695246abdc91613b1b4b511e472d2470163ad4a80d5f303929d3f5b,wg_insects_t1_bbch10,JLU,Weilburger Grenze,Insects,2025-10-07,T1,BBCH10,2.0,2.0,,,,False,5.0,single_weak,0.4,2025_10_07_RSFB-Phenotyping_WG1_JLU_scores.csv,153_Lion_R4S_160_3_33,,,plot_c548a78911429153a5ab,score_qr,weak_train
img_091c84de178316b01437,/home/nfs/data/nvme_datasets/Pictures_CFSB_leaf_damage/2025_10_07_RSFB-Phenotyping_WG1_JLU/2025_10_07_RSFB-Phenotyping_WG1_JLU/20251007_140620.jpg,2025_10_07_RSFB-Phenotyping_WG1_JLU/2025_10_07_RSFB-Phenotyping_WG1_JLU/20251007_140620.jpg,20251007_140620.jpg,091c84de178316b014377555b3c6d6c5e457e941fa3b5372ab07ef666e72fd78,wg_insects_t1_bbch10,JLU,Weilburger Grenze,Insects,2025-10-07,T1,BBCH10,1.0,1.0,,,,False,5.0,single_weak,0.4,2025_10_07_RSFB-Phenotyping_WG1_JLU_scores.csv,159_Recital_R4S_162_3_39,,,plot_4437d181265b5befe118,score_qr,weak_train
img_03299439a5f6ce1b5cc8,/home/nfs/data/nvme_datasets/Pictures_CFSB_leaf_damage/2025_10_07_RSFB-Phenotyping_WG1_JLU/2025_10_07_RSFB-Phenotyping_WG1_JLU/20251007_140713.jpg,2025_10_07_RSFB-Phenotyping_WG1_JLU/2025_10_07_RSFB-Phenotyping_WG1_JLU/20251007_140713.jpg,20251007_140713.jpg,03299439a5f6ce1b5cc8fcd543bd042131b49ff4cd7248ba3585f5aff2279b82,wg_insects_t1_bbch10,JLU,Weilburger Grenze,Insects,2025-10-07,T1,BBCH10,7.0,7.0,,,,False,5.0,single_weak,0.4,2025_10_07_RSFB-Phenotyping_WG1_JLU_scores.csv,161_Liragruen_R4S_299_3_41,,,plot_ee664ca1ea90391f016d,score_qr,weak_train
img_c5901f378a0eafd82841,/home/nfs/data/nvme_datasets/Pictures_CFSB_leaf_damage/2025_10_07_RSFB-Phenotyping_WG1_JLU/2025_10_07_RSFB-Phenotyping_WG1_JLU/20251007_140839.jpg,2025_10_07_RSFB-Phenotyping_WG1_JLU/2025_10_07_RSFB-Phenotyping_WG1_JLU/20251007_140839.jpg,20251007_140839.jpg,c5901f378a0eafd828416a8315095dd91c66a587accafb01401d8a293c3ca4be,wg_insects_t1_bbch10,JLU,Weilburger Grenze,Insects,2025-10-07,T1,BBCH10,3.0,3.0,,,,False,5.0,single_weak,0.4,2025_10_07_RSFB-Phenotyping_WG1_JLU_scores.csv,164_Trebicska_R4S_290_3_44,,,plot_5e0ddc981b39a33d33be,score_qr,weak_train
img_3b5a29e04487cb47a041,/home/nfs/data/nvme_datasets/Pictures_CFSB_leaf_damage/2025_10_07_RSFB-Phenotyping_WG1_JLU/2025_10_07_RSFB-Phenotyping_WG1_JLU/20251007_141204.jpg,2025_10_07_RSFB-Phenotyping_WG1_JLU/2025_10_07_RSFB-Phenotyping_WG1_JLU/20251007_141204.jpg,20251007_141204.jpg,3b5a29e04487cb47a041183edc07266cf4629ba5c5d59d3b301983c06624585f,wg_insects_t1_bbch10,JLU,Weilburger Grenze,Insects,2025-10-07,T1,BBCH10,4.0,4.0,,,,False,5.0,single_weak,0.4,2025_10_07_RSFB-Phenotyping_WG1_JLU_scores.csv,171_Madrigal_R4S_247_3_51,,,plot_ac13eb76ee6f99f24af8,score_qr,weak_train
img_607a91485d83bff08323,/home/nfs/data/nvme_datasets/Pictures_CFSB_leaf_damage/2025_10_07_RSFB-Phenotyping_WG1_JLU/2025_10_07_RSFB-Phenotyping_WG1_JLU/20251007_141221.jpg,2025_10_07_RSFB-Phenotyping_WG1_JLU/2025_10_07_RSFB-Phenotyping_WG1_JLU/20251007_141221.jpg,20251007_141221.jpg,607a91485d83bff083230402c44ac78610289f055001e91fe3335b9ecebc5f55,wg_insects_t1_bbch10,JLU,Weilburger Grenze,Insects,2025-10-07,T1,BBCH10,3.0,3.0,,,,False,5.0,single_weak,0.4,2025_10_07_RSFB-Phenotyping_WG1_JLU_scores.csv,172_S3_R4S_454_3_52,,,plot_411203e7c1d96bc4d5cf,score_qr,weak_train
img_6336b53058c13e2b74e2,/home/nfs/data/nvme_datasets/Pictures_CFSB_leaf_damage/2025_10_07_RSFB-Phenotyping_WG1_JLU/2025_10_07_RSFB-Phenotyping_WG1_JLU/20251007_141249.jpg,2025_10_07_RSFB-Phenotyping_WG1_JLU/2025_10_07_RSFB-Phenotyping_WG1_JLU/20251007_141249.jpg,20251007_141249.jpg,6336b53058c13e2b74e209228d53bfef0b11990331a10150ab4bc5881394e647,wg_insects_t1_bbch10,JLU,Weilburger Grenze,Insects,2025-10-07,T1,BBCH10,2.0,2.0,,,,False,5.0,single_weak,0.4,2025_10_07_RSFB-Phenotyping_WG1_JLU_scores.csv,173_Diamant_R4S_396_3_53,,,plot_c1e107950db22229fd34,score_qr,weak_train
img_acd0f71146a2ab27ebd2,/home/nfs/data/nvme_datasets/Pictures_CFSB_leaf_damage/2025_10_07_RSFB-Phenotyping_WG1_JLU/2025_10_07_RSFB-Phenotyping_WG1_JLU/20251007_141427.jpg,2025_10_07_RSFB-Phenotyping_WG1_JLU/2025_10_07_RSFB-Phenotyping_WG1_JLU/20251007_141427.jpg,20251007_141427.jpg,acd0f71146a2ab27ebd2fa7d309c3552fb778081179c08e28b06011a372abfb7,wg_insects_t1_bbch10,JLU,Weilburger Grenze,Insects,2025-10-07,T1,BBCH10,4.0,4.0,,,,False,5.0,single_weak,0.4,2025_10_07_RSFB-Phenotyping_WG1_JLU_scores.csv,176_Essex Model_R4S_322_3_56,,,plot_adb8beeebca560f05148,score_qr,weak_train
img_9a6e041faf8e3d89bbbd,/home/nfs/data/nvme_datasets/Pictures_CFSB_leaf_damage/2025_10_07_RSFB-Phenotyping_WG1_JLU/2025_10_07_RSFB-Phenotyping_WG1_JLU/20251007_141453.jpg,2025_10_07_RSFB-Phenotyping_WG1_JLU/2025_10_07_RSFB-Phenotyping_WG1_JLU/20251007_141453.jpg,20251007_141453.jpg,9a6e041faf8e3d89bbbd8caef5129b9a470e3f39516f2ad5acf997d68727638e,wg_insects_t1_bbch10,JLU,Weilburger Grenze,Insects,2025-10-07,T1,BBCH10,4.0,4.0,,,,False,5.0,single_weak,0.4,2025_10_07_RSFB-Phenotyping_WG1_JLU_scores.csv,177_MOANA MOANA RAPE_R4S_371_3_57,,,plot_6bf6bf651a4d36a8ce81,score_qr,weak_train
img_d1f1fe238a0bc417c9ee,/home/nfs/data/nvme_datasets/Pictures_CFSB_leaf_damage/2025_10_07_RSFB-Phenotyping_WG1_JLU/2025_10_07_RSFB-Phenotyping_WG1_JLU/20251007_141526.jpg,2025_10_07_RSFB-Phenotyping_WG1_JLU/2025_10_07_RSFB-Phenotyping_WG1_JLU/20251007_141526.jpg,20251007_141526.jpg,d1f1fe238a0bc417c9ee060f62183240e009fba1e9613655732a3f4138e7490e,wg_insects_t1_bbch10,JLU,Weilburger Grenze,Insects,2025-10-07,T1,BBCH10,3.0,3.0,,,,False,5.0,single_weak,0.4,2025_10_07_RSFB-Phenotyping_WG1_JLU_scores.csv,178_FORTIN FAMILY_R4S_313_3_58,,,plot_99a25b806dca170825f2,score_qr,weak_train
img_75032c62c22dbb38775e,/home/nfs/data/nvme_datasets/Pictures_CFSB_leaf_damage/2025_10_07_RSFB-Phenotyping_WG1_JLU/2025_10_07_RSFB-Phenotyping_WG1_JLU/20251007_141547.jpg,2025_10_07_RSFB-Phenotyping_WG1_JLU/2025_10_07_RSFB-Phenotyping_WG1_JLU/20251007_141547.jpg,20251007_141547.jpg,75032c62c22dbb38775e407d9ad1097fece539230dbf2a28b533b6ea80ef02b0,wg_insects_t1_bbch10,JLU,Weilburger Grenze,Insects,2025-10-07,T1,BBCH10,10.0,10.0,,,,False,5.0,single_weak,0.4,2025_10_07_RSFB-Phenotyping_WG1_JLU_scores.csv,179_Lesira_R4S_219_3_59,,,plot_3b73ffaad10c9fd11dbc,score_qr,weak_train
img_9a4e04fbbb93cac2f2c2,/home/nfs/data/nvme_datasets/Pictures_CFSB_leaf_damage/2025_10_07_RSFB-Phenotyping_WG1_JLU/2025_10_07_RSFB-Phenotyping_WG1_JLU/20251007_141623.jpg,2025_10_07_RSFB-Phenotyping_WG1_JLU/2025_10_07_RSFB-Phenotyping_WG1_JLU/20251007_141623.jpg,20251007_141623.jpg,9a4e04fbbb93cac2f2c234e28337bf51484e2e268503dc68c9b210b5858b0c48,wg_insects_t1_bbch10,JLU,Weilburger Grenze,Insects,2025-10-07,T1,BBCH10,9.0,9.0,,,,False,5.0,single_weak,0.4,2025_10_07_RSFB-Phenotyping_WG1_JLU_scores.csv,180_Guelzower Oelquell_R4S_274_3_60,,,plot_6e42ec20a5bb7da4eeda,score_qr,weak_train
img_7f8671840f4f610175b5,/home/nfs/data/nvme_datasets/Pictures_CFSB_leaf_damage/2025_10_07_RSFB-Phenotyping_WG1_JLU/2025_10_07_RSFB-Phenotyping_WG1_JLU/20251007_141749.jpg,2025_10_07_RSFB-Phenotyping_WG1_JLU/2025_10_07_RSFB-Phenotyping_WG1_JLU/20251007_141749.jpg,20251007_141749.jpg,7f8671840f4f610175b54c0a0843bef583647d3c16cf048854d55888668e701a,wg_insects_t1_bbch10,JLU,Weilburger Grenze,Insects,2025-10-07,T1,BBCH10,7.0,7.0,,,,False,5.0,single_weak,0.4,2025_10_07_RSFB-Phenotyping_WG1_JLU_scores.csv,238_Liporta_R4S_388_4_58,,,plot_a4b69901915632bc9a05,score_qr,weak_train
img_008154cc5e5f57fde847,/home/nfs/data/nvme_datasets/Pictures_CFSB_leaf_damage/2025_10_07_RSFB-Phenotyping_WG1_JLU/2025_10_07_RSFB-Phenotyping_WG1_JLU/20251007_142117.jpg,2025_10_07_RSFB-Phenotyping_WG1_JLU/2025_10_07_RSFB-Phenotyping_WG1_JLU/20251007_142117.jpg,20251007_142117.jpg,008154cc5e5f57fde847ed87e7c83f1f26fc89175d701942f6c3f435fab087a2,wg_insects_t1_bbch10,JLU,Weilburger Grenze,Insects,2025-10-07,T1,BBCH10,20.0,20.0,,,,False,5.0,single_weak,0.4,2025_10_07_RSFB-Phenotyping_WG1_JLU_scores.csv,231_H231_R4S_401_4_51,,,plot_4690748ade6aa02179ec,score_qr,weak_train
img_c30fc50e992e5871132c,/home/nfs/data/nvme_datasets/Pictures_CFSB_leaf_damage/2025_10_07_RSFB-Phenotyping_WG1_JLU/2025_10_07_RSFB-Phenotyping_WG1_JLU/20251007_142149.jpg,2025_10_07_RSFB-Phenotyping_WG1_JLU/2025_10_07_RSFB-Phenotyping_WG1_JLU/20251007_142149.jpg,20251007_142149.jpg,c30fc50e992e5871132c01b3daaa458a1ad0558133302b0225175c98c8a7d7a9,wg_insects_t1_bbch10,JLU,Weilburger Grenze,Insects,2025-10-07,T1,BBCH10,2.0,2.0,,,,False,5.0,single_weak,0.4,2025_10_07_RSFB-Phenotyping_WG1_JLU_scores.csv,230_S45.2.2_R4S_435_4_50,,,plot_78301f7caaae71a8f0bb,score_qr,weak_train
img_03b9aa892ceb7f6f7f9a,/home/nfs/data/nvme_datasets/Pictures_CFSB_leaf_damage/2025_10_07_RSFB-Phenotyping_WG1_JLU/2025_10_07_RSFB-Phenotyping_WG1_JLU/20251007_142415.jpg,2025_10_07_RSFB-Phenotyping_WG1_JLU/2025_10_07_RSFB-Phenotyping_WG1_JLU/20251007_142415.jpg,20251007_142415.jpg,03b9aa892ceb7f6f7f9a8ab0a29cfb2c33bee50a6b25ff86d01a4ed8551aea2c,wg_insects_t1_bbch10,JLU,Weilburger Grenze,Insects,2025-10-07,T1,BBCH10,5.0,5.0,,,,False,5.0,single_weak,0.4,2025_10_07_RSFB-Phenotyping_WG1_JLU_scores.csv,225_R12_R4S_488_4_45,,,plot_16c55d014e295e0ba022,score_qr,weak_train
img_f782462a9ac9c696aa0f,/home/nfs/data/nvme_datasets/Pictures_CFSB_leaf_damage/2025_10_07_RSFB-Phenotyping_WG1_JLU/2025_10_07_RSFB-Phenotyping_WG1_JLU/20251007_142608.jpg,2025_10_07_RSFB-Phenotyping_WG1_JLU/2025_10_07_RSFB-Phenotyping_WG1_JLU/20251007_142608.jpg,20251007_142608.jpg,f782462a9ac9c696aa0fc154d1967906723d0ceadd799a24123da56146254f24,wg_insects_t1_bbch10,JLU,Weilburger Grenze,Insects,2025-10-07,T1,BBCH10,2.0,2.0,,,,False,5.0,single_weak,0.4,2025_10_07_RSFB-Phenotyping_WG1_JLU_scores.csv,221_Tina_R4S_339_4_41,,,plot_485952b0e10a79ec8185,score_qr,weak_train
img_993c80b87c23db21e708,/home/nfs/data/nvme_datasets/Pictures_CFSB_leaf_damage/2025_10_07_RSFB-Phenotyping_WG1_JLU/2025_10_07_RSFB-Phenotyping_WG1_JLU/20251007_142708.jpg,2025_10_07_RSFB-Phenotyping_WG1_JLU/2025_10_07_RSFB-Phenotyping_WG1_JLU/20251007_142708.jpg,20251007_142708.jpg,993c80b87c23db21e708dbce97d64c114f3e1be51074ca1c56ac9eae1afee938,wg_insects_t1_bbch10,JLU,Weilburger Grenze,Insects,2025-10-07,T1,BBCH10,4.0,4.0,,,,False,5.0,single_weak,0.4,2025_10_07_RSFB-Phenotyping_WG1_JLU_scores.csv,219_Sator Oetofte_R4S_334_4_39,,,plot_18192f1b18eadc2b30db,score_qr,weak_train
img_358c1eb9efa5c5616c68,/home/nfs/data/nvme_datasets/Pictures_CFSB_leaf_damage/2025_10_07_RSFB-Phenotyping_WG1_JLU/2025_10_07_RSFB-Phenotyping_WG1_JLU/20251007_142927.jpg,2025_10_07_RSFB-Phenotyping_WG1_JLU/2025_10_07_RSFB-Phenotyping_WG1_JLU/20251007_142927.jpg,20251007_142927.jpg,358c1eb9efa5c5616c681e3972389b753141988b8a4d19a9664ea766df2a158d,wg_insects_t1_bbch10,JLU,Weilburger Grenze,Insects,2025-10-07,T1,BBCH10,17.0,17.0,,,,False,5.0,single_weak,0.4,2025_10_07_RSFB-Phenotyping_WG1_JLU_scores.csv,214_R64_R4S_418_4_34,,,plot_4bd0766de071a823ace0,score_qr,weak_train
img_8602086f58671111b3e8,/home/nfs/data/nvme_datasets/Pictures_CFSB_leaf_damage/2025_10_07_RSFB-Phenotyping_WG1_JLU/2025_10_07_RSFB-Phenotyping_WG1_JLU/20251007_143324.jpg,2025_10_07_RSFB-Phenotyping_WG1_JLU/2025_10_07_RSFB-Phenotyping_WG1_JLU/20251007_143324.jpg,20251007_143324.jpg,8602086f58671111b3e888a70c5bfad8015068ea0c7f909fee16aade0a2626d8,wg_insects_t1_bbch10,JLU,Weilburger Grenze,Insects,2025-10-07,T1,BBCH10,3.0,3.0,,,,False,5.0,single_weak,0.4,2025_10_07_RSFB-Phenotyping_WG1_JLU_scores.csv,206_LORD DERBY_R4S_352_4_26,,,plot_8c9a840a088e04850988,score_qr,weak_train
img_3f7ae1293313780ce1be,/home/nfs/data/nvme_datasets/Pictures_CFSB_leaf_damage/2025_10_07_RSFB-Phenotyping_WG1_JLU/2025_10_07_RSFB-Phenotyping_WG1_JLU/20251007_143544.jpg,2025_10_07_RSFB-Phenotyping_WG1_JLU/2025_10_07_RSFB-Phenotyping_WG1_JLU/20251007_143544.jpg,20251007_143544.jpg,3f7ae1293313780ce1bef7353fcb44be5576a06c43dddec61166469f60d98c59,wg_insects_t1_bbch10,JLU,Weilburger Grenze,Insects,2025-10-07,T1,BBCH10,2.0,2.0,,,,False,5.0,single_weak,0.4,2025_10_07_RSFB-Phenotyping_WG1_JLU_scores.csv,201_Scotia_R4S_324_4_21,,,plot_18802f8a07563d069054,score_qr,weak_train
img_c3e618c14a25629e4459,/home/nfs/data/nvme_datasets/Pictures_CFSB_leaf_damage/2025_10_07_RSFB-Phenotyping_WG1_JLU/2025_10_07_RSFB-Phenotyping_WG1_JLU/20251007_143642.jpg,2025_10_07_RSFB-Phenotyping_WG1_JLU/2025_10_07_RSFB-Phenotyping_WG1_JLU/20251007_143642.jpg,20251007_143642.jpg,c3e618c14a25629e445993ece9f548e89b19d38a12878431c3a8a52e25827de8,wg_insects_t1_bbch10,JLU,Weilburger Grenze,Insects,2025-10-07,T1,BBCH10,1.0,1.0,,,,False,5.0,single_weak,0.4,2025_10_07_RSFB-Phenotyping_WG1_JLU_scores.csv,199_Lipton_R4S_159_4_19 (possibly),,,plot_1f92e12b123c6375337d,score_qr,weak_train
img_8fe5614b348aeb7e58de,/home/nfs/data/nvme_datasets/Pictures_CFSB_leaf_damage/2025_10_07_RSFB-Phenotyping_WG1_JLU/2025_10_07_RSFB-Phenotyping_WG1_JLU/20251007_143744.jpg,2025_10_07_RSFB-Phenotyping_WG1_JLU/2025_10_07_RSFB-Phenotyping_WG1_JLU/20251007_143744.jpg,20251007_143744.jpg,8fe5614b348aeb7e58de89fceeb16589525946192909112a45ac997c5d04ff12,wg_insects_t1_bbch10,JLU,Weilburger Grenze,Insects,2025-10-07,T1,BBCH10,1.0,1.0,,,,False,5.0,single_weak,0.4,2025_10_07_RSFB-Phenotyping_WG1_JLU_scores.csv,198_S39_R4S_407_4_18,,,plot_32b7cef74e0cccc27d9d,score_qr,weak_train
img_4e9ea05198db85972bf1,/home/nfs/data/nvme_datasets/Pictures_CFSB_leaf_damage/2025_10_07_RSFB-Phenotyping_WG1_JLU/2025_10_07_RSFB-Phenotyping_WG1_JLU/20251007_143914.jpg,2025_10_07_RSFB-Phenotyping_WG1_JLU/2025_10_07_RSFB-Phenotyping_WG1_JLU/20251007_143914.jpg,20251007_143914.jpg,4e9ea05198db85972bf141076d18ca09bc7cb6e9822522b10958eb1cba32ab0d,wg_insects_t1_bbch10,JLU,Weilburger Grenze,Insects,2025-10-07,T1,BBCH10,3.0,3.0,,,,False,5.0,single_weak,0.4,2025_10_07_RSFB-Phenotyping_WG1_JLU_scores.csv,195_LG Aviron_R4S_502_4_15,,,plot_3e96239c85645a495d42,score_qr,weak_train
img_286e6bcba4d604473e29,/home/nfs/data/nvme_datasets/Pictures_CFSB_leaf_damage/2025_10_07_RSFB-Phenotyping_WG1_JLU/2025_10_07_RSFB-Phenotyping_WG1_JLU/20251007_144310.jpg,2025_10_07_RSFB-Phenotyping_WG1_JLU/2025_10_07_RSFB-Phenotyping_WG1_JLU/20251007_144310.jpg,20251007_144310.jpg,286e6bcba4d604473e29b5952468cfe63bd99754cc5d1cf98c2f56d68efcacd3,wg_insects_t1_bbch10,JLU,Weilburger Grenze,Insects,2025-10-07,T1,BBCH10,3.0,3.0,,,,False,5.0,single_weak,0.4,2025_10_07_RSFB-Phenotyping_WG1_JLU_scores.csv,187_Lipid_R4S_158_4_7,,,plot_319432c7fd0185a0c43a,score_qr,weak_train
img_1c416835ad44b3dd21b4,/home/nfs/data/nvme_datasets/Pictures_CFSB_leaf_damage/2025_10_07_RSFB-Phenotyping_WG1_JLU/2025_10_07_RSFB-Phenotyping_WG1_JLU/20251007_144323.jpg,2025_10_07_RSFB-Phenotyping_WG1_JLU/2025_10_07_RSFB-Phenotyping_WG1_JLU/20251007_144323.jpg,20251007_144323.jpg,1c416835ad44b3dd21b47ce073aa0149ecdf2c265e580202e0b8b2e7e7b2a802,wg_insects_t1_bbch10,JLU,Weilburger Grenze,Insects,2025-10-07,T1,BBCH10,3.0,3.0,,,,False,5.0,single_weak,0.4,2025_10_07_RSFB-Phenotyping_WG1_JLU_scores.csv,187_Lipid_R4S_158_4_7,,,plot_319432c7fd0185a0c43a,score_qr,weak_train
img_8a13e68bf66d4a8b9141,/home/nfs/data/nvme_datasets/Pictures_CFSB_leaf_damage/2025_10_07_RSFB-Phenotyping_WG1_JLU/2025_10_07_RSFB-Phenotyping_WG1_JLU/20251007_144339.jpg,2025_10_07_RSFB-Phenotyping_WG1_JLU/2025_10_07_RSFB-Phenotyping_WG1_JLU/20251007_144339.jpg,20251007_144339.jpg,8a13e68bf66d4a8b9141843a4ca641bf941337033e7d859c958b6dcce7528fc0,wg_insects_t1_bbch10,JLU,Weilburger Grenze,Insects,2025-10-07,T1,BBCH10,7.0,7.0,,,,False,5.0,single_weak,0.4,2025_10_07_RSFB-Phenotyping_WG1_JLU_scores.csv,186_Panter_R4S_381_4_6,,,plot_aa887eb46849a0600b10,score_qr,weak_train
img_e3b0586212a5735683d3,/home/nfs/data/nvme_datasets/Pictures_CFSB_leaf_damage/2025_10_07_RSFB-Phenotyping_WG1_JLU/2025_10_07_RSFB-Phenotyping_WG1_JLU/20251007_144349.jpg,2025_10_07_RSFB-Phenotyping_WG1_JLU/2025_10_07_RSFB-Phenotyping_WG1_JLU/20251007_144349.jpg,20251007_144349.jpg,e3b0586212a5735683d30232fd51aa98e574d1a64ea59301ed5abe2a81383c52,wg_insects_t1_bbch10,JLU,Weilburger Grenze,Insects,2025-10-07,T1,BBCH10,13.0,13.0,,,,False,5.0,single_weak,0.4,2025_10_07_RSFB-Phenotyping_WG1_JLU_scores.csv,186_Panter_R4S_381_4_6,,,plot_aa887eb46849a0600b10,score_qr,weak_train
img_e6c2d2433078fecd34d3,/home/nfs/data/nvme_datasets/Pictures_CFSB_leaf_damage/2025_10_07_RSFB-Phenotyping_WG1_JLU/2025_10_07_RSFB-Phenotyping_WG1_JLU/20251007_152829.jpg,2025_10_07_RSFB-Phenotyping_WG1_JLU/2025_10_07_RSFB-Phenotyping_WG1_JLU/20251007_152829.jpg,20251007_152829.jpg,e6c2d2433078fecd34d346d3ea0c66c64866609351f036a748ea8485d7768182,wg_insects_t1_bbch10,JLU,Weilburger Grenze,Insects,2025-10-07,T1,BBCH10,8.0,8.0,,,,False,5.0,single_weak,0.4,2025_10_07_RSFB-Phenotyping_WG1_JLU_scores.csv,185_Madora_R4S_281_4_5,,,plot_fb8da9d0d63721abfc66,score_qr,weak_train
img_044e05c778152d356145,/home/nfs/data/nvme_datasets/Pictures_CFSB_leaf_damage/2025_10_07_RSFB-Phenotyping_WG1_JLU/2025_10_07_RSFB-Phenotyping_WG1_JLU/20251007_152855.jpg,2025_10_07_RSFB-Phenotyping_WG1_JLU/2025_10_07_RSFB-Phenotyping_WG1_JLU/20251007_152855.jpg,20251007_152855.jpg,044e05c778152d356145c4b2bdc96c2ec781cc2580dda523e3a9038c5d1a31a2,wg_insects_t1_bbch10,JLU,Weilburger Grenze,Insects,2025-10-07,T1,BBCH10,6.0,6.0,,,,False,5.0,single_weak,0.4,2025_10_07_RSFB-Phenotyping_WG1_JLU_scores.csv,184_Wilhelmsburger_R4S_348_4_4,,,plot_31bf08ef46ae88fcb269,score_qr,weak_train
img_7d2f29a763e5744dbb3f,/home/nfs/data/nvme_datasets/Pictures_CFSB_leaf_damage/2025_10_07_RSFB-Phenotyping_WG1_JLU/2025_10_07_RSFB-Phenotyping_WG1_JLU/20251007_153228.jpg,2025_10_07_RSFB-Phenotyping_WG1_JLU/2025_10_07_RSFB-Phenotyping_WG1_JLU/20251007_153228.jpg,20251007_153228.jpg,7d2f29a763e5744dbb3fe52368c7c730f175e6d4cd6f85d615ef99d397607a45,wg_insects_t1_bbch10,JLU,Weilburger Grenze,Insects,2025-10-07,T1,BBCH10,6.0,6.0,,,,False,5.0,single_weak,0.4,2025_10_07_RSFB-Phenotyping_WG1_JLU_scores.csv,244_H365_R4S_461_5_4,,,plot_b36552db6b92d609e70b,score_qr,weak_train
img_a742aaf84da7009aa98f,/home/nfs/data/nvme_datasets/Pictures_CFSB_leaf_damage/2025_10_07_RSFB-Phenotyping_WG1_JLU/2025_10_07_RSFB-Phenotyping_WG1_JLU/20251007_153424.jpg,2025_10_07_RSFB-Phenotyping_WG1_JLU/2025_10_07_RSFB-Phenotyping_WG1_JLU/20251007_153424.jpg,20251007_153424.jpg,a742aaf84da7009aa98fe1e5bade9803dc06cd122d26cb50e8cc2b909a41847b,wg_insects_t1_bbch10,JLU,Weilburger Grenze,Insects,2025-10-07,T1,BBCH10,8.0,8.0,,,,False,5.0,single_weak,0.4,2025_10_07_RSFB-Phenotyping_WG1_JLU_scores.csv,248_Nemertschanskij 1_R4S_284_5_8,,,plot_70ff6598dd18395bfb32,score_qr,weak_train
img_97dcc40cd141de79f95b,/home/nfs/data/nvme_datasets/Pictures_CFSB_leaf_damage/2025_10_07_RSFB-Phenotyping_WG1_JLU/2025_10_07_RSFB-Phenotyping_WG1_JLU/20251007_153546.jpg,2025_10_07_RSFB-Phenotyping_WG1_JLU/2025_10_07_RSFB-Phenotyping_WG1_JLU/20251007_153546.jpg,20251007_153546.jpg,97dcc40cd141de79f95b703d4ef1d63544efafd5875e020f865e899b3617bbdb,wg_insects_t1_bbch10,JLU,Weilburger Grenze,Insects,2025-10-07,T1,BBCH10,5.0,5.0,,,,False,5.0,single_weak,0.4,2025_10_07_RSFB-Phenotyping_WG1_JLU_scores.csv,251_LEMBKES MALCHOWER (LENORA)_R4S_194_5_11,,,plot_951c638fa6ec8fb91316,score_qr,weak_train
img_76b414f32055fdc03616,/home/nfs/data/nvme_datasets/Pictures_CFSB_leaf_damage/2025_10_07_RSFB-Phenotyping_WG1_JLU/2025_10_07_RSFB-Phenotyping_WG1_JLU/20251007_153638.jpg,2025_10_07_RSFB-Phenotyping_WG1_JLU/2025_10_07_RSFB-Phenotyping_WG1_JLU/20251007_153638.jpg,20251007_153638.jpg,76b414f32055fdc0361645104aec17ba38fad4be41e3bdfb32de919701564ed6,wg_insects_t1_bbch10,JLU,Weilburger Grenze,Insects,2025-10-07,T1,BBCH10,12.0,12.0,,,,False,5.0,single_weak,0.4,2025_10_07_RSFB-Phenotyping_WG1_JLU_scores.csv,252_ALLESANDRO KWS_R4S_548_5_12,,,plot_8d03f76f1e8b78107651,score_qr,weak_train
img_ca3896c75c36f620e111,/home/nfs/data/nvme_datasets/Pictures_CFSB_leaf_damage/2025_10_07_RSFB-Phenotyping_WG1_JLU/2025_10_07_RSFB-Phenotyping_WG1_JLU/20251007_154057.jpg,2025_10_07_RSFB-Phenotyping_WG1_JLU/2025_10_07_RSFB-Phenotyping_WG1_JLU/20251007_154057.jpg,20251007_154057.jpg,ca3896c75c36f620e1110f0dfcc0dbab94c9bd3408bbe89667f2d26cee22d0ca,wg_insects_t1_bbch10,JLU,Weilburger Grenze,Insects,2025-10-07,T1,BBCH10,4.0,4.0,,,,False,5.0,single_weak,0.4,2025_10_07_RSFB-Phenotyping_WG1_JLU_scores.csv,260_Campari_R4S_231_5_20,,,plot_17be050207ebabc51732,score_qr,weak_train
img_5cc491589a36d52701e9,/home/nfs/data/nvme_datasets/Pictures_CFSB_leaf_damage/2025_10_07_RSFB-Phenotyping_WG1_JLU/2025_10_07_RSFB-Phenotyping_WG1_JLU/20251007_154553.jpg,2025_10_07_RSFB-Phenotyping_WG1_JLU/2025_10_07_RSFB-Phenotyping_WG1_JLU/20251007_154553.jpg,20251007_154553.jpg,5cc491589a36d52701e9f4a99cda68cd194e52e6874a6611227399aad0833076,wg_insects_t1_bbch10,JLU,Weilburger Grenze,Insects,2025-10-07,T1,BBCH10,30.0,30.0,,,,False,5.0,single_weak,0.4,2025_10_07_RSFB-Phenotyping_WG1_JLU_scores.csv,270_Milena_R4S_145_5_30,,,plot_8ce0028acd070e45bd69,score_qr,weak_train
img_7d3bb18dd34d91e3a28a,/home/nfs/data/nvme_datasets/Pictures_CFSB_leaf_damage/2025_10_07_RSFB-Phenotyping_WG1_JLU/2025_10_07_RSFB-Phenotyping_WG1_JLU/20251007_154720.jpg,2025_10_07_RSFB-Phenotyping_WG1_JLU/2025_10_07_RSFB-Phenotyping_WG1_JLU/20251007_154720.jpg,20251007_154720.jpg,7d3bb18dd34d91e3a28a0202b036f6562062b965ab2c304a4217c54a9ccd5fa4,wg_insects_t1_bbch10,JLU,Weilburger Grenze,Insects,2025-10-07,T1,BBCH10,15.0,15.0,,,,False,5.0,single_weak,0.4,2025_10_07_RSFB-Phenotyping_WG1_JLU_scores.csv,273_SHANNON x WINNER DH LINE_R4S_218_5_33,,,plot_bbf0f1e0cf8f3bba20c3,score_qr,weak_train
img_a4b8b394de3cc9f502f3,/home/nfs/data/nvme_datasets/Pictures_CFSB_leaf_damage/2025_10_07_RSFB-Phenotyping_WG1_JLU/2025_10_07_RSFB-Phenotyping_WG1_JLU/20251007_154903.jpg,2025_10_07_RSFB-Phenotyping_WG1_JLU/2025_10_07_RSFB-Phenotyping_WG1_JLU/20251007_154903.jpg,20251007_154903.jpg,a4b8b394de3cc9f502f348859945f2ea5e538a84451b251e1035732662cd7417,wg_insects_t1_bbch10,JLU,Weilburger Grenze,Insects,2025-10-07,T1,BBCH10,2.0,2.0,,,,False,5.0,single_weak,0.4,2025_10_07_RSFB-Phenotyping_WG1_JLU_scores.csv,277_Manitoba_R4S_153_5_37,,,plot_e12754ee189808186c04,score_qr,weak_train
img_82bf927ba9b11f7b9d25,/home/nfs/data/nvme_datasets/Pictures_CFSB_leaf_damage/2025_10_07_RSFB-Phenotyping_WG1_JLU/2025_10_07_RSFB-Phenotyping_WG1_JLU/20251007_155124.jpg,2025_10_07_RSFB-Phenotyping_WG1_JLU/2025_10_07_RSFB-Phenotyping_WG1_JLU/20251007_155124.jpg,20251007_155124.jpg,82bf927ba9b11f7b9d251accfd516704a49fbe282536d606e7af626f26d69a88,wg_insects_t1_bbch10,JLU,Weilburger Grenze,Insects,2025-10-07,T1,BBCH10,2.0,2.0,,,,False,5.0,single_weak,0.4,2025_10_07_RSFB-Phenotyping_WG1_JLU_scores.csv,282_Taisetsu_R4S_524_5_42,,,plot_d5e7bd3b6010fe66d4f4,score_qr,weak_train
img_66211d61059083dfa273,/home/nfs/data/nvme_datasets/Pictures_CFSB_leaf_damage/2025_10_07_RSFB-Phenotyping_WG1_JLU/2025_10_07_RSFB-Phenotyping_WG1_JLU/20251007_155420.jpg,2025_10_07_RSFB-Phenotyping_WG1_JLU/2025_10_07_RSFB-Phenotyping_WG1_JLU/20251007_155420.jpg,20251007_155420.jpg,66211d61059083dfa2739b3742cc236cbb91b60d4366eb370039c39bf236009d,wg_insects_t1_bbch10,JLU,Weilburger Grenze,Insects,2025-10-07,T1,BBCH10,6.0,6.0,,,,False,5.0,single_weak,0.4,2025_10_07_RSFB-Phenotyping_WG1_JLU_scores.csv,288_K306_R4S_447_5_48,,,plot_a9313194f1c8e93e42e4,score_qr,weak_train
img_8fe75b58896ab3b04e12,/home/nfs/data/nvme_datasets/Pictures_CFSB_leaf_damage/2025_10_07_RSFB-Phenotyping_WG1_JLU/2025_10_07_RSFB-Phenotyping_WG1_JLU/20251007_155620.jpg,2025_10_07_RSFB-Phenotyping_WG1_JLU/2025_10_07_RSFB-Phenotyping_WG1_JLU/20251007_155620.jpg,20251007_155620.jpg,8fe75b58896ab3b04e128ca496e8fd2ff3f80afff4ba206ed2879371989a9e99,wg_insects_t1_bbch10,JLU,Weilburger Grenze,Insects,2025-10-07,T1,BBCH10,2.0,2.0,,,,False,5.0,single_weak,0.4,2025_10_07_RSFB-Phenotyping_WG1_JLU_scores.csv,292_R31_R4S_516_5_52,,,plot_c08384e341650c84b7e3,score_qr,weak_train
img_adf0e743df809db4e3e2,/home/nfs/data/nvme_datasets/Pictures_CFSB_leaf_damage/2025_10_07_RSFB-Phenotyping_WG1_JLU/2025_10_07_RSFB-Phenotyping_WG1_JLU/20251007_155652.jpg,2025_10_07_RSFB-Phenotyping_WG1_JLU/2025_10_07_RSFB-Phenotyping_WG1_JLU/20251007_155652.jpg,20251007_155652.jpg,adf0e743df809db4e3e23a8330aef2d05b4fe0d1697fe2b47fa1218877254e8e,wg_insects_t1_bbch10,JLU,Weilburger Grenze,Insects,2025-10-07,T1,BBCH10,3.0,3.0,,,,False,5.0,single_weak,0.4,2025_10_07_RSFB-Phenotyping_WG1_JLU_scores.csv,293_Moldavia_R4S_383_5_53,,,plot_2c2b7818d88cc60083c0,score_qr,weak_train
img_4755e926bd22b9904e57,/home/nfs/data/nvme_datasets/Pictures_CFSB_leaf_damage/2025_10_07_RSFB-Phenotyping_WG1_JLU/2025_10_07_RSFB-Phenotyping_WG1_JLU/20251007_155935.jpg,2025_10_07_RSFB-Phenotyping_WG1_JLU/2025_10_07_RSFB-Phenotyping_WG1_JLU/20251007_155935.jpg,20251007_155935.jpg,4755e926bd22b9904e57a819dbace2bf827a72f9fafc4e2df02c7c8de3eeb4f2,wg_insects_t1_bbch10,JLU,Weilburger Grenze,Insects,2025-10-07,T1,BBCH10,2.0,2.0,,,,False,5.0,single_weak,0.4,2025_10_07_RSFB-Phenotyping_WG1_JLU_scores.csv,299_Doral_R4S_272_5_59,,,plot_1ac8631fd159b0102da1,score_qr,weak_train
img_5d00b1fe6aa4773506be,/home/nfs/data/nvme_datasets/Pictures_CFSB_leaf_damage/2025_10_07_RSFB-Phenotyping_WG1_JLU/2025_10_07_RSFB-Phenotyping_WG1_JLU/20251007_160001.jpg,2025_10_07_RSFB-Phenotyping_WG1_JLU/2025_10_07_RSFB-Phenotyping_WG1_JLU/20251007_160001.jpg,20251007_160001.jpg,5d00b1fe6aa4773506bed03db9233e0eaaa9a4394894ee148e6ea639f5a8b26b,wg_insects_t1_bbch10,JLU,Weilburger Grenze,Insects,2025-10-07,T1,BBCH10,15.0,15.0,,,,False,5.0,single_weak,0.4,2025_10_07_RSFB-Phenotyping_WG1_JLU_scores.csv,300_Duell_R4S_180_5_60,,,plot_1a3b4f0d3c68e9c58008,score_qr,weak_train
