filename,target,prediction,residual,tile_attention_normalized_entropy,top_tile_index,top_tile_weight,source_image_path,processed_image_path,feature_cache_path,tile_00_weight,tile_01_weight,tile_02_weight,tile_03_weight,tile_04_weight,tile_05_weight,tile_06_weight,tile_07_weight,tile_08_weight
20251021_161951,3.0,5.9469194,2.9469194,0.6424867643977422,6,0.39726117,/home/nfs/data/nvme_datasets/Pictures_CFSB_leaf_damage/RSFB-Phenotyping_training_set/RSFB-Phenotyping_training_set/20251021_161951.jpg,/home/user/tabbakhab1/dev/project/cache/grid_crops_1400_inset075/20251021_161951_gridv3_79b4b2f37494.jpg,cache/dinov3_grid_tiled_mil_features/20251021_161951_2738ebc0fedc180a.npz,0.074433014,0.006765687,0.33045197,0.15486465,0.0054513686,0.0045203236,0.39726117,0.0064596455,0.019792266
20251021_123657,4.25,4.787837,0.537837,0.6349407034289721,1,0.59585774,/home/nfs/data/nvme_datasets/Pictures_CFSB_leaf_damage/RSFB-Phenotyping_training_set/RSFB-Phenotyping_training_set/20251021_123657.jpg,/home/user/tabbakhab1/dev/project/cache/grid_crops_1400_inset075/20251021_123657_gridv3_acff9c5e889e.jpg,cache/dinov3_grid_tiled_mil_features/20251021_123657_3afa2a45eed61b2a.npz,0.1004416,0.59585774,0.06854043,0.006827162,0.025846446,0.0062739276,0.03933204,0.044822507,0.11205814
20251021_161425,3.0,4.883053,1.8830528,0.6819594453413451,2,0.4837107,/home/nfs/data/nvme_datasets/Pictures_CFSB_leaf_damage/RSFB-Phenotyping_training_set/RSFB-Phenotyping_training_set/20251021_161425.jpg,/home/user/tabbakhab1/dev/project/cache/grid_crops_1400_inset075/20251021_161425_gridv3_9ad98bc1e164.jpg,cache/dinov3_grid_tiled_mil_features/20251021_161425_433fbde0b551585e.npz,0.05206712,0.07056418,0.4837107,0.022816338,0.0038301302,0.0048331805,0.030012978,0.09802017,0.23414525
20251021_160745,7.75,2.5665278,-5.183472,0.8923976833552296,7,0.23740259,/home/nfs/data/nvme_datasets/Pictures_CFSB_leaf_damage/RSFB-Phenotyping_training_set/RSFB-Phenotyping_training_set/20251021_160745.jpg,/home/user/tabbakhab1/dev/project/cache/grid_crops_1400_inset075/20251021_160745_gridv3_36ff4330d68d.jpg,cache/dinov3_grid_tiled_mil_features/20251021_160745_df236e01f3bba806.npz,0.15340032,0.043894056,0.07636964,0.061956543,0.04283526,0.016703999,0.18468827,0.23740259,0.18274932
20251021_130812,4.3,10.680753,6.3807526,0.7469644170910424,0,0.4865707,/home/nfs/data/nvme_datasets/Pictures_CFSB_leaf_damage/RSFB-Phenotyping_training_set/RSFB-Phenotyping_training_set/20251021_130812.jpg,/home/user/tabbakhab1/dev/project/cache/grid_crops_1400_inset075/20251021_130812_gridv3_5535fa05a802.jpg,cache/dinov3_grid_tiled_mil_features/20251021_130812_fdb77c51dfc7582e.npz,0.4865707,0.07402373,0.060265962,0.06547805,0.025694245,0.10084824,0.0010046968,0.046782605,0.13933177
20251021_155308,0.75,3.3222353,2.5722353,0.8094258570801133,7,0.385882,/home/nfs/data/nvme_datasets/Pictures_CFSB_leaf_damage/RSFB-Phenotyping_training_set/RSFB-Phenotyping_training_set/20251021_155308.jpg,/home/user/tabbakhab1/dev/project/cache/grid_crops_1400_inset075/20251021_155308_gridv3_04520e383698.jpg,cache/dinov3_grid_tiled_mil_features/20251021_155308_69dbc18b7dcf855a.npz,0.018208904,0.035871897,0.07258268,0.02137316,0.04114375,0.11061601,0.117113434,0.385882,0.19720814
20251021_121253,8.5,21.270842,12.770842,0.7031952049082539,8,0.41339594,/home/nfs/data/nvme_datasets/Pictures_CFSB_leaf_damage/RSFB-Phenotyping_training_set/RSFB-Phenotyping_training_set/20251021_121253.jpg,/home/user/tabbakhab1/dev/project/cache/grid_crops_1400_inset075/20251021_121253_gridv3_c668b9bc9d72.jpg,cache/dinov3_grid_tiled_mil_features/20251021_121253_aaf7c13639ebabbb.npz,0.08691681,0.19914214,0.18806797,0.0017276512,0.0014683249,0.0013120573,0.07942247,0.028546667,0.41339594
20251021_125248,3.0,6.4992375,3.4992375,0.7934870839646057,8,0.37385127,/home/nfs/data/nvme_datasets/Pictures_CFSB_leaf_damage/RSFB-Phenotyping_training_set/RSFB-Phenotyping_training_set/20251021_125248.jpg,/home/user/tabbakhab1/dev/project/cache/grid_crops_1400_inset075/20251021_125248_gridv3_cd792ff7aed1.jpg,cache/dinov3_grid_tiled_mil_features/20251021_125248_52fc59bb431cb747.npz,0.08151057,0.07906092,0.133426,0.008816253,0.00862201,0.14738747,0.010003405,0.15732208,0.37385127
20251021_125847,2.25,2.644493,0.3944931,0.827495180067573,8,0.28121328,/home/nfs/data/nvme_datasets/Pictures_CFSB_leaf_damage/RSFB-Phenotyping_training_set/RSFB-Phenotyping_training_set/20251021_125847.jpg,/home/user/tabbakhab1/dev/project/cache/grid_crops_1400_inset075/20251021_125847_gridv3_d970107bc98c.jpg,cache/dinov3_grid_tiled_mil_features/20251021_125847_c2ae9453d7a90278.npz,0.18842627,0.08490589,0.13752227,0.05191693,0.039445836,0.20522359,0.005012026,0.0063338783,0.28121328
20251021_152452,4.25,9.682267,5.432267,0.7388143134033771,1,0.39538753,/home/nfs/data/nvme_datasets/Pictures_CFSB_leaf_damage/RSFB-Phenotyping_training_set/RSFB-Phenotyping_training_set/20251021_152452.jpg,/home/user/tabbakhab1/dev/project/cache/grid_crops_1400_inset075/20251021_152452_gridv3_a644090f3d34.jpg,cache/dinov3_grid_tiled_mil_features/20251021_152452_d221c63bedefe0d7.npz,0.07984972,0.39538753,0.24409908,0.014670198,0.0023220845,0.0023223446,0.12678187,0.049586736,0.08498044
20251021_130029,4.5,2.9053192,-1.5946808,0.8119279486728014,0,0.3316365,/home/nfs/data/nvme_datasets/Pictures_CFSB_leaf_damage/RSFB-Phenotyping_training_set/RSFB-Phenotyping_training_set/20251021_130029.jpg,/home/user/tabbakhab1/dev/project/cache/grid_crops_1400_inset075/20251021_130029_gridv3_9234412c48e9.jpg,cache/dinov3_grid_tiled_mil_features/20251021_130029_2dd0d4bb6b76541b.npz,0.3316365,0.20217237,0.0103286775,0.059983484,0.12410195,0.009737457,0.12534161,0.123955086,0.012742822
20251021_153216,3.25,4.1945934,0.9445934,0.8039092341956756,2,0.2907279,/home/nfs/data/nvme_datasets/Pictures_CFSB_leaf_damage/RSFB-Phenotyping_training_set/RSFB-Phenotyping_training_set/20251021_153216.jpg,/home/user/tabbakhab1/dev/project/cache/grid_crops_1400_inset075/20251021_153216_gridv3_aab1669ba1e5.jpg,cache/dinov3_grid_tiled_mil_features/20251021_153216_651b26e301e88d61.npz,0.16188717,0.18332396,0.2907279,0.011911728,0.0072072786,0.007830632,0.2067339,0.08596571,0.04441171
20251021_162057,4.5,6.178568,1.6785679,0.762898443769135,2,0.3984198,/home/nfs/data/nvme_datasets/Pictures_CFSB_leaf_damage/RSFB-Phenotyping_training_set/RSFB-Phenotyping_training_set/20251021_162057.jpg,/home/user/tabbakhab1/dev/project/cache/grid_crops_1400_inset075/20251021_162057_gridv3_ea8a3abf52a7.jpg,cache/dinov3_grid_tiled_mil_features/20251021_162057_f838b9dcc0de2820.npz,0.0073480573,0.19171225,0.3984198,0.048982672,0.008495735,0.0072434945,0.10965618,0.090834975,0.13730681
20251021_125907,17.25,15.46672,-1.7832804,0.7531096685085948,2,0.46166956,/home/nfs/data/nvme_datasets/Pictures_CFSB_leaf_damage/RSFB-Phenotyping_training_set/RSFB-Phenotyping_training_set/20251021_125907.jpg,/home/user/tabbakhab1/dev/project/cache/grid_crops_1400_inset075/20251021_125907_gridv3_40f18a4e3b14.jpg,cache/dinov3_grid_tiled_mil_features/20251021_125907_c17bfd47741ac5fc.npz,0.045739103,0.092659295,0.46166956,0.038633704,0.029576225,0.003711197,0.11097967,0.04462157,0.17240967
20251021_131646,5.5,4.541931,-0.95806885,0.7730577358849299,2,0.5124263,/home/nfs/data/nvme_datasets/Pictures_CFSB_leaf_damage/RSFB-Phenotyping_training_set/RSFB-Phenotyping_training_set/20251021_131646.jpg,/home/user/tabbakhab1/dev/project/cache/grid_crops_1400_inset075/20251021_131646_gridv3_c8473bfd8b31.jpg,cache/dinov3_grid_tiled_mil_features/20251021_131646_e5ebb30f3a4b667d.npz,0.052840818,0.07183587,0.5124263,0.08067397,0.062495235,0.050900035,0.06078066,0.04355074,0.064496346
20251021_153136,8.5,4.5233135,-3.9766865,0.8303640432949823,3,0.261796,/home/nfs/data/nvme_datasets/Pictures_CFSB_leaf_damage/RSFB-Phenotyping_training_set/RSFB-Phenotyping_training_set/20251021_153136.jpg,/home/user/tabbakhab1/dev/project/cache/grid_crops_1400_inset075/20251021_153136_gridv3_5ccd5a80b624.jpg,cache/dinov3_grid_tiled_mil_features/20251021_153136_07b023ce08eeb2ce.npz,0.19228014,0.096866466,0.22686753,0.261796,0.05325947,0.127703,0.011485189,0.019591166,0.010151016
20251021_161301,1.5,1.8221536,0.32215357,0.9037814325639639,0,0.320399,/home/nfs/data/nvme_datasets/Pictures_CFSB_leaf_damage/RSFB-Phenotyping_training_set/RSFB-Phenotyping_training_set/20251021_161301.jpg,/home/user/tabbakhab1/dev/project/cache/grid_crops_1400_inset075/20251021_161301_gridv3_29848dc6cf6c.jpg,cache/dinov3_grid_tiled_mil_features/20251021_161301_1526012f4df6746c.npz,0.320399,0.081380144,0.10096537,0.023096023,0.054146603,0.07781483,0.11789766,0.12247836,0.10182206
20251021_132633,0.5000005,2.210958,1.7109575,0.8696455358105594,8,0.296107,/home/nfs/data/nvme_datasets/Pictures_CFSB_leaf_damage/RSFB-Phenotyping_training_set/RSFB-Phenotyping_training_set/20251021_132633.jpg,/home/user/tabbakhab1/dev/project/cache/grid_crops_1400_inset075/20251021_132633_gridv3_976ae19d6143.jpg,cache/dinov3_grid_tiled_mil_features/20251021_132633_70e9dd509efe542d.npz,0.010279779,0.15593892,0.1353344,0.016758418,0.045758452,0.09216141,0.14543556,0.10222601,0.296107
20251021_132417,9.75,2.516996,-7.233004,0.9291243800841287,6,0.22405653,/home/nfs/data/nvme_datasets/Pictures_CFSB_leaf_damage/RSFB-Phenotyping_training_set/RSFB-Phenotyping_training_set/20251021_132417.jpg,/home/user/tabbakhab1/dev/project/cache/grid_crops_1400_inset075/20251021_132417_gridv3_3ed351991c13.jpg,cache/dinov3_grid_tiled_mil_features/20251021_132417_694a865dd7ed52a5.npz,0.16922793,0.08599588,0.1613944,0.0682505,0.043424446,0.03671592,0.22405653,0.06632343,0.14461096
20251021_131954,3.0,3.4427986,0.4427986,0.6134493669444566,0,0.65231794,/home/nfs/data/nvme_datasets/Pictures_CFSB_leaf_damage/RSFB-Phenotyping_training_set/RSFB-Phenotyping_training_set/20251021_131954.jpg,/home/user/tabbakhab1/dev/project/cache/grid_crops_1400_inset075/20251021_131954_gridv3_5e98fc1bffc2.jpg,cache/dinov3_grid_tiled_mil_features/20251021_131954_dee01c483a4a6e37.npz,0.65231794,0.041038312,0.065271325,0.03129975,0.02493879,0.02594927,0.054019563,0.06428359,0.040881466
20251021_125302,16.0,26.919237,10.919237,0.5736034635027719,8,0.6208029,/home/nfs/data/nvme_datasets/Pictures_CFSB_leaf_damage/RSFB-Phenotyping_training_set/RSFB-Phenotyping_training_set/20251021_125302.jpg,/home/user/tabbakhab1/dev/project/cache/grid_crops_1400_inset075/20251021_125302_gridv3_579e1820555a.jpg,cache/dinov3_grid_tiled_mil_features/20251021_125302_2fb39ebb54d4fbd2.npz,0.008400412,0.118730195,0.028845578,0.0009217375,0.01782429,0.04616069,0.018427132,0.13988705,0.6208029
20251021_154414,3.25,3.2458398,-0.004160166,0.7512024657001439,8,0.2824671,/home/nfs/data/nvme_datasets/Pictures_CFSB_leaf_damage/RSFB-Phenotyping_training_set/RSFB-Phenotyping_training_set/20251021_154414.jpg,/home/user/tabbakhab1/dev/project/cache/grid_crops_1400_inset075/20251021_154414_gridv3_ad535ee0710b.jpg,cache/dinov3_grid_tiled_mil_features/20251021_154414_797fbc5aefd40bcc.npz,0.20879613,0.0063814023,0.22188587,0.0048863636,0.004427785,0.0045943325,0.17271557,0.09384537,0.2824671
20251021_131038,5.5,3.1008544,-2.3991456,0.8057628781136211,4,0.24446402,/home/nfs/data/nvme_datasets/Pictures_CFSB_leaf_damage/RSFB-Phenotyping_training_set/RSFB-Phenotyping_training_set/20251021_131038.jpg,/home/user/tabbakhab1/dev/project/cache/grid_crops_1400_inset075/20251021_131038_gridv3_dc995c3e2a05.jpg,cache/dinov3_grid_tiled_mil_features/20251021_131038_90c2f4c55602b88b.npz,0.009382296,0.12788394,0.17587222,0.024873454,0.24446402,0.009600608,0.24285391,0.15567882,0.009390704
20251021_124913,3.25,2.8504944,-0.39950562,0.7788548393842036,7,0.4686636,/home/nfs/data/nvme_datasets/Pictures_CFSB_leaf_damage/RSFB-Phenotyping_training_set/RSFB-Phenotyping_training_set/20251021_124913.jpg,/home/user/tabbakhab1/dev/project/cache/grid_crops_1400_inset075/20251021_124913_gridv3_335bc3b7f4d5.jpg,cache/dinov3_grid_tiled_mil_features/20251021_124913_c4e956e498234183.npz,0.079495214,0.07849667,0.05628567,0.023256626,0.08348962,0.10254204,0.006568592,0.4686636,0.101201974
20251021_131721,3.0,4.38463,1.3846302,0.676991650311336,5,0.53684795,/home/nfs/data/nvme_datasets/Pictures_CFSB_leaf_damage/RSFB-Phenotyping_training_set/RSFB-Phenotyping_training_set/20251021_131721.jpg,/home/user/tabbakhab1/dev/project/cache/grid_crops_1400_inset075/20251021_131721_gridv3_1e1619801c3b.jpg,cache/dinov3_grid_tiled_mil_features/20251021_131721_106b7569d7542329.npz,0.102125965,0.00923953,0.005389015,0.088440195,0.0045489534,0.53684795,0.12183767,0.048796166,0.082774535
20251021_151358,23.0,6.5558653,-16.444134,0.5208663484091217,1,0.6684425,/home/nfs/data/nvme_datasets/Pictures_CFSB_leaf_damage/RSFB-Phenotyping_training_set/RSFB-Phenotyping_training_set/20251021_151358.jpg,/home/user/tabbakhab1/dev/project/cache/grid_crops_1400_inset075/20251021_151358_gridv3_7b468af63b58.jpg,cache/dinov3_grid_tiled_mil_features/20251021_151358_9b06c574eee68332.npz,0.008650147,0.6684425,0.009058747,0.009143202,0.00787577,0.008981696,0.12556022,0.082423024,0.07986474
20251021_151741,1.75,9.48956,7.73956,0.5277583269405343,1,0.5039423,/home/nfs/data/nvme_datasets/Pictures_CFSB_leaf_damage/RSFB-Phenotyping_training_set/RSFB-Phenotyping_training_set/20251021_151741.jpg,/home/user/tabbakhab1/dev/project/cache/grid_crops_1400_inset075/20251021_151741_gridv3_186ef4c598b1.jpg,cache/dinov3_grid_tiled_mil_features/20251021_151741_1c13bb59b403ed53.npz,0.058089875,0.5039423,0.0058856625,0.0019576037,0.0052479375,0.0018304161,0.3666844,0.021468068,0.034893695
20251021_162816,1.75,2.8229423,1.0729423,0.5894157873581246,2,0.54397774,/home/nfs/data/nvme_datasets/Pictures_CFSB_leaf_damage/RSFB-Phenotyping_training_set/RSFB-Phenotyping_training_set/20251021_162816.jpg,/home/user/tabbakhab1/dev/project/cache/grid_crops_1400_inset075/20251021_162816_gridv3_dce5600c6338.jpg,cache/dinov3_grid_tiled_mil_features/20251021_162816_8e4107329b09cf0f.npz,0.16945745,0.20943299,0.54397774,0.011599826,0.013344937,0.012963781,0.012380503,0.014431578,0.012411223
20251021_160754,2.5,5.818709,3.318709,0.3983977101357095,2,0.75553536,/home/nfs/data/nvme_datasets/Pictures_CFSB_leaf_damage/RSFB-Phenotyping_training_set/RSFB-Phenotyping_training_set/20251021_160754.jpg,/home/user/tabbakhab1/dev/project/cache/grid_crops_1400_inset075/20251021_160754_gridv3_d23067cf7dcd.jpg,cache/dinov3_grid_tiled_mil_features/20251021_160754_744a63e0d1bfb96e.npz,0.02054912,0.016653957,0.75553536,0.019566147,0.01731153,0.1530827,0.013938174,0.0016820291,0.0016809701
20251021_133005,24.5,23.478758,-1.0212421,0.7981339012552369,8,0.33885387,/home/nfs/data/nvme_datasets/Pictures_CFSB_leaf_damage/RSFB-Phenotyping_training_set/RSFB-Phenotyping_training_set/20251021_133005.jpg,/home/user/tabbakhab1/dev/project/cache/grid_crops_1400_inset075/20251021_133005_gridv3_4ef005ae641a.jpg,cache/dinov3_grid_tiled_mil_features/20251021_133005_57d64c0368f1f70f.npz,0.063745886,0.02252357,0.1230484,0.14599241,0.003609076,0.09777298,0.20157132,0.0028825137,0.33885387
20251021_151633,8.0,9.647291,1.6472912,0.18213107169055032,8,0.9092081,/home/nfs/data/nvme_datasets/Pictures_CFSB_leaf_damage/RSFB-Phenotyping_training_set/RSFB-Phenotyping_training_set/20251021_151633.jpg,/home/user/tabbakhab1/dev/project/cache/grid_crops_1400_inset075/20251021_151633_gridv3_fd61c52bcd7a.jpg,cache/dinov3_grid_tiled_mil_features/20251021_151633_c3c422b775f02cbe.npz,0.014665377,0.0014519109,0.06324442,0.0016130505,0.0014056817,0.0016551815,0.0015735744,0.005182661,0.9092081
20251021_151843,28.0,14.406063,-13.593937,0.7769101677767699,8,0.37589943,/home/nfs/data/nvme_datasets/Pictures_CFSB_leaf_damage/RSFB-Phenotyping_training_set/RSFB-Phenotyping_training_set/20251021_151843.jpg,/home/user/tabbakhab1/dev/project/cache/grid_crops_1400_inset075/20251021_151843_gridv3_df30b23b462a.jpg,cache/dinov3_grid_tiled_mil_features/20251021_151843_0d310e0d173db6c3.npz,0.10722911,0.19547254,0.021048076,0.120671086,0.03402102,0.01251827,0.0010225418,0.13211788,0.37589943
20251021_162313,1.75,2.5576868,0.8076868,0.7155723243697657,0,0.39387235,/home/nfs/data/nvme_datasets/Pictures_CFSB_leaf_damage/RSFB-Phenotyping_training_set/RSFB-Phenotyping_training_set/20251021_162313.jpg,/home/user/tabbakhab1/dev/project/cache/grid_crops_1400_inset075/20251021_162313_gridv3_9ea597bcd2f9.jpg,cache/dinov3_grid_tiled_mil_features/20251021_162313_669237f900088bbc.npz,0.39387235,0.1906245,0.01179792,0.011874067,0.009042356,0.010065167,0.20458782,0.14292035,0.02521557
20251021_121449,9.5,9.823583,0.32358265,0.33163364734178924,8,0.8074511,/home/nfs/data/nvme_datasets/Pictures_CFSB_leaf_damage/RSFB-Phenotyping_training_set/RSFB-Phenotyping_training_set/20251021_121449.jpg,/home/user/tabbakhab1/dev/project/cache/grid_crops_1400_inset075/20251021_121449_gridv3_a35efd6c275c.jpg,cache/dinov3_grid_tiled_mil_features/20251021_121449_4d5a348f9feb813e.npz,0.0031561202,0.10563099,0.05579309,0.003410161,0.0043402473,0.0033598219,0.0033410054,0.013517452,0.8074511
20251021_123448,9.25,8.10729,-1.1427097,0.7578404095197713,6,0.38861242,/home/nfs/data/nvme_datasets/Pictures_CFSB_leaf_damage/RSFB-Phenotyping_training_set/RSFB-Phenotyping_training_set/20251021_123448.jpg,/home/user/tabbakhab1/dev/project/cache/grid_crops_1400_inset075/20251021_123448_gridv3_6c44544c3464.jpg,cache/dinov3_grid_tiled_mil_features/20251021_123448_2dcd4f500ffe1cdc.npz,0.19795167,0.1123998,0.04605984,0.0038927079,0.0060799266,0.0057881824,0.38861242,0.11078575,0.12842974
20251021_130642,8.25,4.402271,-3.8477292,0.43055290751307823,7,0.7517043,/home/nfs/data/nvme_datasets/Pictures_CFSB_leaf_damage/RSFB-Phenotyping_training_set/RSFB-Phenotyping_training_set/20251021_130642.jpg,/home/user/tabbakhab1/dev/project/cache/grid_crops_1400_inset075/20251021_130642_gridv3_c3c863381eba.jpg,cache/dinov3_grid_tiled_mil_features/20251021_130642_c1509257850a1753.npz,0.04985718,0.058931522,0.04153899,0.004262619,0.0027973861,0.0030122083,0.085198835,0.7517043,0.002696999
20251021_132724,4.0,3.9458964,-0.054103613,0.7397411069934401,5,0.30966407,/home/nfs/data/nvme_datasets/Pictures_CFSB_leaf_damage/RSFB-Phenotyping_training_set/RSFB-Phenotyping_training_set/20251021_132724.jpg,/home/user/tabbakhab1/dev/project/cache/grid_crops_1400_inset075/20251021_132724_gridv3_9ea6ca3c9bd2.jpg,cache/dinov3_grid_tiled_mil_features/20251021_132724_c8f9f1b114971cc1.npz,0.007839522,0.11327701,0.3003751,0.008338763,0.008195039,0.30966407,0.008314039,0.16573681,0.078259654
20251021_160424,5.0,4.5170574,-0.48294258,0.7785654241386054,7,0.2649687,/home/nfs/data/nvme_datasets/Pictures_CFSB_leaf_damage/RSFB-Phenotyping_training_set/RSFB-Phenotyping_training_set/20251021_160424.jpg,/home/user/tabbakhab1/dev/project/cache/grid_crops_1400_inset075/20251021_160424_gridv3_d1f171e2035d.jpg,cache/dinov3_grid_tiled_mil_features/20251021_160424_11b9bfd6e7f7fab5.npz,0.20246717,0.1940025,0.038441576,0.025219409,0.011051916,0.0115498705,0.23957515,0.2649687,0.012723757
20251021_160738,2.25,2.8342228,0.5842228,0.6323943963456237,2,0.47496668,/home/nfs/data/nvme_datasets/Pictures_CFSB_leaf_damage/RSFB-Phenotyping_training_set/RSFB-Phenotyping_training_set/20251021_160738.jpg,/home/user/tabbakhab1/dev/project/cache/grid_crops_1400_inset075/20251021_160738_gridv3_16e05398a348.jpg,cache/dinov3_grid_tiled_mil_features/20251021_160738_86ee0963bd22cb84.npz,0.024619484,0.03138466,0.47496668,0.027251901,0.024671638,0.025658702,0.34096834,0.026189303,0.02428922
20251021_162156,1.25,1.6641088,0.41410875,0.9151140746179366,0,0.21700345,/home/nfs/data/nvme_datasets/Pictures_CFSB_leaf_damage/RSFB-Phenotyping_training_set/RSFB-Phenotyping_training_set/20251021_162156.jpg,/home/user/tabbakhab1/dev/project/cache/grid_crops_1400_inset075/20251021_162156_gridv3_2af25d06f3c5.jpg,cache/dinov3_grid_tiled_mil_features/20251021_162156_e565cbbe0ec1bff4.npz,0.21700345,0.106623866,0.12022552,0.08656789,0.04815865,0.008818639,0.09288002,0.10293246,0.21678953
20251021_152715,5.0,5.6200037,0.6200037,0.7611881833653625,8,0.33068475,/home/nfs/data/nvme_datasets/Pictures_CFSB_leaf_damage/RSFB-Phenotyping_training_set/RSFB-Phenotyping_training_set/20251021_152715.jpg,/home/user/tabbakhab1/dev/project/cache/grid_crops_1400_inset075/20251021_152715_gridv3_79f2fe792977.jpg,cache/dinov3_grid_tiled_mil_features/20251021_152715_47ba6b12a3b5c88c.npz,0.053649895,0.09618458,0.11481332,0.0019050919,0.0017884381,0.0021320863,0.22588332,0.17295854,0.33068475
20251021_125515,6.75,10.05086,3.3008604,0.7286531979044898,8,0.3818387,/home/nfs/data/nvme_datasets/Pictures_CFSB_leaf_damage/RSFB-Phenotyping_training_set/RSFB-Phenotyping_training_set/20251021_125515.jpg,/home/user/tabbakhab1/dev/project/cache/grid_crops_1400_inset075/20251021_125515_gridv3_37afdadf2c4c.jpg,cache/dinov3_grid_tiled_mil_features/20251021_125515_59671d61c44b2243.npz,0.0010787335,0.2284414,0.20850982,0.0012851997,0.036988296,0.03760187,0.052689485,0.051566448,0.3818387
20251021_131138,3.0,5.6915374,2.6915374,0.4532942088837645,6,0.7305391,/home/nfs/data/nvme_datasets/Pictures_CFSB_leaf_damage/RSFB-Phenotyping_training_set/RSFB-Phenotyping_training_set/20251021_131138.jpg,/home/user/tabbakhab1/dev/project/cache/grid_crops_1400_inset075/20251021_131138_gridv3_62d66983688a.jpg,cache/dinov3_grid_tiled_mil_features/20251021_131138_fb504c56015509ce.npz,0.096628696,0.06938484,0.05717216,0.009915311,0.0031006099,0.002085972,0.7305391,0.029172258,0.002001088
20251021_155730,6.5,4.0122757,-2.4877243,0.646864116157835,6,0.42286336,/home/nfs/data/nvme_datasets/Pictures_CFSB_leaf_damage/RSFB-Phenotyping_training_set/RSFB-Phenotyping_training_set/20251021_155730.jpg,/home/user/tabbakhab1/dev/project/cache/grid_crops_1400_inset075/20251021_155730_gridv3_839847d42650.jpg,cache/dinov3_grid_tiled_mil_features/20251021_155730_d546ac4e0da3343e.npz,0.0077055977,0.07931473,0.26146263,0.007522684,0.007023059,0.0074320575,0.42286336,0.19856514,0.008110746
20251021_161003,3.25,3.063036,-0.18696404,0.8074170375454895,3,0.3220079,/home/nfs/data/nvme_datasets/Pictures_CFSB_leaf_damage/RSFB-Phenotyping_training_set/RSFB-Phenotyping_training_set/20251021_161003.jpg,/home/user/tabbakhab1/dev/project/cache/grid_crops_1400_inset075/20251021_161003_gridv3_b95b634a48f8.jpg,cache/dinov3_grid_tiled_mil_features/20251021_161003_906ad6ef11650af1.npz,0.0941711,0.10366219,0.103094675,0.3220079,0.051207554,0.004158505,0.25743836,0.05957142,0.004688262
20251021_153001,14.0,10.965355,-3.034645,0.7260572841202518,6,0.4079559,/home/nfs/data/nvme_datasets/Pictures_CFSB_leaf_damage/RSFB-Phenotyping_training_set/RSFB-Phenotyping_training_set/20251021_153001.jpg,/home/user/tabbakhab1/dev/project/cache/grid_crops_1400_inset075/20251021_153001_gridv3_410c50429852.jpg,cache/dinov3_grid_tiled_mil_features/20251021_153001_11f953063e2eb99d.npz,0.0060578533,0.0533321,0.08885135,0.021623433,0.04000221,0.046205778,0.4079559,0.30337507,0.032596298
20251021_132147,6.5,3.5274951,-2.9725049,0.8294108353164059,2,0.3239593,/home/nfs/data/nvme_datasets/Pictures_CFSB_leaf_damage/RSFB-Phenotyping_training_set/RSFB-Phenotyping_training_set/20251021_132147.jpg,/home/user/tabbakhab1/dev/project/cache/grid_crops_1400_inset075/20251021_132147_gridv3_8b4768d5f1c0.jpg,cache/dinov3_grid_tiled_mil_features/20251021_132147_def378551fda31f5.npz,0.0072068973,0.15323609,0.3239593,0.008156428,0.07510347,0.039492354,0.08406434,0.111525565,0.19725552
20251021_162906,4.25,10.342404,6.0924044,0.5682768131370822,2,0.5741135,/home/nfs/data/nvme_datasets/Pictures_CFSB_leaf_damage/RSFB-Phenotyping_training_set/RSFB-Phenotyping_training_set/20251021_162906.jpg,/home/user/tabbakhab1/dev/project/cache/grid_crops_1400_inset075/20251021_162906_gridv3_964af2f6994f.jpg,cache/dinov3_grid_tiled_mil_features/20251021_162906_a82abb342b10c029.npz,0.025796952,0.02820734,0.5741135,0.008799015,0.021530313,0.0019355395,0.12101784,0.21674126,0.0018581888
20251021_151952,4.25,7.7064686,3.4564686,0.44646006174819014,6,0.6440685,/home/nfs/data/nvme_datasets/Pictures_CFSB_leaf_damage/RSFB-Phenotyping_training_set/RSFB-Phenotyping_training_set/20251021_151952.jpg,/home/user/tabbakhab1/dev/project/cache/grid_crops_1400_inset075/20251021_151952_gridv3_00ca7b203552.jpg,cache/dinov3_grid_tiled_mil_features/20251021_151952_ecfdc80e969ff914.npz,0.0022420934,0.021217957,0.024296703,0.00227316,0.017717179,0.01345517,0.6440685,0.2723516,0.002377714
20251021_162301,1.5,3.9290514,2.4290514,0.7560905077266661,8,0.40748924,/home/nfs/data/nvme_datasets/Pictures_CFSB_leaf_damage/RSFB-Phenotyping_training_set/RSFB-Phenotyping_training_set/20251021_162301.jpg,/home/user/tabbakhab1/dev/project/cache/grid_crops_1400_inset075/20251021_162301_gridv3_19176e8ce1d9.jpg,cache/dinov3_grid_tiled_mil_features/20251021_162301_7d86b31119e6f1d4.npz,0.039162528,0.084266506,0.0069240276,0.13779229,0.18017137,0.009756925,0.0074784234,0.12695864,0.40748924
20251021_123220,7.0,16.019714,9.019714,0.8057927367196319,1,0.3354614,/home/nfs/data/nvme_datasets/Pictures_CFSB_leaf_damage/RSFB-Phenotyping_training_set/RSFB-Phenotyping_training_set/20251021_123220.jpg,/home/user/tabbakhab1/dev/project/cache/grid_crops_1400_inset075/20251021_123220_gridv3_81d37d2d4ff4.jpg,cache/dinov3_grid_tiled_mil_features/20251021_123220_83fc56e606526c56.npz,0.008505869,0.3354614,0.17772552,0.011483971,0.046067342,0.21341497,0.08459521,0.093484014,0.0292617
20251021_155643,11.5,12.739988,1.2399883,0.8629059378487176,1,0.20501551,/home/nfs/data/nvme_datasets/Pictures_CFSB_leaf_damage/RSFB-Phenotyping_training_set/RSFB-Phenotyping_training_set/20251021_155643.jpg,/home/user/tabbakhab1/dev/project/cache/grid_crops_1400_inset075/20251021_155643_gridv3_e4768d0c6d2e.jpg,cache/dinov3_grid_tiled_mil_features/20251021_155643_1042b9d5f58ab10b.npz,0.18141185,0.20501551,0.15105487,0.14686875,0.08087944,0.05213077,0.0020234794,0.0029756387,0.1776397
20251021_122843,12.25,8.5216255,-3.7283745,0.3607299167290523,0,0.81612074,/home/nfs/data/nvme_datasets/Pictures_CFSB_leaf_damage/RSFB-Phenotyping_training_set/RSFB-Phenotyping_training_set/20251021_122843.jpg,/home/user/tabbakhab1/dev/project/cache/grid_crops_1400_inset075/20251021_122843_gridv3_b6cc079d1d0b.jpg,cache/dinov3_grid_tiled_mil_features/20251021_122843_4d38640418108134.npz,0.81612074,0.011640282,0.014625892,0.0027181446,0.018761666,0.0026703163,0.034897078,0.06779352,0.030772334
20251021_160809,2.4499998,2.2981644,-0.15183544,0.7870862362365787,7,0.47858235,/home/nfs/data/nvme_datasets/Pictures_CFSB_leaf_damage/RSFB-Phenotyping_training_set/RSFB-Phenotyping_training_set/20251021_160809.jpg,/home/user/tabbakhab1/dev/project/cache/grid_crops_1400_inset075/20251021_160809_gridv3_a8728b942b25.jpg,cache/dinov3_grid_tiled_mil_features/20251021_160809_c7407e4f72116fff.npz,0.0626396,0.07582687,0.100885764,0.06392514,0.033801652,0.027501116,0.047926098,0.47858235,0.10891142
20251021_162856,9.0,8.713991,-0.28600883,0.8421657190941207,1,0.25111082,/home/nfs/data/nvme_datasets/Pictures_CFSB_leaf_damage/RSFB-Phenotyping_training_set/RSFB-Phenotyping_training_set/20251021_162856.jpg,/home/user/tabbakhab1/dev/project/cache/grid_crops_1400_inset075/20251021_162856_gridv3_238cf3aa41f4.jpg,cache/dinov3_grid_tiled_mil_features/20251021_162856_add7b5d9504a1cab.npz,0.15860808,0.25111082,0.057058662,0.10627405,0.0112936925,0.030959483,0.23716575,0.14061546,0.0069140038
20251021_160133,4.0,8.423662,4.423662,0.8247347726853187,0,0.27289155,/home/nfs/data/nvme_datasets/Pictures_CFSB_leaf_damage/RSFB-Phenotyping_training_set/RSFB-Phenotyping_training_set/20251021_160133.jpg,/home/user/tabbakhab1/dev/project/cache/grid_crops_1400_inset075/20251021_160133_gridv3_4c4b6b3ec13b.jpg,cache/dinov3_grid_tiled_mil_features/20251021_160133_477c91b61dc071e1.npz,0.27289155,0.10356692,0.19910268,0.04055477,0.048125245,0.15838283,0.0019988425,0.0031981114,0.17217904
20251021_155444,8.75,2.141333,-6.608667,0.9170971889770412,2,0.22360766,/home/nfs/data/nvme_datasets/Pictures_CFSB_leaf_damage/RSFB-Phenotyping_training_set/RSFB-Phenotyping_training_set/20251021_155444.jpg,/home/user/tabbakhab1/dev/project/cache/grid_crops_1400_inset075/20251021_155444_gridv3_9eadbd4c5419.jpg,cache/dinov3_grid_tiled_mil_features/20251021_155444_9722eb4c3fdd59bb.npz,0.13500628,0.15425894,0.22360766,0.062127993,0.09506825,0.13564298,0.13989116,0.047529764,0.006866999
20251021_161432,3.25,2.7261424,-0.5238576,0.888347795043442,6,0.2912346,/home/nfs/data/nvme_datasets/Pictures_CFSB_leaf_damage/RSFB-Phenotyping_training_set/RSFB-Phenotyping_training_set/20251021_161432.jpg,/home/user/tabbakhab1/dev/project/cache/grid_crops_1400_inset075/20251021_161432_gridv3_479a59ed0711.jpg,cache/dinov3_grid_tiled_mil_features/20251021_161432_997b606ca39196d8.npz,0.12903392,0.17315806,0.069773994,0.047392067,0.05557966,0.011150454,0.2912346,0.13506623,0.087610915
20251021_125358,16.0,11.224479,-4.7755213,0.6029054015866202,8,0.5085599,/home/nfs/data/nvme_datasets/Pictures_CFSB_leaf_damage/RSFB-Phenotyping_training_set/RSFB-Phenotyping_training_set/20251021_125358.jpg,/home/user/tabbakhab1/dev/project/cache/grid_crops_1400_inset075/20251021_125358_gridv3_20cf5606ec7d.jpg,cache/dinov3_grid_tiled_mil_features/20251021_125358_02a53e41789f8558.npz,0.0058551184,0.068940125,0.037817676,0.0050216448,0.017913945,0.30301592,0.01070558,0.04217008,0.5085599
20251021_121327,9.75,8.585212,-1.1647882,0.6566033951675235,1,0.28147578,/home/nfs/data/nvme_datasets/Pictures_CFSB_leaf_damage/RSFB-Phenotyping_training_set/RSFB-Phenotyping_training_set/20251021_121327.jpg,/home/user/tabbakhab1/dev/project/cache/grid_crops_1400_inset075/20251021_121327_gridv3_902e29058b4b.jpg,cache/dinov3_grid_tiled_mil_features/20251021_121327_590a0b2430df2beb.npz,0.23588349,0.28147578,0.0020647463,0.0021210364,0.0028372805,0.0020215632,0.0020523057,0.26595014,0.20559363
20251021_160523,13.75,9.560891,-4.189109,0.7630431659231369,8,0.28159848,/home/nfs/data/nvme_datasets/Pictures_CFSB_leaf_damage/RSFB-Phenotyping_training_set/RSFB-Phenotyping_training_set/20251021_160523.jpg,/home/user/tabbakhab1/dev/project/cache/grid_crops_1400_inset075/20251021_160523_gridv3_70838d004a1b.jpg,cache/dinov3_grid_tiled_mil_features/20251021_160523_5d7fa050ac3ff558.npz,0.0026047102,0.0045751184,0.21545714,0.028146718,0.038478848,0.022889432,0.15609133,0.25015822,0.28159848
20251021_124700,15.5,18.60465,3.1046505,0.7465903413762633,8,0.38912353,/home/nfs/data/nvme_datasets/Pictures_CFSB_leaf_damage/RSFB-Phenotyping_training_set/RSFB-Phenotyping_training_set/20251021_124700.jpg,/home/user/tabbakhab1/dev/project/cache/grid_crops_1400_inset075/20251021_124700_gridv3_c769a44c8164.jpg,cache/dinov3_grid_tiled_mil_features/20251021_124700_e0182794119bf0ba.npz,0.13507614,0.20434694,0.11159031,0.0010600709,0.00075269747,0.026883086,0.110456035,0.020711256,0.38912353
20251021_151613,7.25,11.417821,4.167821,0.6439247339423956,6,0.4627884,/home/nfs/data/nvme_datasets/Pictures_CFSB_leaf_damage/RSFB-Phenotyping_training_set/RSFB-Phenotyping_training_set/20251021_151613.jpg,/home/user/tabbakhab1/dev/project/cache/grid_crops_1400_inset075/20251021_151613_gridv3_3d4c4e41bef5.jpg,cache/dinov3_grid_tiled_mil_features/20251021_151613_6bd5dd7301dc5540.npz,0.20353627,0.06601904,0.0021478846,0.040983606,0.013234695,0.0021388272,0.4627884,0.0023914345,0.2067598
20251021_121647,1.0,4.256173,3.2561731,0.8472474380464932,3,0.2737236,/home/nfs/data/nvme_datasets/Pictures_CFSB_leaf_damage/RSFB-Phenotyping_training_set/RSFB-Phenotyping_training_set/20251021_121647.jpg,/home/user/tabbakhab1/dev/project/cache/grid_crops_1400_inset075/20251021_121647_gridv3_1d5ea433992f.jpg,cache/dinov3_grid_tiled_mil_features/20251021_121647_efa1324f02d170ef.npz,0.14747038,0.15103066,0.15970862,0.2737236,0.1788433,0.021101832,0.020299755,0.0279704,0.019851508
20251021_155130,2.25,8.226439,5.9764395,0.5067222980012892,6,0.62279606,/home/nfs/data/nvme_datasets/Pictures_CFSB_leaf_damage/RSFB-Phenotyping_training_set/RSFB-Phenotyping_training_set/20251021_155130.jpg,/home/user/tabbakhab1/dev/project/cache/grid_crops_1400_inset075/20251021_155130_gridv3_296018a0a821.jpg,cache/dinov3_grid_tiled_mil_features/20251021_155130_e3efd4ac088cfbf1.npz,0.036812715,0.039419882,0.04512699,0.006179532,0.002832367,0.0033444776,0.62279606,0.23993453,0.003553424
20251021_162428,2.0,3.4495568,1.4495568,0.8084183229112392,7,0.30101758,/home/nfs/data/nvme_datasets/Pictures_CFSB_leaf_damage/RSFB-Phenotyping_training_set/RSFB-Phenotyping_training_set/20251021_162428.jpg,/home/user/tabbakhab1/dev/project/cache/grid_crops_1400_inset075/20251021_162428_gridv3_acaf976845b4.jpg,cache/dinov3_grid_tiled_mil_features/20251021_162428_26c847e0e433e6c8.npz,0.13676673,0.123590946,0.093689136,0.0068347007,0.01894326,0.060214628,0.0075915684,0.30101758,0.25135148
20251021_160610,9.0,7.6072936,-1.3927064,0.5505596620214518,1,0.42208403,/home/nfs/data/nvme_datasets/Pictures_CFSB_leaf_damage/RSFB-Phenotyping_training_set/RSFB-Phenotyping_training_set/20251021_160610.jpg,/home/user/tabbakhab1/dev/project/cache/grid_crops_1400_inset075/20251021_160610_gridv3_d9070eadd235.jpg,cache/dinov3_grid_tiled_mil_features/20251021_160610_21e08d406fb44faa.npz,0.08291283,0.42208403,0.40421396,0.001967324,0.00218399,0.0019093998,0.0784929,0.004042342,0.002193161
20251021_125405,19.5,20.649078,1.1490784,0.4614631191815415,6,0.57107174,/home/nfs/data/nvme_datasets/Pictures_CFSB_leaf_damage/RSFB-Phenotyping_training_set/RSFB-Phenotyping_training_set/20251021_125405.jpg,/home/user/tabbakhab1/dev/project/cache/grid_crops_1400_inset075/20251021_125405_gridv3_16d15bc88ff9.jpg,cache/dinov3_grid_tiled_mil_features/20251021_125405_bb8ccd175baac996.npz,0.0010962564,0.0015773895,0.001105859,0.0009920455,0.0009387376,0.0010750134,0.57107174,0.25352463,0.16861835
20251021_154436,2.5,2.3940597,-0.10594034,0.8356743926097789,6,0.31723163,/home/nfs/data/nvme_datasets/Pictures_CFSB_leaf_damage/RSFB-Phenotyping_training_set/RSFB-Phenotyping_training_set/20251021_154436.jpg,/home/user/tabbakhab1/dev/project/cache/grid_crops_1400_inset075/20251021_154436_gridv3_792f4024f8a7.jpg,cache/dinov3_grid_tiled_mil_features/20251021_154436_9aa76d77a5ff6377.npz,0.101011895,0.099276096,0.20920515,0.004227557,0.0038987352,0.06963373,0.31723163,0.108253725,0.087261535
20251021_161958,1.75,6.665975,4.915975,0.6247148390689605,1,0.39492366,/home/nfs/data/nvme_datasets/Pictures_CFSB_leaf_damage/RSFB-Phenotyping_training_set/RSFB-Phenotyping_training_set/20251021_161958.jpg,/home/user/tabbakhab1/dev/project/cache/grid_crops_1400_inset075/20251021_161958_gridv3_4ef271c39532.jpg,cache/dinov3_grid_tiled_mil_features/20251021_161958_26bd7e4499d42140.npz,0.050723445,0.39492366,0.3661584,0.0035169732,0.0033104413,0.0032362463,0.051865797,0.1231706,0.0030945453
20251021_123822,4.5,12.993159,8.493159,0.4866732707369299,8,0.6660238,/home/nfs/data/nvme_datasets/Pictures_CFSB_leaf_damage/RSFB-Phenotyping_training_set/RSFB-Phenotyping_training_set/20251021_123822.jpg,/home/user/tabbakhab1/dev/project/cache/grid_crops_1400_inset075/20251021_123822_gridv3_d3c0cc3896ce.jpg,cache/dinov3_grid_tiled_mil_features/20251021_123822_f453c2e3e0b4f300.npz,0.0018692391,0.026601369,0.030058615,0.0019918326,0.009530683,0.021049937,0.20604727,0.03682725,0.6660238
20251021_122117,18.0,23.321747,5.321747,0.7054369105783365,6,0.33421785,/home/nfs/data/nvme_datasets/Pictures_CFSB_leaf_damage/RSFB-Phenotyping_training_set/RSFB-Phenotyping_training_set/20251021_122117.jpg,/home/user/tabbakhab1/dev/project/cache/grid_crops_1400_inset075/20251021_122117_gridv3_a42a8ae3fb3b.jpg,cache/dinov3_grid_tiled_mil_features/20251021_122117_84cbcc9de455ee05.npz,0.17929958,0.2335283,0.19392855,0.0041588666,0.008173168,0.0014507069,0.33421785,0.04386364,0.0013793035
20251021_160541,3.7499998,6.5766454,2.8266456,0.748013601268467,8,0.5280811,/home/nfs/data/nvme_datasets/Pictures_CFSB_leaf_damage/RSFB-Phenotyping_training_set/RSFB-Phenotyping_training_set/20251021_160541.jpg,/home/user/tabbakhab1/dev/project/cache/grid_crops_1400_inset075/20251021_160541_gridv3_a6eec9597bee.jpg,cache/dinov3_grid_tiled_mil_features/20251021_160541_4af5eacc464ae161.npz,0.06341554,0.059907608,0.09144886,0.06716007,0.042494133,0.030678332,0.034382094,0.082432196,0.5280811
20251021_125811,6.25,9.930334,3.680334,0.7123797235555144,6,0.4611855,/home/nfs/data/nvme_datasets/Pictures_CFSB_leaf_damage/RSFB-Phenotyping_training_set/RSFB-Phenotyping_training_set/20251021_125811.jpg,/home/user/tabbakhab1/dev/project/cache/grid_crops_1400_inset075/20251021_125811_gridv3_19364d126c8f.jpg,cache/dinov3_grid_tiled_mil_features/20251021_125811_805b1620b676614c.npz,0.16216461,0.067772955,0.0015744858,0.14421044,0.014871394,0.0016483893,0.4611855,0.10556251,0.04100967
20251021_123519,19.0,8.846472,-10.153528,0.5039608727297517,0,0.7176085,/home/nfs/data/nvme_datasets/Pictures_CFSB_leaf_damage/RSFB-Phenotyping_training_set/RSFB-Phenotyping_training_set/20251021_123519.jpg,/home/user/tabbakhab1/dev/project/cache/grid_crops_1400_inset075/20251021_123519_gridv3_cdf0257fb7ee.jpg,cache/dinov3_grid_tiled_mil_features/20251021_123519_e3b0092a732a5d0d.npz,0.7176085,0.0063713607,0.03421544,0.0029609879,0.042644467,0.0768603,0.065392375,0.031420376,0.022526095
20251021_161028,2.75,1.9471507,-0.8028493,0.931484987086587,7,0.21536803,/home/nfs/data/nvme_datasets/Pictures_CFSB_leaf_damage/RSFB-Phenotyping_training_set/RSFB-Phenotyping_training_set/20251021_161028.jpg,/home/user/tabbakhab1/dev/project/cache/grid_crops_1400_inset075/20251021_161028_gridv3_6d57a83ae3ca.jpg,cache/dinov3_grid_tiled_mil_features/20251021_161028_02bb337b231307f6.npz,0.13475062,0.117933445,0.09173905,0.010431264,0.0738337,0.09186029,0.08216232,0.21536803,0.18192127
20251021_123123,8.0,14.643867,6.6438665,0.69481337648153,6,0.36939672,/home/nfs/data/nvme_datasets/Pictures_CFSB_leaf_damage/RSFB-Phenotyping_training_set/RSFB-Phenotyping_training_set/20251021_123123.jpg,/home/user/tabbakhab1/dev/project/cache/grid_crops_1400_inset075/20251021_123123_gridv3_8ef98f278f56.jpg,cache/dinov3_grid_tiled_mil_features/20251021_123123_36233f27fbb9ace0.npz,0.2918696,0.033153184,0.035919473,0.0035648474,0.009461998,0.008034565,0.36939672,0.20334144,0.04525818
20251021_125552,18.0,11.961272,-6.0387278,0.5287190257346877,8,0.6324596,/home/nfs/data/nvme_datasets/Pictures_CFSB_leaf_damage/RSFB-Phenotyping_training_set/RSFB-Phenotyping_training_set/20251021_125552.jpg,/home/user/tabbakhab1/dev/project/cache/grid_crops_1400_inset075/20251021_125552_gridv3_bcc6d95be89d.jpg,cache/dinov3_grid_tiled_mil_features/20251021_125552_b18ced511b8ad457.npz,0.024354734,0.1329791,0.002445568,0.0020723662,0.0018418579,0.0022579832,0.08572696,0.115861855,0.6324596
20251021_121203,22.25,17.40408,-4.8459206,0.5620783690813439,8,0.44651154,/home/nfs/data/nvme_datasets/Pictures_CFSB_leaf_damage/RSFB-Phenotyping_training_set/RSFB-Phenotyping_training_set/20251021_121203.jpg,/home/user/tabbakhab1/dev/project/cache/grid_crops_1400_inset075/20251021_121203_gridv3_e186b4fb824d.jpg,cache/dinov3_grid_tiled_mil_features/20251021_121203_ebe1f65134435a35.npz,0.0031436433,0.24544637,0.0034754872,0.003419561,0.020766875,0.0037677072,0.0030962592,0.2703725,0.44651154
20251021_124134,7.25,14.670891,7.420891,0.7396919633496164,6,0.41958708,/home/nfs/data/nvme_datasets/Pictures_CFSB_leaf_damage/RSFB-Phenotyping_training_set/RSFB-Phenotyping_training_set/20251021_124134.jpg,/home/user/tabbakhab1/dev/project/cache/grid_crops_1400_inset075/20251021_124134_gridv3_5e5fff0807c8.jpg,cache/dinov3_grid_tiled_mil_features/20251021_124134_d39d608c3ed47f4f.npz,0.20751347,0.082428046,0.0027541174,0.05362298,0.016689422,0.001877621,0.41958708,0.12986241,0.08566488
20251021_132829,10.0,5.3442864,-4.6557136,0.7339830966831937,1,0.3321969,/home/nfs/data/nvme_datasets/Pictures_CFSB_leaf_damage/RSFB-Phenotyping_training_set/RSFB-Phenotyping_training_set/20251021_132829.jpg,/home/user/tabbakhab1/dev/project/cache/grid_crops_1400_inset075/20251021_132829_gridv3_71361290c0d1.jpg,cache/dinov3_grid_tiled_mil_features/20251021_132829_dcfd5b541ff07cc4.npz,0.31909513,0.3321969,0.10343249,0.0038682353,0.045829702,0.0040926705,0.0032436184,0.08332573,0.104915544
20251021_155811,14.1,11.635393,-2.4646072,0.4431615829157456,0,0.71777284,/home/nfs/data/nvme_datasets/Pictures_CFSB_leaf_damage/RSFB-Phenotyping_training_set/RSFB-Phenotyping_training_set/20251021_155811.jpg,/home/user/tabbakhab1/dev/project/cache/grid_crops_1400_inset075/20251021_155811_gridv3_e8148990c493.jpg,cache/dinov3_grid_tiled_mil_features/20251021_155811_c1628a60682c7b32.npz,0.71777284,0.012624243,0.0066666817,0.006128506,0.007822097,0.10005063,0.0070461207,0.009796444,0.1320925
20251021_162400,0.75,1.6245198,0.8745198,0.9226371046829076,6,0.21894431,/home/nfs/data/nvme_datasets/Pictures_CFSB_leaf_damage/RSFB-Phenotyping_training_set/RSFB-Phenotyping_training_set/20251021_162400.jpg,/home/user/tabbakhab1/dev/project/cache/grid_crops_1400_inset075/20251021_162400_gridv3_e8cbd0b46b4e.jpg,cache/dinov3_grid_tiled_mil_features/20251021_162400_eaa0e2b2e797d1d4.npz,0.16932672,0.12654623,0.13627078,0.027163235,0.021121152,0.07090431,0.21894431,0.09509575,0.13462754
20251021_155923,4.5,7.1222534,2.6222534,0.688642361311732,8,0.42473438,/home/nfs/data/nvme_datasets/Pictures_CFSB_leaf_damage/RSFB-Phenotyping_training_set/RSFB-Phenotyping_training_set/20251021_155923.jpg,/home/user/tabbakhab1/dev/project/cache/grid_crops_1400_inset075/20251021_155923_gridv3_228ba938c4cf.jpg,cache/dinov3_grid_tiled_mil_features/20251021_155923_54244982e39424eb.npz,0.042055324,0.18009786,0.17903545,0.0043685907,0.0053749555,0.007127905,0.004810992,0.15239447,0.42473438
20251021_161143,7.25,8.057575,0.8075752,0.8486063647917237,1,0.25483757,/home/nfs/data/nvme_datasets/Pictures_CFSB_leaf_damage/RSFB-Phenotyping_training_set/RSFB-Phenotyping_training_set/20251021_161143.jpg,/home/user/tabbakhab1/dev/project/cache/grid_crops_1400_inset075/20251021_161143_gridv3_ceb9e95effda.jpg,cache/dinov3_grid_tiled_mil_features/20251021_161143_52474448f51cd030.npz,0.0015102413,0.25483757,0.09289856,0.063886546,0.16615322,0.011904627,0.20291519,0.046419576,0.15947443
20251021_125208,2.25,4.1912413,1.9412413,0.8751382972877458,8,0.3106458,/home/nfs/data/nvme_datasets/Pictures_CFSB_leaf_damage/RSFB-Phenotyping_training_set/RSFB-Phenotyping_training_set/20251021_125208.jpg,/home/user/tabbakhab1/dev/project/cache/grid_crops_1400_inset075/20251021_125208_gridv3_58ab535c57af.jpg,cache/dinov3_grid_tiled_mil_features/20251021_125208_04f99f455ad47197.npz,0.06866439,0.054204687,0.074443534,0.028483067,0.07376525,0.038963597,0.2087089,0.14212082,0.3106458
20251021_121345,13.0,7.9034023,-5.0965977,0.5393540202143945,2,0.5008494,/home/nfs/data/nvme_datasets/Pictures_CFSB_leaf_damage/RSFB-Phenotyping_training_set/RSFB-Phenotyping_training_set/20251021_121345.jpg,/home/user/tabbakhab1/dev/project/cache/grid_crops_1400_inset075/20251021_121345_gridv3_fb8f1924845e.jpg,cache/dinov3_grid_tiled_mil_features/20251021_121345_e661ff93aa320396.npz,0.0051019667,0.35465425,0.5008494,0.0059468914,0.007308226,0.014658655,0.0047568576,0.020105992,0.086617775
20251021_161831,5.25,11.358244,6.108244,0.8904900145928828,5,0.3541032,/home/nfs/data/nvme_datasets/Pictures_CFSB_leaf_damage/RSFB-Phenotyping_training_set/RSFB-Phenotyping_training_set/20251021_161831.jpg,/home/user/tabbakhab1/dev/project/cache/grid_crops_1400_inset075/20251021_161831_gridv3_6e936e287523.jpg,cache/dinov3_grid_tiled_mil_features/20251021_161831_44067f1eb8bafe8b.npz,0.10454172,0.13772361,0.06951105,0.06620026,0.070947915,0.3541032,0.0710844,0.039438434,0.086449414
20251021_131620,5.25,1.9790869,-3.2709131,0.8474622723969891,6,0.25007698,/home/nfs/data/nvme_datasets/Pictures_CFSB_leaf_damage/RSFB-Phenotyping_training_set/RSFB-Phenotyping_training_set/20251021_131620.jpg,/home/user/tabbakhab1/dev/project/cache/grid_crops_1400_inset075/20251021_131620_gridv3_a56a5b334c33.jpg,cache/dinov3_grid_tiled_mil_features/20251021_131620_8c21704ce10239d7.npz,0.24490862,0.013487211,0.13638796,0.020760005,0.01199351,0.06932719,0.25007698,0.11817932,0.1348792
20251021_154116,12.75,7.910883,-4.839117,0.7565226912240989,6,0.36063382,/home/nfs/data/nvme_datasets/Pictures_CFSB_leaf_damage/RSFB-Phenotyping_training_set/RSFB-Phenotyping_training_set/20251021_154116.jpg,/home/user/tabbakhab1/dev/project/cache/grid_crops_1400_inset075/20251021_154116_gridv3_4cc04c93f972.jpg,cache/dinov3_grid_tiled_mil_features/20251021_154116_4823907c2c45ea39.npz,0.072293356,0.1298371,0.08844886,0.015608841,0.031845313,0.023265762,0.36063382,0.27702552,0.0010414193
20251021_132117,4.25,7.6402435,3.3902435,0.8328212681367907,2,0.34927815,/home/nfs/data/nvme_datasets/Pictures_CFSB_leaf_damage/RSFB-Phenotyping_training_set/RSFB-Phenotyping_training_set/20251021_132117.jpg,/home/user/tabbakhab1/dev/project/cache/grid_crops_1400_inset075/20251021_132117_gridv3_88ca91a8a390.jpg,cache/dinov3_grid_tiled_mil_features/20251021_132117_01dfc9f41b2d475f.npz,0.12573366,0.07843205,0.34927815,0.12898046,0.05578173,0.006755219,0.102705404,0.14709273,0.0052405368
20251021_131803,2.25,2.6560302,0.40603018,0.9541837202727541,6,0.25631884,/home/nfs/data/nvme_datasets/Pictures_CFSB_leaf_damage/RSFB-Phenotyping_training_set/RSFB-Phenotyping_training_set/20251021_131803.jpg,/home/user/tabbakhab1/dev/project/cache/grid_crops_1400_inset075/20251021_131803_gridv3_ad10a03dc807.jpg,cache/dinov3_grid_tiled_mil_features/20251021_131803_b5cc1d3a031e00d0.npz,0.114432506,0.08076554,0.091436096,0.053870145,0.08442048,0.12705004,0.25631884,0.099011205,0.09269518
20251021_161803,5.95,3.4204853,-2.5295146,0.6285234841525811,2,0.3945371,/home/nfs/data/nvme_datasets/Pictures_CFSB_leaf_damage/RSFB-Phenotyping_training_set/RSFB-Phenotyping_training_set/20251021_161803.jpg,/home/user/tabbakhab1/dev/project/cache/grid_crops_1400_inset075/20251021_161803_gridv3_d9d59ca09628.jpg,cache/dinov3_grid_tiled_mil_features/20251021_161803_49a90f2e3081594e.npz,0.0063516907,0.06684665,0.3945371,0.22772017,0.0031929887,0.0047507924,0.28376675,0.009770143,0.0030637258
20251021_162049,2.5,4.4158983,1.9158983,0.768439078185061,1,0.33610493,/home/nfs/data/nvme_datasets/Pictures_CFSB_leaf_damage/RSFB-Phenotyping_training_set/RSFB-Phenotyping_training_set/20251021_162049.jpg,/home/user/tabbakhab1/dev/project/cache/grid_crops_1400_inset075/20251021_162049_gridv3_4f925db9b734.jpg,cache/dinov3_grid_tiled_mil_features/20251021_162049_d9149f858287b94f.npz,0.041284844,0.33610493,0.003937173,0.07162587,0.26142505,0.0040559373,0.17665434,0.031261504,0.073650345
20251021_151523,3.7499998,4.2349567,0.48495698,0.7629249519556923,2,0.32239038,/home/nfs/data/nvme_datasets/Pictures_CFSB_leaf_damage/RSFB-Phenotyping_training_set/RSFB-Phenotyping_training_set/20251021_151523.jpg,/home/user/tabbakhab1/dev/project/cache/grid_crops_1400_inset075/20251021_151523_gridv3_73bff9aa7051.jpg,cache/dinov3_grid_tiled_mil_features/20251021_151523_d5c2d8aea5327d9c.npz,0.003959419,0.28237247,0.32239038,0.003859343,0.12246796,0.0033525531,0.086279035,0.10510119,0.07021764
20251021_130223,3.0,4.688735,1.688735,0.6778288532567105,8,0.4600798,/home/nfs/data/nvme_datasets/Pictures_CFSB_leaf_damage/RSFB-Phenotyping_training_set/RSFB-Phenotyping_training_set/20251021_130223.jpg,/home/user/tabbakhab1/dev/project/cache/grid_crops_1400_inset075/20251021_130223_gridv3_d5139cca3388.jpg,cache/dinov3_grid_tiled_mil_features/20251021_130223_eec22061696df41b.npz,0.004766521,0.08498376,0.2752151,0.044482704,0.005716,0.03934096,0.072272904,0.013142287,0.4600798
20251021_155359,9.0,9.267534,0.26753426,0.6419349827214706,0,0.5515464,/home/nfs/data/nvme_datasets/Pictures_CFSB_leaf_damage/RSFB-Phenotyping_training_set/RSFB-Phenotyping_training_set/20251021_155359.jpg,/home/user/tabbakhab1/dev/project/cache/grid_crops_1400_inset075/20251021_155359_gridv3_a94e2beee69d.jpg,cache/dinov3_grid_tiled_mil_features/20251021_155359_39d4bae64c4fc592.npz,0.5515464,0.0072547817,0.060086586,0.1498416,0.012318486,0.012896916,0.14661337,0.015029964,0.04441187
20251021_122452,7.75,3.0185761,-4.731424,0.936304856635154,0,0.21198721,/home/nfs/data/nvme_datasets/Pictures_CFSB_leaf_damage/RSFB-Phenotyping_training_set/RSFB-Phenotyping_training_set/20251021_122452.jpg,/home/user/tabbakhab1/dev/project/cache/grid_crops_1400_inset075/20251021_122452_gridv3_8038e6b8a183.jpg,cache/dinov3_grid_tiled_mil_features/20251021_122452_ae4b6da53f1910b2.npz,0.21198721,0.09315302,0.09551341,0.1788334,0.08855568,0.10709463,0.014130817,0.06855914,0.14217272
20251021_121704,2.0,3.5555184,1.5555184,0.8705841631775626,2,0.31703612,/home/nfs/data/nvme_datasets/Pictures_CFSB_leaf_damage/RSFB-Phenotyping_training_set/RSFB-Phenotyping_training_set/20251021_121704.jpg,/home/user/tabbakhab1/dev/project/cache/grid_crops_1400_inset075/20251021_121704_gridv3_0f0d4c1e9758.jpg,cache/dinov3_grid_tiled_mil_features/20251021_121704_11eb248f00c9a049.npz,0.068693966,0.058520414,0.31703612,0.07972086,0.045420457,0.055804513,0.06610683,0.060740042,0.24795674
20251021_124741,13.5,25.523638,12.023638,0.6186634013599138,1,0.43743196,/home/nfs/data/nvme_datasets/Pictures_CFSB_leaf_damage/RSFB-Phenotyping_training_set/RSFB-Phenotyping_training_set/20251021_124741.jpg,/home/user/tabbakhab1/dev/project/cache/grid_crops_1400_inset075/20251021_124741_gridv3_c9c3fc008eaf.jpg,cache/dinov3_grid_tiled_mil_features/20251021_124741_09e9071757807711.npz,0.32655597,0.43743196,0.089459226,0.0012614593,0.001334062,0.0014867168,0.082671754,0.055762243,0.004036608
20251021_124906,3.0,2.5299926,-0.47000742,0.84074451946189,1,0.22612247,/home/nfs/data/nvme_datasets/Pictures_CFSB_leaf_damage/RSFB-Phenotyping_training_set/RSFB-Phenotyping_training_set/20251021_124906.jpg,/home/user/tabbakhab1/dev/project/cache/grid_crops_1400_inset075/20251021_124906_gridv3_ff57701c98ab.jpg,cache/dinov3_grid_tiled_mil_features/20251021_124906_8318c6d80c186657.npz,0.011083034,0.22612247,0.08590904,0.010477186,0.009786513,0.1428438,0.19291678,0.09766013,0.22320102
20251021_161236,7.0,4.5297313,-2.4702687,0.6426301648907423,6,0.59236187,/home/nfs/data/nvme_datasets/Pictures_CFSB_leaf_damage/RSFB-Phenotyping_training_set/RSFB-Phenotyping_training_set/20251021_161236.jpg,/home/user/tabbakhab1/dev/project/cache/grid_crops_1400_inset075/20251021_161236_gridv3_816b59f203c4.jpg,cache/dinov3_grid_tiled_mil_features/20251021_161236_632ea6f7cb2f14c9.npz,0.09492451,0.06507255,0.0032706307,0.091296285,0.05354277,0.0033894652,0.59236187,0.033403203,0.06273874
20251021_162630,17.25,18.480606,1.2306061,0.7416890046408791,6,0.4980304,/home/nfs/data/nvme_datasets/Pictures_CFSB_leaf_damage/RSFB-Phenotyping_training_set/RSFB-Phenotyping_training_set/20251021_162630.jpg,/home/user/tabbakhab1/dev/project/cache/grid_crops_1400_inset075/20251021_162630_gridv3_b6e6b26ddaaa.jpg,cache/dinov3_grid_tiled_mil_features/20251021_162630_9c9020e5b44840c4.npz,0.12057815,0.052386556,0.06055729,0.07620336,0.01676487,0.0033135784,0.4980304,0.1014672,0.070698574
20251021_160621,9.0,6.418744,-2.581256,0.6270186325771392,1,0.42078203,/home/nfs/data/nvme_datasets/Pictures_CFSB_leaf_damage/RSFB-Phenotyping_training_set/RSFB-Phenotyping_training_set/20251021_160621.jpg,/home/user/tabbakhab1/dev/project/cache/grid_crops_1400_inset075/20251021_160621_gridv3_c4057c11b045.jpg,cache/dinov3_grid_tiled_mil_features/20251021_160621_252db6381d6d6e5f.npz,0.031042045,0.42078203,0.35035342,0.002042956,0.0017068264,0.0023402274,0.109554134,0.05391752,0.028260836
20251021_155758,0.0,2.6585274,2.6585274,0.6859395101016855,1,0.38681906,/home/nfs/data/nvme_datasets/Pictures_CFSB_leaf_damage/RSFB-Phenotyping_training_set/RSFB-Phenotyping_training_set/20251021_155758.jpg,/home/user/tabbakhab1/dev/project/cache/grid_crops_1400_inset075/20251021_155758_gridv3_69d862dd2d33.jpg,cache/dinov3_grid_tiled_mil_features/20251021_155758_35880851c08d2bbd.npz,0.3000266,0.38681906,0.0098129865,0.1120831,0.14410686,0.014522252,0.01032578,0.012746651,0.009556677
20251021_120926,21.25,15.244264,-6.0057364,0.849100410734843,6,0.33128306,/home/nfs/data/nvme_datasets/Pictures_CFSB_leaf_damage/RSFB-Phenotyping_training_set/RSFB-Phenotyping_training_set/20251021_120926.jpg,/home/user/tabbakhab1/dev/project/cache/grid_crops_1400_inset075/20251021_120926_gridv3_f34602797b70.jpg,cache/dinov3_grid_tiled_mil_features/20251021_120926_a4a6e7ef514a1412.npz,0.10250349,0.06623496,0.051826388,0.17958857,0.09811204,0.03373556,0.33128306,0.1347117,0.0020041813
20251021_160943,5.75,6.68112,0.9311199,0.7947689977968733,1,0.362325,/home/nfs/data/nvme_datasets/Pictures_CFSB_leaf_damage/RSFB-Phenotyping_training_set/RSFB-Phenotyping_training_set/20251021_160943.jpg,/home/user/tabbakhab1/dev/project/cache/grid_crops_1400_inset075/20251021_160943_gridv3_08f6a8baefc4.jpg,cache/dinov3_grid_tiled_mil_features/20251021_160943_74f37ac2ebc4dc1f.npz,0.09597009,0.362325,0.1151827,0.17111947,0.17457716,0.03074893,0.021347849,0.026969615,0.0017592302
20251021_122637,2.0,3.5623162,1.5623162,0.8204580980051878,4,0.24095729,/home/nfs/data/nvme_datasets/Pictures_CFSB_leaf_damage/RSFB-Phenotyping_training_set/RSFB-Phenotyping_training_set/20251021_122637.jpg,/home/user/tabbakhab1/dev/project/cache/grid_crops_1400_inset075/20251021_122637_gridv3_0f969fc57311.jpg,cache/dinov3_grid_tiled_mil_features/20251021_122637_083a3bb3a0b85307.npz,0.11065387,0.23955585,0.14018156,0.022782499,0.24095729,0.033257402,0.008052995,0.008605157,0.19595344
20251021_151409,7.25,3.6510537,-3.5989463,0.7917829990049148,1,0.375414,/home/nfs/data/nvme_datasets/Pictures_CFSB_leaf_damage/RSFB-Phenotyping_training_set/RSFB-Phenotyping_training_set/20251021_151409.jpg,/home/user/tabbakhab1/dev/project/cache/grid_crops_1400_inset075/20251021_151409_gridv3_7a15f792472c.jpg,cache/dinov3_grid_tiled_mil_features/20251021_151409_81dbd460b91e01b0.npz,0.21551986,0.375414,0.005483186,0.036262363,0.035408627,0.027704518,0.1539283,0.061929245,0.08834993
20251021_122353,10.5,14.0521555,3.5521555,0.7583399701831742,2,0.48491138,/home/nfs/data/nvme_datasets/Pictures_CFSB_leaf_damage/RSFB-Phenotyping_training_set/RSFB-Phenotyping_training_set/20251021_122353.jpg,/home/user/tabbakhab1/dev/project/cache/grid_crops_1400_inset075/20251021_122353_gridv3_bcae5885443a.jpg,cache/dinov3_grid_tiled_mil_features/20251021_122353_372af453d083c55d.npz,0.039209567,0.08863193,0.48491138,0.05079791,0.056590598,0.14639449,0.048338085,0.07894891,0.006177156
20251021_124932,20.0,19.325596,-0.67440414,0.8781274021969923,1,0.29309806,/home/nfs/data/nvme_datasets/Pictures_CFSB_leaf_damage/RSFB-Phenotyping_training_set/RSFB-Phenotyping_training_set/20251021_124932.jpg,/home/user/tabbakhab1/dev/project/cache/grid_crops_1400_inset075/20251021_124932_gridv3_43e67bafe93b.jpg,cache/dinov3_grid_tiled_mil_features/20251021_124932_712e6c0c8cfefa15.npz,0.18462265,0.29309806,0.049404055,0.103035495,0.13544962,0.0016040273,0.07576205,0.087641805,0.06938225
20251021_123831,3.7499998,3.6368296,-0.11317015,0.9396642340894666,7,0.23457593,/home/nfs/data/nvme_datasets/Pictures_CFSB_leaf_damage/RSFB-Phenotyping_training_set/RSFB-Phenotyping_training_set/20251021_123831.jpg,/home/user/tabbakhab1/dev/project/cache/grid_crops_1400_inset075/20251021_123831_gridv3_02aae1eb81a4.jpg,cache/dinov3_grid_tiled_mil_features/20251021_123831_6d125add4bbf1b1b.npz,0.062397268,0.07573915,0.048100203,0.11307708,0.05609865,0.1034266,0.18748118,0.23457593,0.11910387
20251021_125804,4.25,5.714543,1.4645429,0.7631212460860151,8,0.2940668,/home/nfs/data/nvme_datasets/Pictures_CFSB_leaf_damage/RSFB-Phenotyping_training_set/RSFB-Phenotyping_training_set/20251021_125804.jpg,/home/user/tabbakhab1/dev/project/cache/grid_crops_1400_inset075/20251021_125804_gridv3_1361ccf69fa9.jpg,cache/dinov3_grid_tiled_mil_features/20251021_125804_fd8977e198c11172.npz,0.23222071,0.058203302,0.008315507,0.27688453,0.027996019,0.0382374,0.059730317,0.004345497,0.2940668
20251021_160438,7.25,10.599323,3.3493233,0.7511312549310106,8,0.47490677,/home/nfs/data/nvme_datasets/Pictures_CFSB_leaf_damage/RSFB-Phenotyping_training_set/RSFB-Phenotyping_training_set/20251021_160438.jpg,/home/user/tabbakhab1/dev/project/cache/grid_crops_1400_inset075/20251021_160438_gridv3_d530fd326720.jpg,cache/dinov3_grid_tiled_mil_features/20251021_160438_36a041ec97cb262b.npz,0.039955802,0.18180552,0.08530166,0.00518865,0.04992523,0.07004654,0.044896726,0.047973078,0.47490677
20251021_162004,3.25,2.474401,-0.775599,0.8712964823207717,6,0.39499533,/home/nfs/data/nvme_datasets/Pictures_CFSB_leaf_damage/RSFB-Phenotyping_training_set/RSFB-Phenotyping_training_set/20251021_162004.jpg,/home/user/tabbakhab1/dev/project/cache/grid_crops_1400_inset075/20251021_162004_gridv3_067a78acbf91.jpg,cache/dinov3_grid_tiled_mil_features/20251021_162004_d6b6f64127374d2a.npz,0.115357995,0.07314773,0.056611255,0.088114485,0.06802321,0.06659672,0.39499533,0.073222555,0.063930765
20251021_154141,27.75,17.797972,-9.952028,0.5934222299784951,7,0.4761646,/home/nfs/data/nvme_datasets/Pictures_CFSB_leaf_damage/RSFB-Phenotyping_training_set/RSFB-Phenotyping_training_set/20251021_154141.jpg,/home/user/tabbakhab1/dev/project/cache/grid_crops_1400_inset075/20251021_154141_gridv3_7f80f718e02c.jpg,cache/dinov3_grid_tiled_mil_features/20251021_154141_2c91adb976c02c72.npz,0.249902,0.11099478,0.0072579947,0.004542256,0.0007240007,0.00073131063,0.0008008417,0.4761646,0.14888221
20251021_124605,27.5,22.013084,-5.4869156,0.5394068966923399,6,0.57379216,/home/nfs/data/nvme_datasets/Pictures_CFSB_leaf_damage/RSFB-Phenotyping_training_set/RSFB-Phenotyping_training_set/20251021_124605.jpg,/home/user/tabbakhab1/dev/project/cache/grid_crops_1400_inset075/20251021_124605_gridv3_05308b98eef0.jpg,cache/dinov3_grid_tiled_mil_features/20251021_124605_83341c89b14a38ec.npz,0.0051644864,0.0028165733,0.2579559,0.0031889565,0.002980692,0.030266417,0.57379216,0.034236092,0.08959874
20251021_121804,12.75,17.329876,4.579876,0.8394855361881703,4,0.2391709,/home/nfs/data/nvme_datasets/Pictures_CFSB_leaf_damage/RSFB-Phenotyping_training_set/RSFB-Phenotyping_training_set/20251021_121804.jpg,/home/user/tabbakhab1/dev/project/cache/grid_crops_1400_inset075/20251021_121804_gridv3_7ff41805ed78.jpg,cache/dinov3_grid_tiled_mil_features/20251021_121804_34e1219b381b8edc.npz,0.12592076,0.21038459,0.059426874,0.23276065,0.2391709,0.07239121,0.021230001,0.0022921155,0.036422897
20251021_120858,10.25,12.169237,1.9192371,0.6039677145546201,8,0.6182624,/home/nfs/data/nvme_datasets/Pictures_CFSB_leaf_damage/RSFB-Phenotyping_training_set/RSFB-Phenotyping_training_set/20251021_120858.jpg,/home/user/tabbakhab1/dev/project/cache/grid_crops_1400_inset075/20251021_120858_gridv3_844d33db5d9c.jpg,cache/dinov3_grid_tiled_mil_features/20251021_120858_71f11cbea6c5120c.npz,0.045923535,0.06533077,0.0028940656,0.09601357,0.035425153,0.0028488643,0.10819527,0.025106411,0.6182624
20251021_152708,3.7499998,2.3507495,-1.3992503,0.7267923713706325,8,0.3652563,/home/nfs/data/nvme_datasets/Pictures_CFSB_leaf_damage/RSFB-Phenotyping_training_set/RSFB-Phenotyping_training_set/20251021_152708.jpg,/home/user/tabbakhab1/dev/project/cache/grid_crops_1400_inset075/20251021_152708_gridv3_a3d6673f22c1.jpg,cache/dinov3_grid_tiled_mil_features/20251021_152708_c1621a0abb425fc0.npz,0.013882934,0.12523918,0.0033576093,0.028533867,0.01404821,0.016745465,0.23752971,0.19540669,0.3652563
20251021_152119,7.25,4.720167,-2.5298328,0.8303798781672248,0,0.286812,/home/nfs/data/nvme_datasets/Pictures_CFSB_leaf_damage/RSFB-Phenotyping_training_set/RSFB-Phenotyping_training_set/20251021_152119.jpg,/home/user/tabbakhab1/dev/project/cache/grid_crops_1400_inset075/20251021_152119_gridv3_db5dd3ed7b10.jpg,cache/dinov3_grid_tiled_mil_features/20251021_152119_4823ff589c826caa.npz,0.286812,0.08997593,0.058849704,0.119443834,0.020668605,0.008710145,0.17807527,0.22133492,0.016129596
20251021_155331,6.0,11.716917,5.716917,0.5611980761382952,8,0.6402333,/home/nfs/data/nvme_datasets/Pictures_CFSB_leaf_damage/RSFB-Phenotyping_training_set/RSFB-Phenotyping_training_set/20251021_155331.jpg,/home/user/tabbakhab1/dev/project/cache/grid_crops_1400_inset075/20251021_155331_gridv3_ace548a5da88.jpg,cache/dinov3_grid_tiled_mil_features/20251021_155331_0ef8e70f8de2fc06.npz,0.06623252,0.014686877,0.0021708617,0.030371582,0.032577712,0.0015094073,0.072151646,0.1400661,0.6402333
20251021_163031,34.75,19.868698,-14.881302,0.7486887428770695,2,0.35936138,/home/nfs/data/nvme_datasets/Pictures_CFSB_leaf_damage/RSFB-Phenotyping_training_set/RSFB-Phenotyping_training_set/20251021_163031.jpg,/home/user/tabbakhab1/dev/project/cache/grid_crops_1400_inset075/20251021_163031_gridv3_68720dfc3ad4.jpg,cache/dinov3_grid_tiled_mil_features/20251021_163031_e133ace661465874.npz,0.11221382,0.14852087,0.35936138,0.0006726588,0.00062555674,0.0007046133,0.098267086,0.06334255,0.21629152
20251021_131217,2.5,3.1529331,0.6529331,0.705177716679737,6,0.3619953,/home/nfs/data/nvme_datasets/Pictures_CFSB_leaf_damage/RSFB-Phenotyping_training_set/RSFB-Phenotyping_training_set/20251021_131217.jpg,/home/user/tabbakhab1/dev/project/cache/grid_crops_1400_inset075/20251021_131217_gridv3_39e38da72bf1.jpg,cache/dinov3_grid_tiled_mil_features/20251021_131217_f35eec874596f396.npz,0.0070039863,0.23877285,0.1537044,0.0066630165,0.008052635,0.012564447,0.3619953,0.017936239,0.19330713
20251021_155347,9.75,12.058502,2.3085022,0.7297228586175301,1,0.46878266,/home/nfs/data/nvme_datasets/Pictures_CFSB_leaf_damage/RSFB-Phenotyping_training_set/RSFB-Phenotyping_training_set/20251021_155347.jpg,/home/user/tabbakhab1/dev/project/cache/grid_crops_1400_inset075/20251021_155347_gridv3_1592aa57391d.jpg,cache/dinov3_grid_tiled_mil_features/20251021_155347_9a6ff4952fc14a75.npz,0.1897342,0.46878266,0.12449422,0.0054935,0.019904867,0.025427721,0.079081625,0.044666555,0.04241466
20251021_122242,28.5,24.708122,-3.7918777,0.8777389831060487,1,0.30643532,/home/nfs/data/nvme_datasets/Pictures_CFSB_leaf_damage/RSFB-Phenotyping_training_set/RSFB-Phenotyping_training_set/20251021_122242.jpg,/home/user/tabbakhab1/dev/project/cache/grid_crops_1400_inset075/20251021_122242_gridv3_240762933ff7.jpg,cache/dinov3_grid_tiled_mil_features/20251021_122242_c196406829fc825f.npz,0.12085607,0.30643532,0.10337967,0.085842386,0.047739137,0.007976912,0.10695771,0.1776976,0.043115262
20251021_132808,2.25,2.5850759,0.33507586,0.7665135669224131,1,0.3671432,/home/nfs/data/nvme_datasets/Pictures_CFSB_leaf_damage/RSFB-Phenotyping_training_set/RSFB-Phenotyping_training_set/20251021_132808.jpg,/home/user/tabbakhab1/dev/project/cache/grid_crops_1400_inset075/20251021_132808_gridv3_930ce9e482dd.jpg,cache/dinov3_grid_tiled_mil_features/20251021_132808_5effc2a16c5c0a58.npz,0.1754403,0.3671432,0.12585539,0.010300105,0.00707491,0.007296714,0.18425934,0.02577654,0.096853465
20251021_123710,2.25,6.5449486,4.2949486,0.3353622340933118,6,0.82634336,/home/nfs/data/nvme_datasets/Pictures_CFSB_leaf_damage/RSFB-Phenotyping_training_set/RSFB-Phenotyping_training_set/20251021_123710.jpg,/home/user/tabbakhab1/dev/project/cache/grid_crops_1400_inset075/20251021_123710_gridv3_ce23513cbd3f.jpg,cache/dinov3_grid_tiled_mil_features/20251021_123710_148406eb65c01663.npz,0.029422684,0.031527475,0.042215955,0.0028297373,0.0023837893,0.0031064213,0.82634336,0.059420675,0.0027499592
20251021_160041,17.0,17.103737,0.10373688,0.8120170748254483,6,0.2987045,/home/nfs/data/nvme_datasets/Pictures_CFSB_leaf_damage/RSFB-Phenotyping_training_set/RSFB-Phenotyping_training_set/20251021_160041.jpg,/home/user/tabbakhab1/dev/project/cache/grid_crops_1400_inset075/20251021_160041_gridv3_7725fa6b4651.jpg,cache/dinov3_grid_tiled_mil_features/20251021_160041_284aa7ec8d531904.npz,0.10919066,0.08340811,0.07232723,0.008953067,0.0152219245,0.0062644146,0.2987045,0.19048676,0.21544343
20251021_122135,21.25,24.596481,3.3464813,0.5978930000933953,0,0.5180618,/home/nfs/data/nvme_datasets/Pictures_CFSB_leaf_damage/RSFB-Phenotyping_training_set/RSFB-Phenotyping_training_set/20251021_122135.jpg,/home/user/tabbakhab1/dev/project/cache/grid_crops_1400_inset075/20251021_122135_gridv3_6136072c7cbb.jpg,cache/dinov3_grid_tiled_mil_features/20251021_122135_28558808bf5a2f21.npz,0.5180618,0.12821388,0.035396066,0.0013784914,0.001663104,0.0012228503,0.08995572,0.2220683,0.0020398009
20251021_162646,13.5,10.360315,-3.1396847,0.4815626691360623,6,0.641402,/home/nfs/data/nvme_datasets/Pictures_CFSB_leaf_damage/RSFB-Phenotyping_training_set/RSFB-Phenotyping_training_set/20251021_162646.jpg,/home/user/tabbakhab1/dev/project/cache/grid_crops_1400_inset075/20251021_162646_gridv3_037df2103a60.jpg,cache/dinov3_grid_tiled_mil_features/20251021_162646_918da4e362ab923e.npz,0.0036671336,0.0022127249,0.03698174,0.08332809,0.0035769292,0.002180284,0.641402,0.21690069,0.009750374
20251021_132110,4.5,6.0037503,1.5037503,0.7070005767478426,7,0.39001644,/home/nfs/data/nvme_datasets/Pictures_CFSB_leaf_damage/RSFB-Phenotyping_training_set/RSFB-Phenotyping_training_set/20251021_132110.jpg,/home/user/tabbakhab1/dev/project/cache/grid_crops_1400_inset075/20251021_132110_gridv3_c597e24b9e05.jpg,cache/dinov3_grid_tiled_mil_features/20251021_132110_3c0b531687da656b.npz,0.005011498,0.041447368,0.053365238,0.0050026067,0.0045967223,0.049420316,0.21687613,0.39001644,0.23426361
20251021_132849,15.5,11.175211,-4.324789,0.6052636595699221,6,0.5596623,/home/nfs/data/nvme_datasets/Pictures_CFSB_leaf_damage/RSFB-Phenotyping_training_set/RSFB-Phenotyping_training_set/20251021_132849.jpg,/home/user/tabbakhab1/dev/project/cache/grid_crops_1400_inset075/20251021_132849_gridv3_8d5b8a755b94.jpg,cache/dinov3_grid_tiled_mil_features/20251021_132849_858845a4abe0af00.npz,0.15716733,0.033110797,0.1500737,0.0016501058,0.001406405,0.0015595587,0.5596623,0.060254578,0.03511522
20251021_131209,5.5,3.639095,-1.8609049,0.6639293043579376,0,0.500367,/home/nfs/data/nvme_datasets/Pictures_CFSB_leaf_damage/RSFB-Phenotyping_training_set/RSFB-Phenotyping_training_set/20251021_131209.jpg,/home/user/tabbakhab1/dev/project/cache/grid_crops_1400_inset075/20251021_131209_gridv3_d5cec98c8502.jpg,cache/dinov3_grid_tiled_mil_features/20251021_131209_dda10af2f7666e73.npz,0.500367,0.23596828,0.003306312,0.0034572845,0.04350527,0.019712431,0.04717122,0.04973669,0.09677557
20251021_121504,10.5,9.442981,-1.0570192,0.6364431963487105,7,0.5014709,/home/nfs/data/nvme_datasets/Pictures_CFSB_leaf_damage/RSFB-Phenotyping_training_set/RSFB-Phenotyping_training_set/20251021_121504.jpg,/home/user/tabbakhab1/dev/project/cache/grid_crops_1400_inset075/20251021_121504_gridv3_4e18401c6108.jpg,cache/dinov3_grid_tiled_mil_features/20251021_121504_3d7023c50d2a136c.npz,0.055354364,0.21602295,0.003296605,0.009453969,0.0028241023,0.0026977882,0.07898843,0.5014709,0.12989089
20251021_130818,3.5,2.7622032,-0.7377968,0.7335018237064104,0,0.33741814,/home/nfs/data/nvme_datasets/Pictures_CFSB_leaf_damage/RSFB-Phenotyping_training_set/RSFB-Phenotyping_training_set/20251021_130818.jpg,/home/user/tabbakhab1/dev/project/cache/grid_crops_1400_inset075/20251021_130818_gridv3_7ded759f08c5.jpg,cache/dinov3_grid_tiled_mil_features/20251021_130818_69b7f532f3d680d7.npz,0.33741814,0.19241847,0.17981769,0.04299486,0.006618298,0.006968863,0.215491,0.010555424,0.007717163
20251021_130913,2.5,3.4172504,0.9172504,0.7674731607379671,7,0.3402895,/home/nfs/data/nvme_datasets/Pictures_CFSB_leaf_damage/RSFB-Phenotyping_training_set/RSFB-Phenotyping_training_set/20251021_130913.jpg,/home/user/tabbakhab1/dev/project/cache/grid_crops_1400_inset075/20251021_130913_gridv3_41225b0c2260.jpg,cache/dinov3_grid_tiled_mil_features/20251021_130913_82f5b03b6e6c998e.npz,0.1778475,0.06081261,0.042683534,0.005736909,0.0066710836,0.005008309,0.1767829,0.3402895,0.18416764
20251021_121633,3.25,2.609501,-0.6404991,0.9269679517693967,6,0.20815866,/home/nfs/data/nvme_datasets/Pictures_CFSB_leaf_damage/RSFB-Phenotyping_training_set/RSFB-Phenotyping_training_set/20251021_121633.jpg,/home/user/tabbakhab1/dev/project/cache/grid_crops_1400_inset075/20251021_121633_gridv3_faa95cff2abb.jpg,cache/dinov3_grid_tiled_mil_features/20251021_121633_34dc38613f31a9f4.npz,0.14034213,0.18068574,0.11978677,0.008622538,0.06724161,0.0711095,0.20815866,0.07929273,0.12476033
20251021_132528,11.75,10.27884,-1.4711599,0.9519074517602124,2,0.16176438,/home/nfs/data/nvme_datasets/Pictures_CFSB_leaf_damage/RSFB-Phenotyping_training_set/RSFB-Phenotyping_training_set/20251021_132528.jpg,/home/user/tabbakhab1/dev/project/cache/grid_crops_1400_inset075/20251021_132528_gridv3_b832670dc3be.jpg,cache/dinov3_grid_tiled_mil_features/20251021_132528_b2be35063eb16215.npz,0.14139432,0.13791597,0.16176438,0.04940621,0.14112078,0.047704786,0.039019965,0.12530185,0.1563717
20251021_162845,1.0,2.9646735,1.9646735,0.7867716736434575,0,0.413421,/home/nfs/data/nvme_datasets/Pictures_CFSB_leaf_damage/RSFB-Phenotyping_training_set/RSFB-Phenotyping_training_set/20251021_162845.jpg,/home/user/tabbakhab1/dev/project/cache/grid_crops_1400_inset075/20251021_162845_gridv3_86e437c819b2.jpg,cache/dinov3_grid_tiled_mil_features/20251021_162845_da21677edd64d9e2.npz,0.413421,0.079052955,0.15877867,0.15755302,0.04671678,0.023972,0.002691058,0.07105708,0.04675751
20251021_160632,1.75,4.4096413,2.6596413,0.7926871225369371,6,0.4872192,/home/nfs/data/nvme_datasets/Pictures_CFSB_leaf_damage/RSFB-Phenotyping_training_set/RSFB-Phenotyping_training_set/20251021_160632.jpg,/home/user/tabbakhab1/dev/project/cache/grid_crops_1400_inset075/20251021_160632_gridv3_dee9be4c07d6.jpg,cache/dinov3_grid_tiled_mil_features/20251021_160632_7d3a14ae00554467.npz,0.096046716,0.056205664,0.057739526,0.082667135,0.05757785,0.038450107,0.4872192,0.06912178,0.054972004
20251021_160412,7.0,3.9715068,-3.0284932,0.8552956411614089,0,0.2591312,/home/nfs/data/nvme_datasets/Pictures_CFSB_leaf_damage/RSFB-Phenotyping_training_set/RSFB-Phenotyping_training_set/20251021_160412.jpg,/home/user/tabbakhab1/dev/project/cache/grid_crops_1400_inset075/20251021_160412_gridv3_bb448398338f.jpg,cache/dinov3_grid_tiled_mil_features/20251021_160412_ca5631c75d00afcc.npz,0.2591312,0.23993029,0.11520922,0.057948492,0.11648388,0.1332991,0.0023650706,0.020519068,0.055113725
20251021_155624,10.0,13.28116,3.2811604,0.6184279951934888,0,0.49615175,/home/nfs/data/nvme_datasets/Pictures_CFSB_leaf_damage/RSFB-Phenotyping_training_set/RSFB-Phenotyping_training_set/20251021_155624.jpg,/home/user/tabbakhab1/dev/project/cache/grid_crops_1400_inset075/20251021_155624_gridv3_1b0bcd087df4.jpg,cache/dinov3_grid_tiled_mil_features/20251021_155624_fa9577aa1ac26472.npz,0.49615175,0.005757141,0.070613645,0.0012518507,0.0029905145,0.016963363,0.12488824,0.024290694,0.2570927
20251021_125236,0.0,2.82857,2.82857,0.741613419730164,0,0.31934863,/home/nfs/data/nvme_datasets/Pictures_CFSB_leaf_damage/RSFB-Phenotyping_training_set/RSFB-Phenotyping_training_set/20251021_125236.jpg,/home/user/tabbakhab1/dev/project/cache/grid_crops_1400_inset075/20251021_125236_gridv3_86ef33c94031.jpg,cache/dinov3_grid_tiled_mil_features/20251021_125236_4eb4132a7bf4f944.npz,0.31934863,0.31259635,0.01584485,0.06897804,0.19352658,0.017530221,0.016824462,0.03887473,0.016476115
20251021_160107,8.0,4.462351,-3.5376492,0.7190671430134081,2,0.34163618,/home/nfs/data/nvme_datasets/Pictures_CFSB_leaf_damage/RSFB-Phenotyping_training_set/RSFB-Phenotyping_training_set/20251021_160107.jpg,/home/user/tabbakhab1/dev/project/cache/grid_crops_1400_inset075/20251021_160107_gridv3_3545b79016d0.jpg,cache/dinov3_grid_tiled_mil_features/20251021_160107_c205a24bfd4aec27.npz,0.16441357,0.110232964,0.34163618,0.0031909244,0.0026225548,0.0029988342,0.0031012546,0.12299669,0.24880698
20251021_160615,2.0,3.317054,1.317054,0.7815067879952128,6,0.336637,/home/nfs/data/nvme_datasets/Pictures_CFSB_leaf_damage/RSFB-Phenotyping_training_set/RSFB-Phenotyping_training_set/20251021_160615.jpg,/home/user/tabbakhab1/dev/project/cache/grid_crops_1400_inset075/20251021_160615_gridv3_47af67e5c3e5.jpg,cache/dinov3_grid_tiled_mil_features/20251021_160615_9b7cdd30f7dd180d.npz,0.054984216,0.0667195,0.10278838,0.24954307,0.006258094,0.01524648,0.336637,0.009036515,0.1587867
20251021_123851,7.0,6.176073,-0.8239269,0.9078429159383402,8,0.2643892,/home/nfs/data/nvme_datasets/Pictures_CFSB_leaf_damage/RSFB-Phenotyping_training_set/RSFB-Phenotyping_training_set/20251021_123851.jpg,/home/user/tabbakhab1/dev/project/cache/grid_crops_1400_inset075/20251021_123851_gridv3_ae020d49bc0c.jpg,cache/dinov3_grid_tiled_mil_features/20251021_123851_9389121169d8e9bf.npz,0.20276707,0.14219037,0.040922593,0.04433097,0.06798415,0.10529235,0.085193,0.04693033,0.2643892
20251021_130515,15.75,6.9132514,-8.836748,0.652381680622953,2,0.5046691,/home/nfs/data/nvme_datasets/Pictures_CFSB_leaf_damage/RSFB-Phenotyping_training_set/RSFB-Phenotyping_training_set/20251021_130515.jpg,/home/user/tabbakhab1/dev/project/cache/grid_crops_1400_inset075/20251021_130515_gridv3_683278386d65.jpg,cache/dinov3_grid_tiled_mil_features/20251021_130515_645038495d8436e8.npz,0.03959654,0.06443022,0.5046691,0.002800414,0.036544953,0.032559108,0.25324318,0.06459215,0.0015643791
20251021_124030,1.5,5.5353646,4.0353646,0.6751101198455192,8,0.48682907,/home/nfs/data/nvme_datasets/Pictures_CFSB_leaf_damage/RSFB-Phenotyping_training_set/RSFB-Phenotyping_training_set/20251021_124030.jpg,/home/user/tabbakhab1/dev/project/cache/grid_crops_1400_inset075/20251021_124030_gridv3_a2fcedf951c3.jpg,cache/dinov3_grid_tiled_mil_features/20251021_124030_6345e9734b173ab2.npz,0.109844625,0.063077666,0.042762857,0.0024491816,0.0023200153,0.0028901848,0.20342635,0.08640011,0.48682907
20251021_160849,2.25,3.0365992,0.78659916,0.8060075769526053,0,0.43425572,/home/nfs/data/nvme_datasets/Pictures_CFSB_leaf_damage/RSFB-Phenotyping_training_set/RSFB-Phenotyping_training_set/20251021_160849.jpg,/home/user/tabbakhab1/dev/project/cache/grid_crops_1400_inset075/20251021_160849_gridv3_1168535cf328.jpg,cache/dinov3_grid_tiled_mil_features/20251021_160849_85d244fe6af510b0.npz,0.43425572,0.051089298,0.06604107,0.019096721,0.101094946,0.01518461,0.09350052,0.10350207,0.11623504
20251021_125752,6.75,4.083891,-2.666109,0.7720453058736705,0,0.29212618,/home/nfs/data/nvme_datasets/Pictures_CFSB_leaf_damage/RSFB-Phenotyping_training_set/RSFB-Phenotyping_training_set/20251021_125752.jpg,/home/user/tabbakhab1/dev/project/cache/grid_crops_1400_inset075/20251021_125752_gridv3_c74f7377088f.jpg,cache/dinov3_grid_tiled_mil_features/20251021_125752_955f739a44a3d2ed.npz,0.29212618,0.22181205,0.0077186134,0.008783155,0.03234199,0.007948324,0.24093653,0.1294824,0.058850724
20251021_161211,19.25,14.990616,-4.259384,0.5003011035527979,8,0.52757454,/home/nfs/data/nvme_datasets/Pictures_CFSB_leaf_damage/RSFB-Phenotyping_training_set/RSFB-Phenotyping_training_set/20251021_161211.jpg,/home/user/tabbakhab1/dev/project/cache/grid_crops_1400_inset075/20251021_161211_gridv3_7440bee6d842.jpg,cache/dinov3_grid_tiled_mil_features/20251021_161211_66e483ae981053b3.npz,0.0015152838,0.053611238,0.3389684,0.00137344,0.0012910805,0.07245023,0.0015080791,0.0017077479,0.52757454
20251021_122502,15.0,12.242041,-2.7579594,0.723854552990003,8,0.51714,/home/nfs/data/nvme_datasets/Pictures_CFSB_leaf_damage/RSFB-Phenotyping_training_set/RSFB-Phenotyping_training_set/20251021_122502.jpg,/home/user/tabbakhab1/dev/project/cache/grid_crops_1400_inset075/20251021_122502_gridv3_9e1612a9ef2a.jpg,cache/dinov3_grid_tiled_mil_features/20251021_122502_10eb770b3f025aca.npz,0.06399442,0.0061077066,0.10123346,0.08869626,0.014975654,0.11112595,0.06283026,0.03389637,0.51714
20251021_124556,8.75,3.7515473,-4.9984527,0.9118940298846636,8,0.23305641,/home/nfs/data/nvme_datasets/Pictures_CFSB_leaf_damage/RSFB-Phenotyping_training_set/RSFB-Phenotyping_training_set/20251021_124556.jpg,/home/user/tabbakhab1/dev/project/cache/grid_crops_1400_inset075/20251021_124556_gridv3_b58802114521.jpg,cache/dinov3_grid_tiled_mil_features/20251021_124556_864fd46689716184.npz,0.09757426,0.12894538,0.15709049,0.049183726,0.054032564,0.008332796,0.16419615,0.10758818,0.23305641
20251021_160823,2.0,1.9331946,-0.06680536,0.8687254729179803,8,0.27989796,/home/nfs/data/nvme_datasets/Pictures_CFSB_leaf_damage/RSFB-Phenotyping_training_set/RSFB-Phenotyping_training_set/20251021_160823.jpg,/home/user/tabbakhab1/dev/project/cache/grid_crops_1400_inset075/20251021_160823_gridv3_1332fa15ef56.jpg,cache/dinov3_grid_tiled_mil_features/20251021_160823_0f2da0861cac134b.npz,0.17918739,0.10314686,0.0042767227,0.019410321,0.073644996,0.059998985,0.12484802,0.15558872,0.27989796
20251021_152505,3.4000003,3.042049,-0.3579514,0.8294095447928805,8,0.27321666,/home/nfs/data/nvme_datasets/Pictures_CFSB_leaf_damage/RSFB-Phenotyping_training_set/RSFB-Phenotyping_training_set/20251021_152505.jpg,/home/user/tabbakhab1/dev/project/cache/grid_crops_1400_inset075/20251021_152505_gridv3_6ac650c8c39c.jpg,cache/dinov3_grid_tiled_mil_features/20251021_152505_6938f7ab330addf2.npz,0.12679572,0.1703459,0.016389724,0.011162656,0.05823028,0.23421694,0.01258961,0.097052515,0.27321666
