cohort_id,source_folder,image_id,file_name,relative_path,absolute_path,width,height,decode_status,decode_warning,preliminary_route,sheet_path
dsv_asendorf_t1_bbch11,2025_09_15_Re4StRes_T1_DSV,img_dd0a6ac1f44f8b8f5e2d,IMG_2531.JPG,2025_09_15_Re4StRes_T1_DSV/IMG_2531.JPG,/home/nfs/data/nvme_datasets/Pictures_CFSB_leaf_damage/2025_09_15_Re4StRes_T1_DSV/IMG_2531.JPG,4000,3000,ok,,raw,/home/user/tabbakhab1/dev/project/outputs/dinov3_mixed_domain_adaptation/source_inspection/dsv_asendorf_t1_bbch11__2025_09_15_Re4StRes_T1_DSV.jpg
dsv_asendorf_t1_bbch11,2025_09_15_Re4StRes_T1_DSV,img_d31ddc70efeaf21c4b28,IMG_2612.JPG,2025_09_15_Re4StRes_T1_DSV/IMG_2612.JPG,/home/nfs/data/nvme_datasets/Pictures_CFSB_leaf_damage/2025_09_15_Re4StRes_T1_DSV/IMG_2612.JPG,3000,4000,ok,,raw,/home/user/tabbakhab1/dev/project/outputs/dinov3_mixed_domain_adaptation/source_inspection/dsv_asendorf_t1_bbch11__2025_09_15_Re4StRes_T1_DSV.jpg
dsv_asendorf_t1_bbch11,2025_09_15_Re4StRes_T1_DSV,img_d28b6f36fa57653766b0,IMG_2693.JPG,2025_09_15_Re4StRes_T1_DSV/IMG_2693.JPG,/home/nfs/data/nvme_datasets/Pictures_CFSB_leaf_damage/2025_09_15_Re4StRes_T1_DSV/IMG_2693.JPG,4000,3000,ok,,raw,/home/user/tabbakhab1/dev/project/outputs/dinov3_mixed_domain_adaptation/source_inspection/dsv_asendorf_t1_bbch11__2025_09_15_Re4StRes_T1_DSV.jpg
dsv_asendorf_t1_bbch11,2025_09_15_Re4StRes_T1_DSV,img_b8043e78d56b00e15df4,IMG_2776.JPG,2025_09_15_Re4StRes_T1_DSV/IMG_2776.JPG,/home/nfs/data/nvme_datasets/Pictures_CFSB_leaf_damage/2025_09_15_Re4StRes_T1_DSV/IMG_2776.JPG,3000,4000,ok,,raw,/home/user/tabbakhab1/dev/project/outputs/dinov3_mixed_domain_adaptation/source_inspection/dsv_asendorf_t1_bbch11__2025_09_15_Re4StRes_T1_DSV.jpg
dsv_asendorf_t1_bbch11,2025_09_15_Re4StRes_T1_DSV,img_f8c58190b636f1de45fd,IMG_2859.JPG,2025_09_15_Re4StRes_T1_DSV/IMG_2859.JPG,/home/nfs/data/nvme_datasets/Pictures_CFSB_leaf_damage/2025_09_15_Re4StRes_T1_DSV/IMG_2859.JPG,4000,3000,ok,,raw,/home/user/tabbakhab1/dev/project/outputs/dinov3_mixed_domain_adaptation/source_inspection/dsv_asendorf_t1_bbch11__2025_09_15_Re4StRes_T1_DSV.jpg
dsv_asendorf_t1_bbch11,2025_09_15_Re4StRes_T1_DSV,img_4f7d133a4e54155897d1,IMG_2944.JPG,2025_09_15_Re4StRes_T1_DSV/IMG_2944.JPG,/home/nfs/data/nvme_datasets/Pictures_CFSB_leaf_damage/2025_09_15_Re4StRes_T1_DSV/IMG_2944.JPG,4000,3000,ok,,raw,/home/user/tabbakhab1/dev/project/outputs/dinov3_mixed_domain_adaptation/source_inspection/dsv_asendorf_t1_bbch11__2025_09_15_Re4StRes_T1_DSV.jpg
dsv_asendorf_t1_bbch11,2025_09_15_Re4StRes_T1_DSV,img_61c70d873ca1ddc6cdf9,IMG_3031.JPG,2025_09_15_Re4StRes_T1_DSV/IMG_3031.JPG,/home/nfs/data/nvme_datasets/Pictures_CFSB_leaf_damage/2025_09_15_Re4StRes_T1_DSV/IMG_3031.JPG,4000,3000,ok,,raw,/home/user/tabbakhab1/dev/project/outputs/dinov3_mixed_domain_adaptation/source_inspection/dsv_asendorf_t1_bbch11__2025_09_15_Re4StRes_T1_DSV.jpg
dsv_asendorf_t1_bbch11,2025_09_15_Re4StRes_T1_DSV,img_40ea5369e403cf2b77ae,IMG_3118.JPG,2025_09_15_Re4StRes_T1_DSV/IMG_3118.JPG,/home/nfs/data/nvme_datasets/Pictures_CFSB_leaf_damage/2025_09_15_Re4StRes_T1_DSV/IMG_3118.JPG,3000,4000,ok,,raw,/home/user/tabbakhab1/dev/project/outputs/dinov3_mixed_domain_adaptation/source_inspection/dsv_asendorf_t1_bbch11__2025_09_15_Re4StRes_T1_DSV.jpg
dsv_asendorf_t1_bbch11,2025_09_15_Re4StRes_T1_DSV,img_481dea3fcf2e58a0543f,IMG_3202.JPG,2025_09_15_Re4StRes_T1_DSV/IMG_3202.JPG,/home/nfs/data/nvme_datasets/Pictures_CFSB_leaf_damage/2025_09_15_Re4StRes_T1_DSV/IMG_3202.JPG,4000,3000,ok,,raw,/home/user/tabbakhab1/dev/project/outputs/dinov3_mixed_domain_adaptation/source_inspection/dsv_asendorf_t1_bbch11__2025_09_15_Re4StRes_T1_DSV.jpg
dsv_asendorf_t1_bbch11,2025_09_15_Re4StRes_T1_DSV,img_b2e8bc615d80aa6a04da,IMG_3287.JPG,2025_09_15_Re4StRes_T1_DSV/IMG_3287.JPG,/home/nfs/data/nvme_datasets/Pictures_CFSB_leaf_damage/2025_09_15_Re4StRes_T1_DSV/IMG_3287.JPG,4000,3000,ok,,raw,/home/user/tabbakhab1/dev/project/outputs/dinov3_mixed_domain_adaptation/source_inspection/dsv_asendorf_t1_bbch11__2025_09_15_Re4StRes_T1_DSV.jpg
dsv_asendorf_t1_bbch11,2025_09_15_Re4StRes_T1_DSV,img_e164880768d9e474eeb7,IMG_3371.JPG,2025_09_15_Re4StRes_T1_DSV/IMG_3371.JPG,/home/nfs/data/nvme_datasets/Pictures_CFSB_leaf_damage/2025_09_15_Re4StRes_T1_DSV/IMG_3371.JPG,4000,3000,ok,,raw,/home/user/tabbakhab1/dev/project/outputs/dinov3_mixed_domain_adaptation/source_inspection/dsv_asendorf_t1_bbch11__2025_09_15_Re4StRes_T1_DSV.jpg
dsv_asendorf_t1_bbch11,2025_09_15_Re4StRes_T1_DSV,img_4e0158dd919cf00710d0,IMG_3456.JPG,2025_09_15_Re4StRes_T1_DSV/IMG_3456.JPG,/home/nfs/data/nvme_datasets/Pictures_CFSB_leaf_damage/2025_09_15_Re4StRes_T1_DSV/IMG_3456.JPG,4000,3000,ok,,raw,/home/user/tabbakhab1/dev/project/outputs/dinov3_mixed_domain_adaptation/source_inspection/dsv_asendorf_t1_bbch11__2025_09_15_Re4StRes_T1_DSV.jpg
dsv_asendorf_t2_bbch15,2025_09_30_Res4StRes_T2_DSV,img_25ca0ccd2d736cfc3781,IMG_3475.JPG,2025_09_30_Res4StRes_T2_DSV/IMG_3475.JPG,/home/nfs/data/nvme_datasets/Pictures_CFSB_leaf_damage/2025_09_30_Res4StRes_T2_DSV/IMG_3475.JPG,4000,3000,ok,,raw,/home/user/tabbakhab1/dev/project/outputs/dinov3_mixed_domain_adaptation/source_inspection/dsv_asendorf_t2_bbch15__2025_09_30_Res4StRes_T2_DSV.jpg
dsv_asendorf_t2_bbch15,2025_09_30_Res4StRes_T2_DSV,img_f21f0a365cdef726bb41,IMG_3557.JPG,2025_09_30_Res4StRes_T2_DSV/IMG_3557.JPG,/home/nfs/data/nvme_datasets/Pictures_CFSB_leaf_damage/2025_09_30_Res4StRes_T2_DSV/IMG_3557.JPG,4000,3000,ok,,raw,/home/user/tabbakhab1/dev/project/outputs/dinov3_mixed_domain_adaptation/source_inspection/dsv_asendorf_t2_bbch15__2025_09_30_Res4StRes_T2_DSV.jpg
dsv_asendorf_t2_bbch15,2025_09_30_Res4StRes_T2_DSV,img_e1e806d8d6f7b183a9d8,IMG_3638.JPG,2025_09_30_Res4StRes_T2_DSV/IMG_3638.JPG,/home/nfs/data/nvme_datasets/Pictures_CFSB_leaf_damage/2025_09_30_Res4StRes_T2_DSV/IMG_3638.JPG,4000,3000,ok,,raw,/home/user/tabbakhab1/dev/project/outputs/dinov3_mixed_domain_adaptation/source_inspection/dsv_asendorf_t2_bbch15__2025_09_30_Res4StRes_T2_DSV.jpg
dsv_asendorf_t2_bbch15,2025_09_30_Res4StRes_T2_DSV,img_df794a1d496d2d7d1d77,IMG_3722.JPG,2025_09_30_Res4StRes_T2_DSV/IMG_3722.JPG,/home/nfs/data/nvme_datasets/Pictures_CFSB_leaf_damage/2025_09_30_Res4StRes_T2_DSV/IMG_3722.JPG,4000,3000,ok,,raw,/home/user/tabbakhab1/dev/project/outputs/dinov3_mixed_domain_adaptation/source_inspection/dsv_asendorf_t2_bbch15__2025_09_30_Res4StRes_T2_DSV.jpg
dsv_asendorf_t2_bbch15,2025_09_30_Res4StRes_T2_DSV,img_ac4b05e883b19f70ff71,IMG_3804.JPG,2025_09_30_Res4StRes_T2_DSV/IMG_3804.JPG,/home/nfs/data/nvme_datasets/Pictures_CFSB_leaf_damage/2025_09_30_Res4StRes_T2_DSV/IMG_3804.JPG,4000,3000,ok,,raw,/home/user/tabbakhab1/dev/project/outputs/dinov3_mixed_domain_adaptation/source_inspection/dsv_asendorf_t2_bbch15__2025_09_30_Res4StRes_T2_DSV.jpg
dsv_asendorf_t2_bbch15,2025_09_30_Res4StRes_T2_DSV,img_25e4e827c1a08c301722,IMG_3886.JPG,2025_09_30_Res4StRes_T2_DSV/IMG_3886.JPG,/home/nfs/data/nvme_datasets/Pictures_CFSB_leaf_damage/2025_09_30_Res4StRes_T2_DSV/IMG_3886.JPG,4000,3000,ok,,raw,/home/user/tabbakhab1/dev/project/outputs/dinov3_mixed_domain_adaptation/source_inspection/dsv_asendorf_t2_bbch15__2025_09_30_Res4StRes_T2_DSV.jpg
dsv_asendorf_t2_bbch15,2025_09_30_Res4StRes_T2_DSV,img_21b7c834dff7d1bc6f81,IMG_3967.JPG,2025_09_30_Res4StRes_T2_DSV/IMG_3967.JPG,/home/nfs/data/nvme_datasets/Pictures_CFSB_leaf_damage/2025_09_30_Res4StRes_T2_DSV/IMG_3967.JPG,3000,4000,ok,,raw,/home/user/tabbakhab1/dev/project/outputs/dinov3_mixed_domain_adaptation/source_inspection/dsv_asendorf_t2_bbch15__2025_09_30_Res4StRes_T2_DSV.jpg
dsv_asendorf_t2_bbch15,2025_09_30_Res4StRes_T2_DSV,img_6f38c1d6522a0d95419d,IMG_4049.JPG,2025_09_30_Res4StRes_T2_DSV/IMG_4049.JPG,/home/nfs/data/nvme_datasets/Pictures_CFSB_leaf_damage/2025_09_30_Res4StRes_T2_DSV/IMG_4049.JPG,4000,3000,ok,,raw,/home/user/tabbakhab1/dev/project/outputs/dinov3_mixed_domain_adaptation/source_inspection/dsv_asendorf_t2_bbch15__2025_09_30_Res4StRes_T2_DSV.jpg
dsv_asendorf_t2_bbch15,2025_09_30_Res4StRes_T2_DSV,img_6e8e24fdb8c64d7cd97a,IMG_4131.JPG,2025_09_30_Res4StRes_T2_DSV/IMG_4131.JPG,/home/nfs/data/nvme_datasets/Pictures_CFSB_leaf_damage/2025_09_30_Res4StRes_T2_DSV/IMG_4131.JPG,4000,3000,ok,,raw,/home/user/tabbakhab1/dev/project/outputs/dinov3_mixed_domain_adaptation/source_inspection/dsv_asendorf_t2_bbch15__2025_09_30_Res4StRes_T2_DSV.jpg
dsv_asendorf_t2_bbch15,2025_09_30_Res4StRes_T2_DSV,img_fe6497ac24189e0735f6,IMG_4214.JPG,2025_09_30_Res4StRes_T2_DSV/IMG_4214.JPG,/home/nfs/data/nvme_datasets/Pictures_CFSB_leaf_damage/2025_09_30_Res4StRes_T2_DSV/IMG_4214.JPG,3000,4000,ok,,raw,/home/user/tabbakhab1/dev/project/outputs/dinov3_mixed_domain_adaptation/source_inspection/dsv_asendorf_t2_bbch15__2025_09_30_Res4StRes_T2_DSV.jpg
dsv_asendorf_t2_bbch15,2025_09_30_Res4StRes_T2_DSV,img_ae4ed38919b7bbc292ad,IMG_4295.JPG,2025_09_30_Res4StRes_T2_DSV/IMG_4295.JPG,/home/nfs/data/nvme_datasets/Pictures_CFSB_leaf_damage/2025_09_30_Res4StRes_T2_DSV/IMG_4295.JPG,3000,4000,ok,,raw,/home/user/tabbakhab1/dev/project/outputs/dinov3_mixed_domain_adaptation/source_inspection/dsv_asendorf_t2_bbch15__2025_09_30_Res4StRes_T2_DSV.jpg
dsv_asendorf_t2_bbch15,2025_09_30_Res4StRes_T2_DSV,img_6fd0b32767c817eaea3c,IMG_4377.JPG,2025_09_30_Res4StRes_T2_DSV/IMG_4377.JPG,/home/nfs/data/nvme_datasets/Pictures_CFSB_leaf_damage/2025_09_30_Res4StRes_T2_DSV/IMG_4377.JPG,4000,3000,ok,,raw,/home/user/tabbakhab1/dev/project/outputs/dinov3_mixed_domain_adaptation/source_inspection/dsv_asendorf_t2_bbch15__2025_09_30_Res4StRes_T2_DSV.jpg
gg_sulfur_bbch15,2025_10_14_RSFB-Phenotyping_GG_Sulfur_JLU,img_49e5639660c51d016402,20251014_132055.jpg,2025_10_14_RSFB-Phenotyping_GG_Sulfur_JLU/2025_10_14_RSFB-Phenotyping_GG_Sulfur_JLU/20251014_132055.jpg,/home/nfs/data/nvme_datasets/Pictures_CFSB_leaf_damage/2025_10_14_RSFB-Phenotyping_GG_Sulfur_JLU/2025_10_14_RSFB-Phenotyping_GG_Sulfur_JLU/20251014_132055.jpg,3000,4000,ok,,grid_crop,/home/user/tabbakhab1/dev/project/outputs/dinov3_mixed_domain_adaptation/source_inspection/gg_sulfur_bbch15__2025_10_14_RSFB-Phenotyping_GG_Sulfur_JLU.jpg
gg_sulfur_bbch15,2025_10_14_RSFB-Phenotyping_GG_Sulfur_JLU,img_ec3ec3a78ed4d124dc5e,20251014_134110.jpg,2025_10_14_RSFB-Phenotyping_GG_Sulfur_JLU/2025_10_14_RSFB-Phenotyping_GG_Sulfur_JLU/20251014_134110.jpg,/home/nfs/data/nvme_datasets/Pictures_CFSB_leaf_damage/2025_10_14_RSFB-Phenotyping_GG_Sulfur_JLU/2025_10_14_RSFB-Phenotyping_GG_Sulfur_JLU/20251014_134110.jpg,4000,3000,ok,,grid_crop,/home/user/tabbakhab1/dev/project/outputs/dinov3_mixed_domain_adaptation/source_inspection/gg_sulfur_bbch15__2025_10_14_RSFB-Phenotyping_GG_Sulfur_JLU.jpg
gg_sulfur_bbch15,2025_10_14_RSFB-Phenotyping_GG_Sulfur_JLU,img_a3d4e9f589403aa2fc9f,20251014_140018.jpg,2025_10_14_RSFB-Phenotyping_GG_Sulfur_JLU/2025_10_14_RSFB-Phenotyping_GG_Sulfur_JLU/20251014_140018.jpg,/home/nfs/data/nvme_datasets/Pictures_CFSB_leaf_damage/2025_10_14_RSFB-Phenotyping_GG_Sulfur_JLU/2025_10_14_RSFB-Phenotyping_GG_Sulfur_JLU/20251014_140018.jpg,4000,3000,ok,,grid_crop,/home/user/tabbakhab1/dev/project/outputs/dinov3_mixed_domain_adaptation/source_inspection/gg_sulfur_bbch15__2025_10_14_RSFB-Phenotyping_GG_Sulfur_JLU.jpg
gg_sulfur_bbch15,2025_10_14_RSFB-Phenotyping_GG_Sulfur_JLU,img_01d70ac6cf0e57faeddd,20251014_142423.jpg,2025_10_14_RSFB-Phenotyping_GG_Sulfur_JLU/2025_10_14_RSFB-Phenotyping_GG_Sulfur_JLU/20251014_142423.jpg,/home/nfs/data/nvme_datasets/Pictures_CFSB_leaf_damage/2025_10_14_RSFB-Phenotyping_GG_Sulfur_JLU/2025_10_14_RSFB-Phenotyping_GG_Sulfur_JLU/20251014_142423.jpg,4000,3000,ok,,grid_crop,/home/user/tabbakhab1/dev/project/outputs/dinov3_mixed_domain_adaptation/source_inspection/gg_sulfur_bbch15__2025_10_14_RSFB-Phenotyping_GG_Sulfur_JLU.jpg
gg_sulfur_bbch15,2025_10_14_RSFB-Phenotyping_GG_Sulfur_JLU,img_07a58e07cdb087be36cd,20251014_144314.jpg,2025_10_14_RSFB-Phenotyping_GG_Sulfur_JLU/2025_10_14_RSFB-Phenotyping_GG_Sulfur_JLU/20251014_144314.jpg,/home/nfs/data/nvme_datasets/Pictures_CFSB_leaf_damage/2025_10_14_RSFB-Phenotyping_GG_Sulfur_JLU/2025_10_14_RSFB-Phenotyping_GG_Sulfur_JLU/20251014_144314.jpg,4000,3000,ok,,grid_crop,/home/user/tabbakhab1/dev/project/outputs/dinov3_mixed_domain_adaptation/source_inspection/gg_sulfur_bbch15__2025_10_14_RSFB-Phenotyping_GG_Sulfur_JLU.jpg
gg_sulfur_bbch15,2025_10_14_RSFB-Phenotyping_GG_Sulfur_JLU,img_5b95f13311e2938ed351,20251014_150156.jpg,2025_10_14_RSFB-Phenotyping_GG_Sulfur_JLU/2025_10_14_RSFB-Phenotyping_GG_Sulfur_JLU/20251014_150156.jpg,/home/nfs/data/nvme_datasets/Pictures_CFSB_leaf_damage/2025_10_14_RSFB-Phenotyping_GG_Sulfur_JLU/2025_10_14_RSFB-Phenotyping_GG_Sulfur_JLU/20251014_150156.jpg,4000,3000,ok,,grid_crop,/home/user/tabbakhab1/dev/project/outputs/dinov3_mixed_domain_adaptation/source_inspection/gg_sulfur_bbch15__2025_10_14_RSFB-Phenotyping_GG_Sulfur_JLU.jpg
gg_sulfur_bbch15,2025_10_14_RSFB-Phenotyping_GG_Sulfur_JLU,img_41fed492ea6130dd7dd8,20251014_161359.jpg,2025_10_14_RSFB-Phenotyping_GG_Sulfur_JLU/2025_10_14_RSFB-Phenotyping_GG_Sulfur_JLU/20251014_161359.jpg,/home/nfs/data/nvme_datasets/Pictures_CFSB_leaf_damage/2025_10_14_RSFB-Phenotyping_GG_Sulfur_JLU/2025_10_14_RSFB-Phenotyping_GG_Sulfur_JLU/20251014_161359.jpg,4000,3000,ok,,grid_crop,/home/user/tabbakhab1/dev/project/outputs/dinov3_mixed_domain_adaptation/source_inspection/gg_sulfur_bbch15__2025_10_14_RSFB-Phenotyping_GG_Sulfur_JLU.jpg
gg_sulfur_bbch15,2025_10_14_RSFB-Phenotyping_GG_Sulfur_JLU,img_20e9df2db418ced3b8b4,20251014_163256.jpg,2025_10_14_RSFB-Phenotyping_GG_Sulfur_JLU/2025_10_14_RSFB-Phenotyping_GG_Sulfur_JLU/20251014_163256.jpg,/home/nfs/data/nvme_datasets/Pictures_CFSB_leaf_damage/2025_10_14_RSFB-Phenotyping_GG_Sulfur_JLU/2025_10_14_RSFB-Phenotyping_GG_Sulfur_JLU/20251014_163256.jpg,3000,4000,ok,,grid_crop,/home/user/tabbakhab1/dev/project/outputs/dinov3_mixed_domain_adaptation/source_inspection/gg_sulfur_bbch15__2025_10_14_RSFB-Phenotyping_GG_Sulfur_JLU.jpg
gg_sulfur_bbch15,2025_10_14_RSFB-Phenotyping_GG_Sulfur_JLU,img_707080a9795530c7a3f2,20251014_165008.jpg,2025_10_14_RSFB-Phenotyping_GG_Sulfur_JLU/2025_10_14_RSFB-Phenotyping_GG_Sulfur_JLU/20251014_165008.jpg,/home/nfs/data/nvme_datasets/Pictures_CFSB_leaf_damage/2025_10_14_RSFB-Phenotyping_GG_Sulfur_JLU/2025_10_14_RSFB-Phenotyping_GG_Sulfur_JLU/20251014_165008.jpg,3000,4000,ok,,grid_crop,/home/user/tabbakhab1/dev/project/outputs/dinov3_mixed_domain_adaptation/source_inspection/gg_sulfur_bbch15__2025_10_14_RSFB-Phenotyping_GG_Sulfur_JLU.jpg
gg_sulfur_bbch15,2025_10_14_RSFB-Phenotyping_GG_Sulfur_JLU,img_800ac944873bdd367956,20251014_170709.jpg,2025_10_14_RSFB-Phenotyping_GG_Sulfur_JLU/2025_10_14_RSFB-Phenotyping_GG_Sulfur_JLU/20251014_170709.jpg,/home/nfs/data/nvme_datasets/Pictures_CFSB_leaf_damage/2025_10_14_RSFB-Phenotyping_GG_Sulfur_JLU/2025_10_14_RSFB-Phenotyping_GG_Sulfur_JLU/20251014_170709.jpg,3000,4000,ok,,grid_crop,/home/user/tabbakhab1/dev/project/outputs/dinov3_mixed_domain_adaptation/source_inspection/gg_sulfur_bbch15__2025_10_14_RSFB-Phenotyping_GG_Sulfur_JLU.jpg
gg_sulfur_bbch15,2025_10_14_RSFB-Phenotyping_GG_Sulfur_JLU,img_f6f9badae108a378a752,20251014_172744.jpg,2025_10_14_RSFB-Phenotyping_GG_Sulfur_JLU/2025_10_14_RSFB-Phenotyping_GG_Sulfur_JLU/20251014_172744.jpg,/home/nfs/data/nvme_datasets/Pictures_CFSB_leaf_damage/2025_10_14_RSFB-Phenotyping_GG_Sulfur_JLU/2025_10_14_RSFB-Phenotyping_GG_Sulfur_JLU/20251014_172744.jpg,3000,4000,ok,,grid_crop,/home/user/tabbakhab1/dev/project/outputs/dinov3_mixed_domain_adaptation/source_inspection/gg_sulfur_bbch15__2025_10_14_RSFB-Phenotyping_GG_Sulfur_JLU.jpg
gg_sulfur_bbch15,2025_10_14_RSFB-Phenotyping_GG_Sulfur_JLU,img_043411c91c9c952332a3,20251014_174452.jpg,2025_10_14_RSFB-Phenotyping_GG_Sulfur_JLU/2025_10_14_RSFB-Phenotyping_GG_Sulfur_JLU/20251014_174452.jpg,/home/nfs/data/nvme_datasets/Pictures_CFSB_leaf_damage/2025_10_14_RSFB-Phenotyping_GG_Sulfur_JLU/2025_10_14_RSFB-Phenotyping_GG_Sulfur_JLU/20251014_174452.jpg,4000,3000,ok,,grid_crop,/home/user/tabbakhab1/dev/project/outputs/dinov3_mixed_domain_adaptation/source_inspection/gg_sulfur_bbch15__2025_10_14_RSFB-Phenotyping_GG_Sulfur_JLU.jpg
npzi_malchow_t1_bbch10,2025_09_12_RSFB_01_NPZi,img_5294894da3408a35f306,20250912_080046.jpg,2025_09_12_RSFB_01_NPZi/2025_09_12_RSFB_01_NPZi/20250912_080046.jpg,/home/nfs/data/nvme_datasets/Pictures_CFSB_leaf_damage/2025_09_12_RSFB_01_NPZi/2025_09_12_RSFB_01_NPZi/20250912_080046.jpg,3000,4000,ok,,grid_crop,/home/user/tabbakhab1/dev/project/outputs/dinov3_mixed_domain_adaptation/source_inspection/npzi_malchow_t1_bbch10__2025_09_12_RSFB_01_NPZi.jpg
npzi_malchow_t1_bbch10,2025_09_12_RSFB_01_NPZi,img_3b509afb9a29c0687217,20250912_082717.jpg,2025_09_12_RSFB_01_NPZi/2025_09_12_RSFB_01_NPZi/20250912_082717.jpg,/home/nfs/data/nvme_datasets/Pictures_CFSB_leaf_damage/2025_09_12_RSFB_01_NPZi/2025_09_12_RSFB_01_NPZi/20250912_082717.jpg,3000,4000,ok,,grid_crop,/home/user/tabbakhab1/dev/project/outputs/dinov3_mixed_domain_adaptation/source_inspection/npzi_malchow_t1_bbch10__2025_09_12_RSFB_01_NPZi.jpg
npzi_malchow_t1_bbch10,2025_09_12_RSFB_01_NPZi,img_571c6f8b1ec89bd0a30d,20250912_084958.jpg,2025_09_12_RSFB_01_NPZi/2025_09_12_RSFB_01_NPZi/20250912_084958.jpg,/home/nfs/data/nvme_datasets/Pictures_CFSB_leaf_damage/2025_09_12_RSFB_01_NPZi/2025_09_12_RSFB_01_NPZi/20250912_084958.jpg,3000,4000,ok,,grid_crop,/home/user/tabbakhab1/dev/project/outputs/dinov3_mixed_domain_adaptation/source_inspection/npzi_malchow_t1_bbch10__2025_09_12_RSFB_01_NPZi.jpg
npzi_malchow_t1_bbch10,2025_09_12_RSFB_01_NPZi,img_91cd6f2cab58d09fbfe8,20250912_095006.jpg,2025_09_12_RSFB_01_NPZi/2025_09_12_RSFB_01_NPZi/20250912_095006.jpg,/home/nfs/data/nvme_datasets/Pictures_CFSB_leaf_damage/2025_09_12_RSFB_01_NPZi/2025_09_12_RSFB_01_NPZi/20250912_095006.jpg,3000,4000,ok,,grid_crop,/home/user/tabbakhab1/dev/project/outputs/dinov3_mixed_domain_adaptation/source_inspection/npzi_malchow_t1_bbch10__2025_09_12_RSFB_01_NPZi.jpg
npzi_malchow_t1_bbch10,2025_09_12_RSFB_01_NPZi,img_7db55c4faa2b5a004914,20250912_101434.jpg,2025_09_12_RSFB_01_NPZi/2025_09_12_RSFB_01_NPZi/20250912_101434.jpg,/home/nfs/data/nvme_datasets/Pictures_CFSB_leaf_damage/2025_09_12_RSFB_01_NPZi/2025_09_12_RSFB_01_NPZi/20250912_101434.jpg,3000,4000,ok,,grid_crop,/home/user/tabbakhab1/dev/project/outputs/dinov3_mixed_domain_adaptation/source_inspection/npzi_malchow_t1_bbch10__2025_09_12_RSFB_01_NPZi.jpg
npzi_malchow_t1_bbch10,2025_09_12_RSFB_01_NPZi,img_5da7b54393be52c46a9a,20250912_103838.jpg,2025_09_12_RSFB_01_NPZi/2025_09_12_RSFB_01_NPZi/20250912_103838.jpg,/home/nfs/data/nvme_datasets/Pictures_CFSB_leaf_damage/2025_09_12_RSFB_01_NPZi/2025_09_12_RSFB_01_NPZi/20250912_103838.jpg,3000,4000,ok,,grid_crop,/home/user/tabbakhab1/dev/project/outputs/dinov3_mixed_domain_adaptation/source_inspection/npzi_malchow_t1_bbch10__2025_09_12_RSFB_01_NPZi.jpg
npzi_malchow_t1_bbch10,2025_09_12_RSFB_01_NPZi,img_2ec21c5e696d968170c5,20250912_110249.jpg,2025_09_12_RSFB_01_NPZi/2025_09_12_RSFB_01_NPZi/20250912_110249.jpg,/home/nfs/data/nvme_datasets/Pictures_CFSB_leaf_damage/2025_09_12_RSFB_01_NPZi/2025_09_12_RSFB_01_NPZi/20250912_110249.jpg,3000,4000,ok,,grid_crop,/home/user/tabbakhab1/dev/project/outputs/dinov3_mixed_domain_adaptation/source_inspection/npzi_malchow_t1_bbch10__2025_09_12_RSFB_01_NPZi.jpg
npzi_malchow_t1_bbch10,2025_09_12_RSFB_01_NPZi,img_2c36bd2316b4e189fef4,20250912_112752.jpg,2025_09_12_RSFB_01_NPZi/2025_09_12_RSFB_01_NPZi/20250912_112752.jpg,/home/nfs/data/nvme_datasets/Pictures_CFSB_leaf_damage/2025_09_12_RSFB_01_NPZi/2025_09_12_RSFB_01_NPZi/20250912_112752.jpg,3000,4000,ok,,grid_crop,/home/user/tabbakhab1/dev/project/outputs/dinov3_mixed_domain_adaptation/source_inspection/npzi_malchow_t1_bbch10__2025_09_12_RSFB_01_NPZi.jpg
npzi_malchow_t1_bbch10,2025_09_12_RSFB_01_NPZi,img_28698cf831b50e7d10a9,20250912_124848.jpg,2025_09_12_RSFB_01_NPZi/2025_09_12_RSFB_01_NPZi/20250912_124848.jpg,/home/nfs/data/nvme_datasets/Pictures_CFSB_leaf_damage/2025_09_12_RSFB_01_NPZi/2025_09_12_RSFB_01_NPZi/20250912_124848.jpg,3000,4000,ok,,grid_crop,/home/user/tabbakhab1/dev/project/outputs/dinov3_mixed_domain_adaptation/source_inspection/npzi_malchow_t1_bbch10__2025_09_12_RSFB_01_NPZi.jpg
npzi_malchow_t1_bbch10,2025_09_12_RSFB_01_NPZi,img_9b80a955dd8f932d5a8c,20250912_131315.jpg,2025_09_12_RSFB_01_NPZi/2025_09_12_RSFB_01_NPZi/20250912_131315.jpg,/home/nfs/data/nvme_datasets/Pictures_CFSB_leaf_damage/2025_09_12_RSFB_01_NPZi/2025_09_12_RSFB_01_NPZi/20250912_131315.jpg,3000,4000,ok,,grid_crop,/home/user/tabbakhab1/dev/project/outputs/dinov3_mixed_domain_adaptation/source_inspection/npzi_malchow_t1_bbch10__2025_09_12_RSFB_01_NPZi.jpg
npzi_malchow_t1_bbch10,2025_09_12_RSFB_01_NPZi,img_96125ddc483d17ae5989,20250912_133541.jpg,2025_09_12_RSFB_01_NPZi/2025_09_12_RSFB_01_NPZi/20250912_133541.jpg,/home/nfs/data/nvme_datasets/Pictures_CFSB_leaf_damage/2025_09_12_RSFB_01_NPZi/2025_09_12_RSFB_01_NPZi/20250912_133541.jpg,3000,4000,ok,,grid_crop,/home/user/tabbakhab1/dev/project/outputs/dinov3_mixed_domain_adaptation/source_inspection/npzi_malchow_t1_bbch10__2025_09_12_RSFB_01_NPZi.jpg
npzi_malchow_t1_bbch10,2025_09_12_RSFB_01_NPZi,img_46df36632b2f7c9b8b1a,20250912_135953.jpg,2025_09_12_RSFB_01_NPZi/2025_09_12_RSFB_01_NPZi/20250912_135953.jpg,/home/nfs/data/nvme_datasets/Pictures_CFSB_leaf_damage/2025_09_12_RSFB_01_NPZi/2025_09_12_RSFB_01_NPZi/20250912_135953.jpg,3000,4000,ok,,grid_crop,/home/user/tabbakhab1/dev/project/outputs/dinov3_mixed_domain_adaptation/source_inspection/npzi_malchow_t1_bbch10__2025_09_12_RSFB_01_NPZi.jpg
npzi_malchow_t2_bbch13,2025_09_19_RSFB_02_NPZi,img_91ed58fca950780ec0f3,20250919_082915.jpg,2025_09_19_RSFB_02_NPZi/2025_09_19_RSFB_02_NPZi/20250919_082915.jpg,/home/nfs/data/nvme_datasets/Pictures_CFSB_leaf_damage/2025_09_19_RSFB_02_NPZi/2025_09_19_RSFB_02_NPZi/20250919_082915.jpg,3000,4000,ok,,grid_crop,/home/user/tabbakhab1/dev/project/outputs/dinov3_mixed_domain_adaptation/source_inspection/npzi_malchow_t2_bbch13__2025_09_19_RSFB_02_NPZi.jpg
npzi_malchow_t2_bbch13,2025_09_19_RSFB_02_NPZi,img_0b738d8371d628e3b253,20250919_085347.jpg,2025_09_19_RSFB_02_NPZi/2025_09_19_RSFB_02_NPZi/20250919_085347.jpg,/home/nfs/data/nvme_datasets/Pictures_CFSB_leaf_damage/2025_09_19_RSFB_02_NPZi/2025_09_19_RSFB_02_NPZi/20250919_085347.jpg,3000,4000,ok,,grid_crop,/home/user/tabbakhab1/dev/project/outputs/dinov3_mixed_domain_adaptation/source_inspection/npzi_malchow_t2_bbch13__2025_09_19_RSFB_02_NPZi.jpg
npzi_malchow_t2_bbch13,2025_09_19_RSFB_02_NPZi,img_64bd6c45e39e04941d9f,20250919_091657.jpg,2025_09_19_RSFB_02_NPZi/2025_09_19_RSFB_02_NPZi/20250919_091657.jpg,/home/nfs/data/nvme_datasets/Pictures_CFSB_leaf_damage/2025_09_19_RSFB_02_NPZi/2025_09_19_RSFB_02_NPZi/20250919_091657.jpg,3000,4000,ok,,grid_crop,/home/user/tabbakhab1/dev/project/outputs/dinov3_mixed_domain_adaptation/source_inspection/npzi_malchow_t2_bbch13__2025_09_19_RSFB_02_NPZi.jpg
npzi_malchow_t2_bbch13,2025_09_19_RSFB_02_NPZi,img_a155f7bf3b2447007f3e,20250919_094157.jpg,2025_09_19_RSFB_02_NPZi/2025_09_19_RSFB_02_NPZi/20250919_094157.jpg,/home/nfs/data/nvme_datasets/Pictures_CFSB_leaf_damage/2025_09_19_RSFB_02_NPZi/2025_09_19_RSFB_02_NPZi/20250919_094157.jpg,3000,4000,ok,,grid_crop,/home/user/tabbakhab1/dev/project/outputs/dinov3_mixed_domain_adaptation/source_inspection/npzi_malchow_t2_bbch13__2025_09_19_RSFB_02_NPZi.jpg
npzi_malchow_t2_bbch13,2025_09_19_RSFB_02_NPZi,img_0606e9b40e6078cf5831,20250919_102817.jpg,2025_09_19_RSFB_02_NPZi/2025_09_19_RSFB_02_NPZi/20250919_102817.jpg,/home/nfs/data/nvme_datasets/Pictures_CFSB_leaf_damage/2025_09_19_RSFB_02_NPZi/2025_09_19_RSFB_02_NPZi/20250919_102817.jpg,3000,4000,ok,,grid_crop,/home/user/tabbakhab1/dev/project/outputs/dinov3_mixed_domain_adaptation/source_inspection/npzi_malchow_t2_bbch13__2025_09_19_RSFB_02_NPZi.jpg
npzi_malchow_t2_bbch13,2025_09_19_RSFB_02_NPZi,img_2f432d2970426273f174,20250919_105224.jpg,2025_09_19_RSFB_02_NPZi/2025_09_19_RSFB_02_NPZi/20250919_105224.jpg,/home/nfs/data/nvme_datasets/Pictures_CFSB_leaf_damage/2025_09_19_RSFB_02_NPZi/2025_09_19_RSFB_02_NPZi/20250919_105224.jpg,3000,4000,ok,,grid_crop,/home/user/tabbakhab1/dev/project/outputs/dinov3_mixed_domain_adaptation/source_inspection/npzi_malchow_t2_bbch13__2025_09_19_RSFB_02_NPZi.jpg
npzi_malchow_t2_bbch13,2025_09_19_RSFB_02_NPZi,img_740c96dac64c7edf0d6f,20250919_111730.jpg,2025_09_19_RSFB_02_NPZi/2025_09_19_RSFB_02_NPZi/20250919_111730.jpg,/home/nfs/data/nvme_datasets/Pictures_CFSB_leaf_damage/2025_09_19_RSFB_02_NPZi/2025_09_19_RSFB_02_NPZi/20250919_111730.jpg,3000,4000,ok,,grid_crop,/home/user/tabbakhab1/dev/project/outputs/dinov3_mixed_domain_adaptation/source_inspection/npzi_malchow_t2_bbch13__2025_09_19_RSFB_02_NPZi.jpg
npzi_malchow_t2_bbch13,2025_09_19_RSFB_02_NPZi,img_2c2ecda5586dbff22693,20250919_114225.jpg,2025_09_19_RSFB_02_NPZi/2025_09_19_RSFB_02_NPZi/20250919_114225.jpg,/home/nfs/data/nvme_datasets/Pictures_CFSB_leaf_damage/2025_09_19_RSFB_02_NPZi/2025_09_19_RSFB_02_NPZi/20250919_114225.jpg,3000,4000,ok,,grid_crop,/home/user/tabbakhab1/dev/project/outputs/dinov3_mixed_domain_adaptation/source_inspection/npzi_malchow_t2_bbch13__2025_09_19_RSFB_02_NPZi.jpg
npzi_malchow_t2_bbch13,2025_09_19_RSFB_02_NPZi,img_1ea38ba3a4893ee02a17,20250919_131727.jpg,2025_09_19_RSFB_02_NPZi/2025_09_19_RSFB_02_NPZi/20250919_131727.jpg,/home/nfs/data/nvme_datasets/Pictures_CFSB_leaf_damage/2025_09_19_RSFB_02_NPZi/2025_09_19_RSFB_02_NPZi/20250919_131727.jpg,3000,4000,ok,,grid_crop,/home/user/tabbakhab1/dev/project/outputs/dinov3_mixed_domain_adaptation/source_inspection/npzi_malchow_t2_bbch13__2025_09_19_RSFB_02_NPZi.jpg
npzi_malchow_t2_bbch13,2025_09_19_RSFB_02_NPZi,img_0903b56984087f386dab,20250919_134434.jpg,2025_09_19_RSFB_02_NPZi/2025_09_19_RSFB_02_NPZi/20250919_134434.jpg,/home/nfs/data/nvme_datasets/Pictures_CFSB_leaf_damage/2025_09_19_RSFB_02_NPZi/2025_09_19_RSFB_02_NPZi/20250919_134434.jpg,3000,4000,ok,,grid_crop,/home/user/tabbakhab1/dev/project/outputs/dinov3_mixed_domain_adaptation/source_inspection/npzi_malchow_t2_bbch13__2025_09_19_RSFB_02_NPZi.jpg
npzi_malchow_t2_bbch13,2025_09_19_RSFB_02_NPZi,img_4aa67fb06d975099571a,20250919_141254.jpg,2025_09_19_RSFB_02_NPZi/2025_09_19_RSFB_02_NPZi/20250919_141254.jpg,/home/nfs/data/nvme_datasets/Pictures_CFSB_leaf_damage/2025_09_19_RSFB_02_NPZi/2025_09_19_RSFB_02_NPZi/20250919_141254.jpg,3000,4000,ok,,grid_crop,/home/user/tabbakhab1/dev/project/outputs/dinov3_mixed_domain_adaptation/source_inspection/npzi_malchow_t2_bbch13__2025_09_19_RSFB_02_NPZi.jpg
npzi_malchow_t2_bbch13,2025_09_19_RSFB_02_NPZi,img_588c7e74f7d83a7d49b3,20250919_144458.jpg,2025_09_19_RSFB_02_NPZi/2025_09_19_RSFB_02_NPZi/20250919_144458.jpg,/home/nfs/data/nvme_datasets/Pictures_CFSB_leaf_damage/2025_09_19_RSFB_02_NPZi/2025_09_19_RSFB_02_NPZi/20250919_144458.jpg,3000,4000,ok,,grid_crop,/home/user/tabbakhab1/dev/project/outputs/dinov3_mixed_domain_adaptation/source_inspection/npzi_malchow_t2_bbch13__2025_09_19_RSFB_02_NPZi.jpg
rhh_insects_bbch13,2025_09_29_RSFB-Phenotyping_RHH1_JLU,img_84c971d35cf7fbb19615,20250929_114321.jpg,2025_09_29_RSFB-Phenotyping_RHH1_JLU/2025_09_29_RSFB-Phenotyping_RHH1_JLU/20250929_114321.jpg,/home/nfs/data/nvme_datasets/Pictures_CFSB_leaf_damage/2025_09_29_RSFB-Phenotyping_RHH1_JLU/2025_09_29_RSFB-Phenotyping_RHH1_JLU/20250929_114321.jpg,3000,4000,ok,,grid_crop,/home/user/tabbakhab1/dev/project/outputs/dinov3_mixed_domain_adaptation/source_inspection/rhh_insects_bbch13__2025_09_29_RSFB-Phenotyping_RHH1_JLU.jpg
rhh_insects_bbch13,2025_09_29_RSFB-Phenotyping_RHH1_JLU,img_21cb5e8f7c8777ba205c,20250929_120013.jpg,2025_09_29_RSFB-Phenotyping_RHH1_JLU/2025_09_29_RSFB-Phenotyping_RHH1_JLU/20250929_120013.jpg,/home/nfs/data/nvme_datasets/Pictures_CFSB_leaf_damage/2025_09_29_RSFB-Phenotyping_RHH1_JLU/2025_09_29_RSFB-Phenotyping_RHH1_JLU/20250929_120013.jpg,4000,3000,ok,,grid_crop,/home/user/tabbakhab1/dev/project/outputs/dinov3_mixed_domain_adaptation/source_inspection/rhh_insects_bbch13__2025_09_29_RSFB-Phenotyping_RHH1_JLU.jpg
rhh_insects_bbch13,2025_09_29_RSFB-Phenotyping_RHH1_JLU,img_d57f1bc136359f36a873,20250929_121248.jpg,2025_09_29_RSFB-Phenotyping_RHH1_JLU/2025_09_29_RSFB-Phenotyping_RHH1_JLU/20250929_121248.jpg,/home/nfs/data/nvme_datasets/Pictures_CFSB_leaf_damage/2025_09_29_RSFB-Phenotyping_RHH1_JLU/2025_09_29_RSFB-Phenotyping_RHH1_JLU/20250929_121248.jpg,3000,4000,recovered_truncated,Recovered with Pillow truncated-image mode: image file is truncated (30 bytes not processed),grid_crop,/home/user/tabbakhab1/dev/project/outputs/dinov3_mixed_domain_adaptation/source_inspection/rhh_insects_bbch13__2025_09_29_RSFB-Phenotyping_RHH1_JLU.jpg
rhh_insects_bbch13,2025_09_29_RSFB-Phenotyping_RHH1_JLU,img_694e107f485eb286a729,20250929_122500.jpg,2025_09_29_RSFB-Phenotyping_RHH1_JLU/2025_09_29_RSFB-Phenotyping_RHH1_JLU/20250929_122500.jpg,/home/nfs/data/nvme_datasets/Pictures_CFSB_leaf_damage/2025_09_29_RSFB-Phenotyping_RHH1_JLU/2025_09_29_RSFB-Phenotyping_RHH1_JLU/20250929_122500.jpg,4000,3000,ok,,grid_crop,/home/user/tabbakhab1/dev/project/outputs/dinov3_mixed_domain_adaptation/source_inspection/rhh_insects_bbch13__2025_09_29_RSFB-Phenotyping_RHH1_JLU.jpg
rhh_insects_bbch13,2025_09_29_RSFB-Phenotyping_RHH1_JLU,img_4344f865749f70e00225,20250929_124155.jpg,2025_09_29_RSFB-Phenotyping_RHH1_JLU/2025_09_29_RSFB-Phenotyping_RHH1_JLU/20250929_124155.jpg,/home/nfs/data/nvme_datasets/Pictures_CFSB_leaf_damage/2025_09_29_RSFB-Phenotyping_RHH1_JLU/2025_09_29_RSFB-Phenotyping_RHH1_JLU/20250929_124155.jpg,4000,3000,ok,,grid_crop,/home/user/tabbakhab1/dev/project/outputs/dinov3_mixed_domain_adaptation/source_inspection/rhh_insects_bbch13__2025_09_29_RSFB-Phenotyping_RHH1_JLU.jpg
rhh_insects_bbch13,2025_09_29_RSFB-Phenotyping_RHH1_JLU,img_2bb2f8cd0cfb473d7323,20250929_125644.jpg,2025_09_29_RSFB-Phenotyping_RHH1_JLU/2025_09_29_RSFB-Phenotyping_RHH1_JLU/20250929_125644.jpg,/home/nfs/data/nvme_datasets/Pictures_CFSB_leaf_damage/2025_09_29_RSFB-Phenotyping_RHH1_JLU/2025_09_29_RSFB-Phenotyping_RHH1_JLU/20250929_125644.jpg,4000,3000,ok,,grid_crop,/home/user/tabbakhab1/dev/project/outputs/dinov3_mixed_domain_adaptation/source_inspection/rhh_insects_bbch13__2025_09_29_RSFB-Phenotyping_RHH1_JLU.jpg
rhh_insects_bbch13,2025_09_29_RSFB-Phenotyping_RHH1_JLU,img_7ef2545cd68586158787,20250929_131027.jpg,2025_09_29_RSFB-Phenotyping_RHH1_JLU/2025_09_29_RSFB-Phenotyping_RHH1_JLU/20250929_131027.jpg,/home/nfs/data/nvme_datasets/Pictures_CFSB_leaf_damage/2025_09_29_RSFB-Phenotyping_RHH1_JLU/2025_09_29_RSFB-Phenotyping_RHH1_JLU/20250929_131027.jpg,4000,3000,ok,,grid_crop,/home/user/tabbakhab1/dev/project/outputs/dinov3_mixed_domain_adaptation/source_inspection/rhh_insects_bbch13__2025_09_29_RSFB-Phenotyping_RHH1_JLU.jpg
rhh_insects_bbch13,2025_09_29_RSFB-Phenotyping_RHH1_JLU,img_41957a40b02401a35da2,20250929_132320.jpg,2025_09_29_RSFB-Phenotyping_RHH1_JLU/2025_09_29_RSFB-Phenotyping_RHH1_JLU/20250929_132320.jpg,/home/nfs/data/nvme_datasets/Pictures_CFSB_leaf_damage/2025_09_29_RSFB-Phenotyping_RHH1_JLU/2025_09_29_RSFB-Phenotyping_RHH1_JLU/20250929_132320.jpg,4000,3000,recovered_truncated,Recovered with Pillow truncated-image mode: image file is truncated (146 bytes not processed),grid_crop,/home/user/tabbakhab1/dev/project/outputs/dinov3_mixed_domain_adaptation/source_inspection/rhh_insects_bbch13__2025_09_29_RSFB-Phenotyping_RHH1_JLU.jpg
rhh_insects_bbch13,2025_09_29_RSFB-Phenotyping_RHH1_JLU,img_146d78bfc55e9005c58c,20250929_135256.jpg,2025_09_29_RSFB-Phenotyping_RHH1_JLU/2025_09_29_RSFB-Phenotyping_RHH1_JLU/20250929_135256.jpg,/home/nfs/data/nvme_datasets/Pictures_CFSB_leaf_damage/2025_09_29_RSFB-Phenotyping_RHH1_JLU/2025_09_29_RSFB-Phenotyping_RHH1_JLU/20250929_135256.jpg,4000,3000,recovered_truncated,Recovered with Pillow truncated-image mode: image file is truncated (53 bytes not processed),grid_crop,/home/user/tabbakhab1/dev/project/outputs/dinov3_mixed_domain_adaptation/source_inspection/rhh_insects_bbch13__2025_09_29_RSFB-Phenotyping_RHH1_JLU.jpg
rhh_insects_bbch13,2025_09_29_RSFB-Phenotyping_RHH1_JLU,img_d98cdfa00b57214e6493,20250929_140639.jpg,2025_09_29_RSFB-Phenotyping_RHH1_JLU/2025_09_29_RSFB-Phenotyping_RHH1_JLU/20250929_140639.jpg,/home/nfs/data/nvme_datasets/Pictures_CFSB_leaf_damage/2025_09_29_RSFB-Phenotyping_RHH1_JLU/2025_09_29_RSFB-Phenotyping_RHH1_JLU/20250929_140639.jpg,4000,3000,ok,,grid_crop,/home/user/tabbakhab1/dev/project/outputs/dinov3_mixed_domain_adaptation/source_inspection/rhh_insects_bbch13__2025_09_29_RSFB-Phenotyping_RHH1_JLU.jpg
rhh_insects_bbch13,2025_09_29_RSFB-Phenotyping_RHH1_JLU,img_38dcad20ff420de7f320,20250929_141927.jpg,2025_09_29_RSFB-Phenotyping_RHH1_JLU/2025_09_29_RSFB-Phenotyping_RHH1_JLU/20250929_141927.jpg,/home/nfs/data/nvme_datasets/Pictures_CFSB_leaf_damage/2025_09_29_RSFB-Phenotyping_RHH1_JLU/2025_09_29_RSFB-Phenotyping_RHH1_JLU/20250929_141927.jpg,4000,3000,ok,,grid_crop,/home/user/tabbakhab1/dev/project/outputs/dinov3_mixed_domain_adaptation/source_inspection/rhh_insects_bbch13__2025_09_29_RSFB-Phenotyping_RHH1_JLU.jpg
rhh_insects_bbch13,2025_09_29_RSFB-Phenotyping_RHH1_JLU,img_616762564a9e6eb7a431,20250929_144427.jpg,2025_09_29_RSFB-Phenotyping_RHH1_JLU/2025_09_29_RSFB-Phenotyping_RHH1_JLU/20250929_144427.jpg,/home/nfs/data/nvme_datasets/Pictures_CFSB_leaf_damage/2025_09_29_RSFB-Phenotyping_RHH1_JLU/2025_09_29_RSFB-Phenotyping_RHH1_JLU/20250929_144427.jpg,3000,4000,ok,,grid_crop,/home/user/tabbakhab1/dev/project/outputs/dinov3_mixed_domain_adaptation/source_inspection/rhh_insects_bbch13__2025_09_29_RSFB-Phenotyping_RHH1_JLU.jpg
wg_insects_t1_bbch10,2025_10_07_RSFB-Phenotyping_WG1_JLU,img_af69597529e48c3d0605,20251007_122629.jpg,2025_10_07_RSFB-Phenotyping_WG1_JLU/2025_10_07_RSFB-Phenotyping_WG1_JLU/20251007_122629.jpg,/home/nfs/data/nvme_datasets/Pictures_CFSB_leaf_damage/2025_10_07_RSFB-Phenotyping_WG1_JLU/2025_10_07_RSFB-Phenotyping_WG1_JLU/20251007_122629.jpg,3000,4000,ok,,grid_crop,/home/user/tabbakhab1/dev/project/outputs/dinov3_mixed_domain_adaptation/source_inspection/wg_insects_t1_bbch10__2025_10_07_RSFB-Phenotyping_WG1_JLU.jpg
wg_insects_t1_bbch10,2025_10_07_RSFB-Phenotyping_WG1_JLU,img_ce6fbe86e047422e1a37,20251007_124910.jpg,2025_10_07_RSFB-Phenotyping_WG1_JLU/2025_10_07_RSFB-Phenotyping_WG1_JLU/20251007_124910.jpg,/home/nfs/data/nvme_datasets/Pictures_CFSB_leaf_damage/2025_10_07_RSFB-Phenotyping_WG1_JLU/2025_10_07_RSFB-Phenotyping_WG1_JLU/20251007_124910.jpg,3000,4000,ok,,grid_crop,/home/user/tabbakhab1/dev/project/outputs/dinov3_mixed_domain_adaptation/source_inspection/wg_insects_t1_bbch10__2025_10_07_RSFB-Phenotyping_WG1_JLU.jpg
wg_insects_t1_bbch10,2025_10_07_RSFB-Phenotyping_WG1_JLU,img_fb5c198ed1efdf819850,20251007_130612.jpg,2025_10_07_RSFB-Phenotyping_WG1_JLU/2025_10_07_RSFB-Phenotyping_WG1_JLU/20251007_130612.jpg,/home/nfs/data/nvme_datasets/Pictures_CFSB_leaf_damage/2025_10_07_RSFB-Phenotyping_WG1_JLU/2025_10_07_RSFB-Phenotyping_WG1_JLU/20251007_130612.jpg,4000,3000,ok,,grid_crop,/home/user/tabbakhab1/dev/project/outputs/dinov3_mixed_domain_adaptation/source_inspection/wg_insects_t1_bbch10__2025_10_07_RSFB-Phenotyping_WG1_JLU.jpg
wg_insects_t1_bbch10,2025_10_07_RSFB-Phenotyping_WG1_JLU,img_0dd546af1cc10ec070cb,20251007_132222.jpg,2025_10_07_RSFB-Phenotyping_WG1_JLU/2025_10_07_RSFB-Phenotyping_WG1_JLU/20251007_132222.jpg,/home/nfs/data/nvme_datasets/Pictures_CFSB_leaf_damage/2025_10_07_RSFB-Phenotyping_WG1_JLU/2025_10_07_RSFB-Phenotyping_WG1_JLU/20251007_132222.jpg,4000,3000,ok,,grid_crop,/home/user/tabbakhab1/dev/project/outputs/dinov3_mixed_domain_adaptation/source_inspection/wg_insects_t1_bbch10__2025_10_07_RSFB-Phenotyping_WG1_JLU.jpg
wg_insects_t1_bbch10,2025_10_07_RSFB-Phenotyping_WG1_JLU,img_f5ad3ed4c143a2826c68,20251007_133946.jpg,2025_10_07_RSFB-Phenotyping_WG1_JLU/2025_10_07_RSFB-Phenotyping_WG1_JLU/20251007_133946.jpg,/home/nfs/data/nvme_datasets/Pictures_CFSB_leaf_damage/2025_10_07_RSFB-Phenotyping_WG1_JLU/2025_10_07_RSFB-Phenotyping_WG1_JLU/20251007_133946.jpg,3000,4000,ok,,grid_crop,/home/user/tabbakhab1/dev/project/outputs/dinov3_mixed_domain_adaptation/source_inspection/wg_insects_t1_bbch10__2025_10_07_RSFB-Phenotyping_WG1_JLU.jpg
wg_insects_t1_bbch10,2025_10_07_RSFB-Phenotyping_WG1_JLU,img_5531bf80f23ddc02f2b0,20251007_135535.jpg,2025_10_07_RSFB-Phenotyping_WG1_JLU/2025_10_07_RSFB-Phenotyping_WG1_JLU/20251007_135535.jpg,/home/nfs/data/nvme_datasets/Pictures_CFSB_leaf_damage/2025_10_07_RSFB-Phenotyping_WG1_JLU/2025_10_07_RSFB-Phenotyping_WG1_JLU/20251007_135535.jpg,4000,3000,ok,,grid_crop,/home/user/tabbakhab1/dev/project/outputs/dinov3_mixed_domain_adaptation/source_inspection/wg_insects_t1_bbch10__2025_10_07_RSFB-Phenotyping_WG1_JLU.jpg
wg_insects_t1_bbch10,2025_10_07_RSFB-Phenotyping_WG1_JLU,img_d5a3460353fa469f09cd,20251007_140818.jpg,2025_10_07_RSFB-Phenotyping_WG1_JLU/2025_10_07_RSFB-Phenotyping_WG1_JLU/20251007_140818.jpg,/home/nfs/data/nvme_datasets/Pictures_CFSB_leaf_damage/2025_10_07_RSFB-Phenotyping_WG1_JLU/2025_10_07_RSFB-Phenotyping_WG1_JLU/20251007_140818.jpg,4000,3000,ok,,grid_crop,/home/user/tabbakhab1/dev/project/outputs/dinov3_mixed_domain_adaptation/source_inspection/wg_insects_t1_bbch10__2025_10_07_RSFB-Phenotyping_WG1_JLU.jpg
wg_insects_t1_bbch10,2025_10_07_RSFB-Phenotyping_WG1_JLU,img_008154cc5e5f57fde847,20251007_142117.jpg,2025_10_07_RSFB-Phenotyping_WG1_JLU/2025_10_07_RSFB-Phenotyping_WG1_JLU/20251007_142117.jpg,/home/nfs/data/nvme_datasets/Pictures_CFSB_leaf_damage/2025_10_07_RSFB-Phenotyping_WG1_JLU/2025_10_07_RSFB-Phenotyping_WG1_JLU/20251007_142117.jpg,4000,3000,ok,,grid_crop,/home/user/tabbakhab1/dev/project/outputs/dinov3_mixed_domain_adaptation/source_inspection/wg_insects_t1_bbch10__2025_10_07_RSFB-Phenotyping_WG1_JLU.jpg
wg_insects_t1_bbch10,2025_10_07_RSFB-Phenotyping_WG1_JLU,img_76fc4d176643726e5e92,20251007_143450.jpg,2025_10_07_RSFB-Phenotyping_WG1_JLU/2025_10_07_RSFB-Phenotyping_WG1_JLU/20251007_143450.jpg,/home/nfs/data/nvme_datasets/Pictures_CFSB_leaf_damage/2025_10_07_RSFB-Phenotyping_WG1_JLU/2025_10_07_RSFB-Phenotyping_WG1_JLU/20251007_143450.jpg,4000,3000,ok,,grid_crop,/home/user/tabbakhab1/dev/project/outputs/dinov3_mixed_domain_adaptation/source_inspection/wg_insects_t1_bbch10__2025_10_07_RSFB-Phenotyping_WG1_JLU.jpg
wg_insects_t1_bbch10,2025_10_07_RSFB-Phenotyping_WG1_JLU,img_4696148d59cbde152f6a,20251007_153303.jpg,2025_10_07_RSFB-Phenotyping_WG1_JLU/2025_10_07_RSFB-Phenotyping_WG1_JLU/20251007_153303.jpg,/home/nfs/data/nvme_datasets/Pictures_CFSB_leaf_damage/2025_10_07_RSFB-Phenotyping_WG1_JLU/2025_10_07_RSFB-Phenotyping_WG1_JLU/20251007_153303.jpg,4000,3000,ok,,grid_crop,/home/user/tabbakhab1/dev/project/outputs/dinov3_mixed_domain_adaptation/source_inspection/wg_insects_t1_bbch10__2025_10_07_RSFB-Phenotyping_WG1_JLU.jpg
wg_insects_t1_bbch10,2025_10_07_RSFB-Phenotyping_WG1_JLU,img_2698e6420e371cdb3d23,20251007_154709.jpg,2025_10_07_RSFB-Phenotyping_WG1_JLU/2025_10_07_RSFB-Phenotyping_WG1_JLU/20251007_154709.jpg,/home/nfs/data/nvme_datasets/Pictures_CFSB_leaf_damage/2025_10_07_RSFB-Phenotyping_WG1_JLU/2025_10_07_RSFB-Phenotyping_WG1_JLU/20251007_154709.jpg,4000,3000,ok,,grid_crop,/home/user/tabbakhab1/dev/project/outputs/dinov3_mixed_domain_adaptation/source_inspection/wg_insects_t1_bbch10__2025_10_07_RSFB-Phenotyping_WG1_JLU.jpg
wg_insects_t1_bbch10,2025_10_07_RSFB-Phenotyping_WG1_JLU,img_b755e39d5e6a0f418db1,20251007_160007.jpg,2025_10_07_RSFB-Phenotyping_WG1_JLU/2025_10_07_RSFB-Phenotyping_WG1_JLU/20251007_160007.jpg,/home/nfs/data/nvme_datasets/Pictures_CFSB_leaf_damage/2025_10_07_RSFB-Phenotyping_WG1_JLU/2025_10_07_RSFB-Phenotyping_WG1_JLU/20251007_160007.jpg,4000,3000,ok,,grid_crop,/home/user/tabbakhab1/dev/project/outputs/dinov3_mixed_domain_adaptation/source_inspection/wg_insects_t1_bbch10__2025_10_07_RSFB-Phenotyping_WG1_JLU.jpg
wg_insects_t2_first_bbch15,2025_10_20_RSFB-Phenotyping_WG2_FirstHalf_JLU,img_830f217b762d18856451,20251020_112734.jpg,2025_10_20_RSFB-Phenotyping_WG2_FirstHalf_JLU/2025_10_20_RSFB-Phenotyping_WG2_FirstHalf_JLU/20251020_112734.jpg,/home/nfs/data/nvme_datasets/Pictures_CFSB_leaf_damage/2025_10_20_RSFB-Phenotyping_WG2_FirstHalf_JLU/2025_10_20_RSFB-Phenotyping_WG2_FirstHalf_JLU/20251020_112734.jpg,4000,3000,ok,,grid_crop,/home/user/tabbakhab1/dev/project/outputs/dinov3_mixed_domain_adaptation/source_inspection/wg_insects_t2_first_bbch15__2025_10_20_RSFB-Phenotyping_WG2_FirstHalf_JLU.jpg
wg_insects_t2_first_bbch15,2025_10_20_RSFB-Phenotyping_WG2_FirstHalf_JLU,img_9ed84e0a462e39b50893,20251020_113541.jpg,2025_10_20_RSFB-Phenotyping_WG2_FirstHalf_JLU/2025_10_20_RSFB-Phenotyping_WG2_FirstHalf_JLU/20251020_113541.jpg,/home/nfs/data/nvme_datasets/Pictures_CFSB_leaf_damage/2025_10_20_RSFB-Phenotyping_WG2_FirstHalf_JLU/2025_10_20_RSFB-Phenotyping_WG2_FirstHalf_JLU/20251020_113541.jpg,4000,3000,ok,,grid_crop,/home/user/tabbakhab1/dev/project/outputs/dinov3_mixed_domain_adaptation/source_inspection/wg_insects_t2_first_bbch15__2025_10_20_RSFB-Phenotyping_WG2_FirstHalf_JLU.jpg
wg_insects_t2_first_bbch15,2025_10_20_RSFB-Phenotyping_WG2_FirstHalf_JLU,img_466b69bd6c1673074bb3,20251020_114141.jpg,2025_10_20_RSFB-Phenotyping_WG2_FirstHalf_JLU/2025_10_20_RSFB-Phenotyping_WG2_FirstHalf_JLU/20251020_114141.jpg,/home/nfs/data/nvme_datasets/Pictures_CFSB_leaf_damage/2025_10_20_RSFB-Phenotyping_WG2_FirstHalf_JLU/2025_10_20_RSFB-Phenotyping_WG2_FirstHalf_JLU/20251020_114141.jpg,4000,3000,ok,,grid_crop,/home/user/tabbakhab1/dev/project/outputs/dinov3_mixed_domain_adaptation/source_inspection/wg_insects_t2_first_bbch15__2025_10_20_RSFB-Phenotyping_WG2_FirstHalf_JLU.jpg
wg_insects_t2_first_bbch15,2025_10_20_RSFB-Phenotyping_WG2_FirstHalf_JLU,img_cede6411008d02f0a637,20251020_114735.jpg,2025_10_20_RSFB-Phenotyping_WG2_FirstHalf_JLU/2025_10_20_RSFB-Phenotyping_WG2_FirstHalf_JLU/20251020_114735.jpg,/home/nfs/data/nvme_datasets/Pictures_CFSB_leaf_damage/2025_10_20_RSFB-Phenotyping_WG2_FirstHalf_JLU/2025_10_20_RSFB-Phenotyping_WG2_FirstHalf_JLU/20251020_114735.jpg,4000,3000,ok,,grid_crop,/home/user/tabbakhab1/dev/project/outputs/dinov3_mixed_domain_adaptation/source_inspection/wg_insects_t2_first_bbch15__2025_10_20_RSFB-Phenotyping_WG2_FirstHalf_JLU.jpg
wg_insects_t2_first_bbch15,2025_10_20_RSFB-Phenotyping_WG2_FirstHalf_JLU,img_04d37d6eda020a99391f,20251020_115337.jpg,2025_10_20_RSFB-Phenotyping_WG2_FirstHalf_JLU/2025_10_20_RSFB-Phenotyping_WG2_FirstHalf_JLU/20251020_115337.jpg,/home/nfs/data/nvme_datasets/Pictures_CFSB_leaf_damage/2025_10_20_RSFB-Phenotyping_WG2_FirstHalf_JLU/2025_10_20_RSFB-Phenotyping_WG2_FirstHalf_JLU/20251020_115337.jpg,4000,3000,ok,,grid_crop,/home/user/tabbakhab1/dev/project/outputs/dinov3_mixed_domain_adaptation/source_inspection/wg_insects_t2_first_bbch15__2025_10_20_RSFB-Phenotyping_WG2_FirstHalf_JLU.jpg
wg_insects_t2_first_bbch15,2025_10_20_RSFB-Phenotyping_WG2_FirstHalf_JLU,img_73f5272f7f3dde71842b,20251020_115939.jpg,2025_10_20_RSFB-Phenotyping_WG2_FirstHalf_JLU/2025_10_20_RSFB-Phenotyping_WG2_FirstHalf_JLU/20251020_115939.jpg,/home/nfs/data/nvme_datasets/Pictures_CFSB_leaf_damage/2025_10_20_RSFB-Phenotyping_WG2_FirstHalf_JLU/2025_10_20_RSFB-Phenotyping_WG2_FirstHalf_JLU/20251020_115939.jpg,4000,3000,ok,,grid_crop,/home/user/tabbakhab1/dev/project/outputs/dinov3_mixed_domain_adaptation/source_inspection/wg_insects_t2_first_bbch15__2025_10_20_RSFB-Phenotyping_WG2_FirstHalf_JLU.jpg
wg_insects_t2_first_bbch15,2025_10_20_RSFB-Phenotyping_WG2_FirstHalf_JLU,img_3f54e5b6fceb2da76b0e,20251020_120609.jpg,2025_10_20_RSFB-Phenotyping_WG2_FirstHalf_JLU/2025_10_20_RSFB-Phenotyping_WG2_FirstHalf_JLU/20251020_120609.jpg,/home/nfs/data/nvme_datasets/Pictures_CFSB_leaf_damage/2025_10_20_RSFB-Phenotyping_WG2_FirstHalf_JLU/2025_10_20_RSFB-Phenotyping_WG2_FirstHalf_JLU/20251020_120609.jpg,4000,3000,ok,,grid_crop,/home/user/tabbakhab1/dev/project/outputs/dinov3_mixed_domain_adaptation/source_inspection/wg_insects_t2_first_bbch15__2025_10_20_RSFB-Phenotyping_WG2_FirstHalf_JLU.jpg
wg_insects_t2_first_bbch15,2025_10_20_RSFB-Phenotyping_WG2_FirstHalf_JLU,img_a5af4c086486c9568c6a,20251020_121137.jpg,2025_10_20_RSFB-Phenotyping_WG2_FirstHalf_JLU/2025_10_20_RSFB-Phenotyping_WG2_FirstHalf_JLU/20251020_121137.jpg,/home/nfs/data/nvme_datasets/Pictures_CFSB_leaf_damage/2025_10_20_RSFB-Phenotyping_WG2_FirstHalf_JLU/2025_10_20_RSFB-Phenotyping_WG2_FirstHalf_JLU/20251020_121137.jpg,4000,3000,ok,,grid_crop,/home/user/tabbakhab1/dev/project/outputs/dinov3_mixed_domain_adaptation/source_inspection/wg_insects_t2_first_bbch15__2025_10_20_RSFB-Phenotyping_WG2_FirstHalf_JLU.jpg
wg_insects_t2_first_bbch15,2025_10_20_RSFB-Phenotyping_WG2_FirstHalf_JLU,img_8acbb46f4e3c31c50a5a,20251020_121642.jpg,2025_10_20_RSFB-Phenotyping_WG2_FirstHalf_JLU/2025_10_20_RSFB-Phenotyping_WG2_FirstHalf_JLU/20251020_121642.jpg,/home/nfs/data/nvme_datasets/Pictures_CFSB_leaf_damage/2025_10_20_RSFB-Phenotyping_WG2_FirstHalf_JLU/2025_10_20_RSFB-Phenotyping_WG2_FirstHalf_JLU/20251020_121642.jpg,4000,3000,ok,,grid_crop,/home/user/tabbakhab1/dev/project/outputs/dinov3_mixed_domain_adaptation/source_inspection/wg_insects_t2_first_bbch15__2025_10_20_RSFB-Phenotyping_WG2_FirstHalf_JLU.jpg
wg_insects_t2_first_bbch15,2025_10_20_RSFB-Phenotyping_WG2_FirstHalf_JLU,img_a6ab2e98d00e349f64e0,20251020_122201.jpg,2025_10_20_RSFB-Phenotyping_WG2_FirstHalf_JLU/2025_10_20_RSFB-Phenotyping_WG2_FirstHalf_JLU/20251020_122201.jpg,/home/nfs/data/nvme_datasets/Pictures_CFSB_leaf_damage/2025_10_20_RSFB-Phenotyping_WG2_FirstHalf_JLU/2025_10_20_RSFB-Phenotyping_WG2_FirstHalf_JLU/20251020_122201.jpg,4000,3000,ok,,grid_crop,/home/user/tabbakhab1/dev/project/outputs/dinov3_mixed_domain_adaptation/source_inspection/wg_insects_t2_first_bbch15__2025_10_20_RSFB-Phenotyping_WG2_FirstHalf_JLU.jpg
wg_insects_t2_first_bbch15,2025_10_20_RSFB-Phenotyping_WG2_FirstHalf_JLU,img_13f02f33bc72dd785d67,20251020_122639.jpg,2025_10_20_RSFB-Phenotyping_WG2_FirstHalf_JLU/2025_10_20_RSFB-Phenotyping_WG2_FirstHalf_JLU/20251020_122639.jpg,/home/nfs/data/nvme_datasets/Pictures_CFSB_leaf_damage/2025_10_20_RSFB-Phenotyping_WG2_FirstHalf_JLU/2025_10_20_RSFB-Phenotyping_WG2_FirstHalf_JLU/20251020_122639.jpg,4000,3000,ok,,grid_crop,/home/user/tabbakhab1/dev/project/outputs/dinov3_mixed_domain_adaptation/source_inspection/wg_insects_t2_first_bbch15__2025_10_20_RSFB-Phenotyping_WG2_FirstHalf_JLU.jpg
wg_insects_t2_first_bbch15,2025_10_20_RSFB-Phenotyping_WG2_FirstHalf_JLU,img_3b0a517fd184ecdbc23b,20251020_123619.jpg,2025_10_20_RSFB-Phenotyping_WG2_FirstHalf_JLU/2025_10_20_RSFB-Phenotyping_WG2_FirstHalf_JLU/20251020_123619.jpg,/home/nfs/data/nvme_datasets/Pictures_CFSB_leaf_damage/2025_10_20_RSFB-Phenotyping_WG2_FirstHalf_JLU/2025_10_20_RSFB-Phenotyping_WG2_FirstHalf_JLU/20251020_123619.jpg,4000,3000,ok,,grid_crop,/home/user/tabbakhab1/dev/project/outputs/dinov3_mixed_domain_adaptation/source_inspection/wg_insects_t2_first_bbch15__2025_10_20_RSFB-Phenotyping_WG2_FirstHalf_JLU.jpg
wg_insects_t2_first_bbch15,<dataset-root>,img_3fbdc68a57330263fe7f,20251020_113029.jpg,20251020_113029.jpg,/home/nfs/data/nvme_datasets/Pictures_CFSB_leaf_damage/20251020_113029.jpg,4000,3000,ok,,grid_crop,/home/user/tabbakhab1/dev/project/outputs/dinov3_mixed_domain_adaptation/source_inspection/wg_insects_t2_first_bbch15__dataset-root.jpg
wg_insects_t2_second_bbch15,2025_10_24_RSFB-Phenotyping_WG2_SecondHalf_JLU,img_dc7b85aa96dd198d5e9c,20251024_085111.jpg,2025_10_24_RSFB-Phenotyping_WG2_SecondHalf_JLU/2025_10_24_RSFB-Phenotyping_WG2_SecondHalf_JLU/20251024_085111.jpg,/home/nfs/data/nvme_datasets/Pictures_CFSB_leaf_damage/2025_10_24_RSFB-Phenotyping_WG2_SecondHalf_JLU/2025_10_24_RSFB-Phenotyping_WG2_SecondHalf_JLU/20251024_085111.jpg,3000,4000,ok,,grid_crop,/home/user/tabbakhab1/dev/project/outputs/dinov3_mixed_domain_adaptation/source_inspection/wg_insects_t2_second_bbch15__2025_10_24_RSFB-Phenotyping_WG2_SecondHalf_JLU.jpg
wg_insects_t2_second_bbch15,2025_10_24_RSFB-Phenotyping_WG2_SecondHalf_JLU,img_bdc60c15fd5ae4a7dfeb,20251024_085853.jpg,2025_10_24_RSFB-Phenotyping_WG2_SecondHalf_JLU/2025_10_24_RSFB-Phenotyping_WG2_SecondHalf_JLU/20251024_085853.jpg,/home/nfs/data/nvme_datasets/Pictures_CFSB_leaf_damage/2025_10_24_RSFB-Phenotyping_WG2_SecondHalf_JLU/2025_10_24_RSFB-Phenotyping_WG2_SecondHalf_JLU/20251024_085853.jpg,3000,4000,ok,,grid_crop,/home/user/tabbakhab1/dev/project/outputs/dinov3_mixed_domain_adaptation/source_inspection/wg_insects_t2_second_bbch15__2025_10_24_RSFB-Phenotyping_WG2_SecondHalf_JLU.jpg
wg_insects_t2_second_bbch15,2025_10_24_RSFB-Phenotyping_WG2_SecondHalf_JLU,img_441b65541a78bef122fe,20251024_090543.jpg,2025_10_24_RSFB-Phenotyping_WG2_SecondHalf_JLU/2025_10_24_RSFB-Phenotyping_WG2_SecondHalf_JLU/20251024_090543.jpg,/home/nfs/data/nvme_datasets/Pictures_CFSB_leaf_damage/2025_10_24_RSFB-Phenotyping_WG2_SecondHalf_JLU/2025_10_24_RSFB-Phenotyping_WG2_SecondHalf_JLU/20251024_090543.jpg,4000,3000,ok,,grid_crop,/home/user/tabbakhab1/dev/project/outputs/dinov3_mixed_domain_adaptation/source_inspection/wg_insects_t2_second_bbch15__2025_10_24_RSFB-Phenotyping_WG2_SecondHalf_JLU.jpg
wg_insects_t2_second_bbch15,2025_10_24_RSFB-Phenotyping_WG2_SecondHalf_JLU,img_c0029e42941328c8de9e,20251024_091316.jpg,2025_10_24_RSFB-Phenotyping_WG2_SecondHalf_JLU/2025_10_24_RSFB-Phenotyping_WG2_SecondHalf_JLU/20251024_091316.jpg,/home/nfs/data/nvme_datasets/Pictures_CFSB_leaf_damage/2025_10_24_RSFB-Phenotyping_WG2_SecondHalf_JLU/2025_10_24_RSFB-Phenotyping_WG2_SecondHalf_JLU/20251024_091316.jpg,4000,3000,ok,,grid_crop,/home/user/tabbakhab1/dev/project/outputs/dinov3_mixed_domain_adaptation/source_inspection/wg_insects_t2_second_bbch15__2025_10_24_RSFB-Phenotyping_WG2_SecondHalf_JLU.jpg
wg_insects_t2_second_bbch15,2025_10_24_RSFB-Phenotyping_WG2_SecondHalf_JLU,img_acf03b64ca2d13ad7204,20251024_092040.jpg,2025_10_24_RSFB-Phenotyping_WG2_SecondHalf_JLU/2025_10_24_RSFB-Phenotyping_WG2_SecondHalf_JLU/20251024_092040.jpg,/home/nfs/data/nvme_datasets/Pictures_CFSB_leaf_damage/2025_10_24_RSFB-Phenotyping_WG2_SecondHalf_JLU/2025_10_24_RSFB-Phenotyping_WG2_SecondHalf_JLU/20251024_092040.jpg,4000,3000,ok,,grid_crop,/home/user/tabbakhab1/dev/project/outputs/dinov3_mixed_domain_adaptation/source_inspection/wg_insects_t2_second_bbch15__2025_10_24_RSFB-Phenotyping_WG2_SecondHalf_JLU.jpg
wg_insects_t2_second_bbch15,2025_10_24_RSFB-Phenotyping_WG2_SecondHalf_JLU,img_68893b70725a0f86526c,20251024_092803.jpg,2025_10_24_RSFB-Phenotyping_WG2_SecondHalf_JLU/2025_10_24_RSFB-Phenotyping_WG2_SecondHalf_JLU/20251024_092803.jpg,/home/nfs/data/nvme_datasets/Pictures_CFSB_leaf_damage/2025_10_24_RSFB-Phenotyping_WG2_SecondHalf_JLU/2025_10_24_RSFB-Phenotyping_WG2_SecondHalf_JLU/20251024_092803.jpg,4000,3000,ok,,grid_crop,/home/user/tabbakhab1/dev/project/outputs/dinov3_mixed_domain_adaptation/source_inspection/wg_insects_t2_second_bbch15__2025_10_24_RSFB-Phenotyping_WG2_SecondHalf_JLU.jpg
wg_insects_t2_second_bbch15,2025_10_24_RSFB-Phenotyping_WG2_SecondHalf_JLU,img_52602cef45a54f5d631d,20251024_093541.jpg,2025_10_24_RSFB-Phenotyping_WG2_SecondHalf_JLU/2025_10_24_RSFB-Phenotyping_WG2_SecondHalf_JLU/20251024_093541.jpg,/home/nfs/data/nvme_datasets/Pictures_CFSB_leaf_damage/2025_10_24_RSFB-Phenotyping_WG2_SecondHalf_JLU/2025_10_24_RSFB-Phenotyping_WG2_SecondHalf_JLU/20251024_093541.jpg,4000,3000,ok,,grid_crop,/home/user/tabbakhab1/dev/project/outputs/dinov3_mixed_domain_adaptation/source_inspection/wg_insects_t2_second_bbch15__2025_10_24_RSFB-Phenotyping_WG2_SecondHalf_JLU.jpg
wg_insects_t2_second_bbch15,2025_10_24_RSFB-Phenotyping_WG2_SecondHalf_JLU,img_9ae5f251f441dfd890a8,20251024_094328.jpg,2025_10_24_RSFB-Phenotyping_WG2_SecondHalf_JLU/2025_10_24_RSFB-Phenotyping_WG2_SecondHalf_JLU/20251024_094328.jpg,/home/nfs/data/nvme_datasets/Pictures_CFSB_leaf_damage/2025_10_24_RSFB-Phenotyping_WG2_SecondHalf_JLU/2025_10_24_RSFB-Phenotyping_WG2_SecondHalf_JLU/20251024_094328.jpg,4000,3000,ok,,grid_crop,/home/user/tabbakhab1/dev/project/outputs/dinov3_mixed_domain_adaptation/source_inspection/wg_insects_t2_second_bbch15__2025_10_24_RSFB-Phenotyping_WG2_SecondHalf_JLU.jpg
wg_insects_t2_second_bbch15,2025_10_24_RSFB-Phenotyping_WG2_SecondHalf_JLU,img_a49d70fcee7a6ae8bae4,20251024_095117.jpg,2025_10_24_RSFB-Phenotyping_WG2_SecondHalf_JLU/2025_10_24_RSFB-Phenotyping_WG2_SecondHalf_JLU/20251024_095117.jpg,/home/nfs/data/nvme_datasets/Pictures_CFSB_leaf_damage/2025_10_24_RSFB-Phenotyping_WG2_SecondHalf_JLU/2025_10_24_RSFB-Phenotyping_WG2_SecondHalf_JLU/20251024_095117.jpg,4000,3000,ok,,grid_crop,/home/user/tabbakhab1/dev/project/outputs/dinov3_mixed_domain_adaptation/source_inspection/wg_insects_t2_second_bbch15__2025_10_24_RSFB-Phenotyping_WG2_SecondHalf_JLU.jpg
wg_insects_t2_second_bbch15,2025_10_24_RSFB-Phenotyping_WG2_SecondHalf_JLU,img_21766fdf9abc0ca2a9c8,20251024_095846.jpg,2025_10_24_RSFB-Phenotyping_WG2_SecondHalf_JLU/2025_10_24_RSFB-Phenotyping_WG2_SecondHalf_JLU/20251024_095846.jpg,/home/nfs/data/nvme_datasets/Pictures_CFSB_leaf_damage/2025_10_24_RSFB-Phenotyping_WG2_SecondHalf_JLU/2025_10_24_RSFB-Phenotyping_WG2_SecondHalf_JLU/20251024_095846.jpg,4000,3000,ok,,grid_crop,/home/user/tabbakhab1/dev/project/outputs/dinov3_mixed_domain_adaptation/source_inspection/wg_insects_t2_second_bbch15__2025_10_24_RSFB-Phenotyping_WG2_SecondHalf_JLU.jpg
wg_insects_t2_second_bbch15,2025_10_24_RSFB-Phenotyping_WG2_SecondHalf_JLU,img_336b7615e21cb27b8432,20251024_100658.jpg,2025_10_24_RSFB-Phenotyping_WG2_SecondHalf_JLU/2025_10_24_RSFB-Phenotyping_WG2_SecondHalf_JLU/20251024_100658.jpg,/home/nfs/data/nvme_datasets/Pictures_CFSB_leaf_damage/2025_10_24_RSFB-Phenotyping_WG2_SecondHalf_JLU/2025_10_24_RSFB-Phenotyping_WG2_SecondHalf_JLU/20251024_100658.jpg,4000,3000,ok,,grid_crop,/home/user/tabbakhab1/dev/project/outputs/dinov3_mixed_domain_adaptation/source_inspection/wg_insects_t2_second_bbch15__2025_10_24_RSFB-Phenotyping_WG2_SecondHalf_JLU.jpg
wg_insects_t2_second_bbch15,2025_10_24_RSFB-Phenotyping_WG2_SecondHalf_JLU,img_dd24832dcdd2e4b14781,20251024_101447.jpg,2025_10_24_RSFB-Phenotyping_WG2_SecondHalf_JLU/2025_10_24_RSFB-Phenotyping_WG2_SecondHalf_JLU/20251024_101447.jpg,/home/nfs/data/nvme_datasets/Pictures_CFSB_leaf_damage/2025_10_24_RSFB-Phenotyping_WG2_SecondHalf_JLU/2025_10_24_RSFB-Phenotyping_WG2_SecondHalf_JLU/20251024_101447.jpg,3000,4000,ok,,grid_crop,/home/user/tabbakhab1/dev/project/outputs/dinov3_mixed_domain_adaptation/source_inspection/wg_insects_t2_second_bbch15__2025_10_24_RSFB-Phenotyping_WG2_SecondHalf_JLU.jpg
