filename,target,prediction,base_prediction,fusion_delta,residual,mask_foreground_fraction,fusion_original_weight,fusion_masked_weight,fusion_binary_mask_weight,original_attention_entropy,masked_attention_entropy,original_attention_top_10_mass,masked_attention_top_10_mass,source_image_path,processed_image_path,mask_path
20251021_122843,12.25,4.2560253,7.6063066,-3.35048,-7.9939747,0.025201531,0.00012048745,0.9994727,0.00040680845,0.9930312128331198,0.9769416380189719,0.17804619809612632,0.25622479151934385,/home/nfs/data/nvme_datasets/Pictures_CFSB_leaf_damage/RSFB-Phenotyping_training_set/RSFB-Phenotyping_training_set/20251021_122843.jpg,/home/user/tabbakhab1/dev/project/cache/grid_crops_1400_inset075/20251021_122843_gridv3_b6cc079d1d0b.jpg,/home/user/tabbakhab1/dev/project/cache/sam3_masks_grid1400_inset075/20251021_122843_samv1_8e40f8412d7d.png
20251021_123838,4.75,4.2719345,8.030088,-3.7577558,-0.4780655,0.02725153,0.00017562752,0.9993394,0.00048492313,0.9926087640249761,0.9731321627358892,0.17941588023677468,0.2719899211078882,/home/nfs/data/nvme_datasets/Pictures_CFSB_leaf_damage/RSFB-Phenotyping_training_set/RSFB-Phenotyping_training_set/20251021_123838.jpg,/home/user/tabbakhab1/dev/project/cache/grid_crops_1400_inset075/20251021_123838_gridv3_9d676a910923.jpg,/home/user/tabbakhab1/dev/project/cache/sam3_masks_grid1400_inset075/20251021_123838_samv1_d65068051a9b.png
20251021_121858,44.0,19.520914,11.343579,8.177335,-24.479086,0.007959183,2.3458575e-05,0.99988174,9.479536e-05,0.99556677090827,0.9884504036147305,0.1612502671778202,0.20883391005918384,/home/nfs/data/nvme_datasets/Pictures_CFSB_leaf_damage/RSFB-Phenotyping_training_set/RSFB-Phenotyping_training_set/20251021_121858.jpg,/home/user/tabbakhab1/dev/project/cache/grid_crops_1400_inset075/20251021_121858_gridv3_d02e9dfb7d0a.jpg,/home/user/tabbakhab1/dev/project/cache/sam3_masks_grid1400_inset075/20251021_121858_samv1_a808ac7e114f.png
20251021_162459,1.5,0.64622545,5.2073965,-4.562762,-0.85377455,0.025266837,0.0003615116,0.99861264,0.0010258356,0.9953379227346206,0.9719443872085907,0.16338470159098506,0.2787528317421675,/home/nfs/data/nvme_datasets/Pictures_CFSB_leaf_damage/RSFB-Phenotyping_training_set/RSFB-Phenotyping_training_set/20251021_162459.jpg,/home/user/tabbakhab1/dev/project/cache/grid_crops_1400_inset075/20251021_162459_gridv3_f55cb1ad15fb.jpg,/home/user/tabbakhab1/dev/project/cache/sam3_masks_grid1400_inset075/20251021_162459_samv1_840beb4f356d.png
20251021_162013,1.0,1.3048668,5.912174,-4.607308,0.3048668,0.005604082,0.00015711221,0.9992625,0.00058033236,0.9957326663402287,0.9822825242232626,0.1573929595761001,0.2361217881552875,/home/nfs/data/nvme_datasets/Pictures_CFSB_leaf_damage/RSFB-Phenotyping_training_set/RSFB-Phenotyping_training_set/20251021_162013.jpg,/home/user/tabbakhab1/dev/project/cache/grid_crops_1400_inset075/20251021_162013_gridv3_93a3b2637615.jpg,/home/user/tabbakhab1/dev/project/cache/sam3_masks_grid1400_inset075/20251021_162013_samv1_0159fcd7536a.png
20251021_132836,7.5,4.9369397,7.9262805,-2.989341,-2.5630603,0.022689795,0.00011035506,0.99952066,0.00036897697,0.9905379930188325,0.9759655013944399,0.19288983568549156,0.261941640637815,/home/nfs/data/nvme_datasets/Pictures_CFSB_leaf_damage/RSFB-Phenotyping_training_set/RSFB-Phenotyping_training_set/20251021_132836.jpg,/home/user/tabbakhab1/dev/project/cache/grid_crops_1400_inset075/20251021_132836_gridv3_a2df5c4bfde1.jpg,/home/user/tabbakhab1/dev/project/cache/sam3_masks_grid1400_inset075/20251021_132836_samv1_7f208dc5f42c.png
20251021_132147,6.5,1.4862318,5.862856,-4.3750334,-5.013768,0.017387755,0.0002877463,0.99891305,0.00079916196,0.9947931242532247,0.9766810082316364,0.16336744092404842,0.26475380919873714,/home/nfs/data/nvme_datasets/Pictures_CFSB_leaf_damage/RSFB-Phenotyping_training_set/RSFB-Phenotyping_training_set/20251021_132147.jpg,/home/user/tabbakhab1/dev/project/cache/grid_crops_1400_inset075/20251021_132147_gridv3_8b4768d5f1c0.jpg,/home/user/tabbakhab1/dev/project/cache/sam3_masks_grid1400_inset075/20251021_132147_samv1_fcd11d87dfca.png
20251021_121100,19.5,18.566362,9.319927,9.246434,-0.9336376,0.020558164,1.6635078e-05,0.9999094,7.397308e-05,0.9913352921019265,0.974133304751834,0.1810825439170003,0.26815306954085827,/home/nfs/data/nvme_datasets/Pictures_CFSB_leaf_damage/RSFB-Phenotyping_training_set/RSFB-Phenotyping_training_set/20251021_121100.jpg,/home/user/tabbakhab1/dev/project/cache/grid_crops_1400_inset075/20251021_121100_gridv3_6ed33bc5f825.jpg,/home/user/tabbakhab1/dev/project/cache/sam3_masks_grid1400_inset075/20251021_121100_samv1_3cf6fd3e0aa2.png
20251021_160342,8.75,15.098154,9.124245,5.972318,6.348154,0.026069898,1.2754771e-05,0.9999261,6.1207196e-05,0.9915829666274006,0.9711061308878435,0.18800854217261076,0.2664806917309761,/home/nfs/data/nvme_datasets/Pictures_CFSB_leaf_damage/RSFB-Phenotyping_training_set/RSFB-Phenotyping_training_set/20251021_160342.jpg,/home/user/tabbakhab1/dev/project/cache/grid_crops_1400_inset075/20251021_160342_gridv3_42490fdcbf96.jpg,/home/user/tabbakhab1/dev/project/cache/sam3_masks_grid1400_inset075/20251021_160342_samv1_527473df8a5b.png
20251021_123809,4.75,3.4335191,7.0590296,-3.6241186,-1.3164809,0.013455102,0.00012925932,0.9994351,0.00043557386,0.9940378111542997,0.978345899469792,0.17102378653362393,0.25316907931119204,/home/nfs/data/nvme_datasets/Pictures_CFSB_leaf_damage/RSFB-Phenotyping_training_set/RSFB-Phenotyping_training_set/20251021_123809.jpg,/home/user/tabbakhab1/dev/project/cache/grid_crops_1400_inset075/20251021_123809_gridv3_105d9b2c9508.jpg,/home/user/tabbakhab1/dev/project/cache/sam3_masks_grid1400_inset075/20251021_123809_samv1_4005e1590ec7.png
20251021_124030,1.5,4.4803452,8.835492,-4.3559422,2.9803452,0.020217346,0.0002860594,0.9988927,0.00082129886,0.993525984764075,0.9852763901227151,0.173389604780823,0.22429918963462114,/home/nfs/data/nvme_datasets/Pictures_CFSB_leaf_damage/RSFB-Phenotyping_training_set/RSFB-Phenotyping_training_set/20251021_124030.jpg,/home/user/tabbakhab1/dev/project/cache/grid_crops_1400_inset075/20251021_124030_gridv3_a2fcedf951c3.jpg,/home/user/tabbakhab1/dev/project/cache/sam3_masks_grid1400_inset075/20251021_124030_samv1_5b9020b6c1e5.png
20251021_162400,0.7500005,0.73531675,4.7158017,-3.977303,-0.014683723,0.01777398,0.00017526858,0.9992467,0.00057806063,0.9962620243267634,0.9861334693426248,0.1547787133604288,0.2194641144014895,/home/nfs/data/nvme_datasets/Pictures_CFSB_leaf_damage/RSFB-Phenotyping_training_set/RSFB-Phenotyping_training_set/20251021_162400.jpg,/home/user/tabbakhab1/dev/project/cache/grid_crops_1400_inset075/20251021_162400_gridv3_e8cbd0b46b4e.jpg,/home/user/tabbakhab1/dev/project/cache/sam3_masks_grid1400_inset075/20251021_162400_samv1_a62ac3d8ab6a.png
20251021_161432,3.25,6.204904,8.613559,-2.4086547,2.954904,0.030816326,6.191568e-05,0.999716,0.00022209765,0.9922044217854121,0.9770277117837897,0.18423299537971616,0.2584171686321497,/home/nfs/data/nvme_datasets/Pictures_CFSB_leaf_damage/RSFB-Phenotyping_training_set/RSFB-Phenotyping_training_set/20251021_161432.jpg,/home/user/tabbakhab1/dev/project/cache/grid_crops_1400_inset075/20251021_161432_gridv3_479a59ed0711.jpg,/home/user/tabbakhab1/dev/project/cache/sam3_masks_grid1400_inset075/20251021_161432_samv1_b2f93aa5e31f.png
20251021_162121,3.0,6.710817,4.846257,1.8645597,3.7108169,0.0052260202,2.1695423e-05,0.99987197,0.00010637228,0.9951186267221562,0.9875248034453808,0.16141532361507416,0.2089507575146854,/home/nfs/data/nvme_datasets/Pictures_CFSB_leaf_damage/RSFB-Phenotyping_training_set/RSFB-Phenotyping_training_set/20251021_162121.jpg,/home/user/tabbakhab1/dev/project/cache/grid_crops_1400_inset075/20251021_162121_gridv3_53274b04a836.jpg,/home/user/tabbakhab1/dev/project/cache/sam3_masks_grid1400_inset075/20251021_162121_samv1_9eb0ba87eead.png
20251021_162816,1.75,1.7089605,4.213071,-2.5057008,-0.041039467,0.0064892857,4.8694197e-05,0.99973685,0.00021442966,0.9956320269937622,0.98829763559351,0.15889543807134032,0.20679350104182959,/home/nfs/data/nvme_datasets/Pictures_CFSB_leaf_damage/RSFB-Phenotyping_training_set/RSFB-Phenotyping_training_set/20251021_162816.jpg,/home/user/tabbakhab1/dev/project/cache/grid_crops_1400_inset075/20251021_162816_gridv3_dce5600c6338.jpg,/home/user/tabbakhab1/dev/project/cache/sam3_masks_grid1400_inset075/20251021_162816_samv1_b88993e7d9aa.png
20251021_161816,2.5,1.3048668,5.0435314,-3.7386649,-1.1951332,0.00829847,0.00016758818,0.9993587,0.00047369907,0.995736741748679,0.9912958552747677,0.15514312917366624,0.18562023248523474,/home/nfs/data/nvme_datasets/Pictures_CFSB_leaf_damage/RSFB-Phenotyping_training_set/RSFB-Phenotyping_training_set/20251021_161816.jpg,/home/user/tabbakhab1/dev/project/cache/grid_crops_1400_inset075/20251021_161816_gridv3_3937f71512d6.jpg,/home/user/tabbakhab1/dev/project/cache/sam3_masks_grid1400_inset075/20251021_161816_samv1_ac5041b4ca02.png
20251021_130515,15.75,7.029001,5.83581,1.1931909,-8.720999,0.01952602,2.195099e-05,0.9998641,0.00011389724,0.9926037384422511,0.9828056657044915,0.18153295386582613,0.2362883873283863,/home/nfs/data/nvme_datasets/Pictures_CFSB_leaf_damage/RSFB-Phenotyping_training_set/RSFB-Phenotyping_training_set/20251021_130515.jpg,/home/user/tabbakhab1/dev/project/cache/grid_crops_1400_inset075/20251021_130515_gridv3_683278386d65.jpg,/home/user/tabbakhab1/dev/project/cache/sam3_masks_grid1400_inset075/20251021_130515_samv1_5831728f8843.png
20251021_124556,8.75,1.8298707,5.9328566,-4.1045766,-6.9201293,0.009706632,0.0001243069,0.9994306,0.0004450311,0.9962332985643845,0.9813647047561483,0.15419595316052437,0.24156613880768418,/home/nfs/data/nvme_datasets/Pictures_CFSB_leaf_damage/RSFB-Phenotyping_training_set/RSFB-Phenotyping_training_set/20251021_124556.jpg,/home/user/tabbakhab1/dev/project/cache/grid_crops_1400_inset075/20251021_124556_gridv3_b58802114521.jpg,/home/user/tabbakhab1/dev/project/cache/sam3_masks_grid1400_inset075/20251021_124556_samv1_2dbf5ac8961c.png
20251021_162027,5.05,2.854424,6.383087,-3.5286632,-2.1955762,0.009596939,8.379833e-05,0.9996214,0.00029477893,0.9956931098879902,0.9764733926115248,0.15811040252447128,0.26182814594358206,/home/nfs/data/nvme_datasets/Pictures_CFSB_leaf_damage/RSFB-Phenotyping_training_set/RSFB-Phenotyping_training_set/20251021_162027.jpg,/home/user/tabbakhab1/dev/project/cache/grid_crops_1400_inset075/20251021_162027_gridv3_6e1ffcb37db6.jpg,/home/user/tabbakhab1/dev/project/cache/sam3_masks_grid1400_inset075/20251021_162027_samv1_ee93fc393543.png
20251021_124023,2.75,1.7025971,6.2757,-4.5723076,-1.0474029,0.011542857,0.0002794141,0.9988256,0.0008949407,0.9957550283034023,0.9837998618998697,0.15637458954006433,0.23096476309001446,/home/nfs/data/nvme_datasets/Pictures_CFSB_leaf_damage/RSFB-Phenotyping_training_set/RSFB-Phenotyping_training_set/20251021_124023.jpg,/home/user/tabbakhab1/dev/project/cache/grid_crops_1400_inset075/20251021_124023_gridv3_356923aa968f.jpg,/home/user/tabbakhab1/dev/project/cache/sam3_masks_grid1400_inset075/20251021_124023_samv1_21625d560fdd.png
20251021_120858,10.25,9.587202,6.1691084,3.4172988,-0.6627979,0.0038188775,1.3262781e-05,0.9999199,6.682981e-05,0.9960893370457997,0.9904200345494194,0.15519744297489524,0.19576417841017246,/home/nfs/data/nvme_datasets/Pictures_CFSB_leaf_damage/RSFB-Phenotyping_training_set/RSFB-Phenotyping_training_set/20251021_120858.jpg,/home/user/tabbakhab1/dev/project/cache/grid_crops_1400_inset075/20251021_120858_gridv3_844d33db5d9c.jpg,/home/user/tabbakhab1/dev/project/cache/sam3_masks_grid1400_inset075/20251021_120858_samv1_fad3e98e1d61.png
20251021_163014,18.75,20.513649,10.478118,10.041895,1.763649,0.028408164,2.7857488e-05,0.99987245,9.9732584e-05,0.99351966594442,0.9756050550845272,0.17573170317336917,0.2657230207696557,/home/nfs/data/nvme_datasets/Pictures_CFSB_leaf_damage/RSFB-Phenotyping_training_set/RSFB-Phenotyping_training_set/20251021_163014.jpg,/home/user/tabbakhab1/dev/project/cache/grid_crops_1400_inset075/20251021_163014_gridv3_fdf6d96d3540.jpg,/home/user/tabbakhab1/dev/project/cache/sam3_masks_grid1400_inset075/20251021_163014_samv1_1ef277c540de.png
20251021_121149,16.0,15.257246,12.263132,2.9972956,-0.742754,0.0146882655,1.3737462e-05,0.9999285,5.772402e-05,0.9933415849351104,0.9758794954670708,0.17384721850976348,0.268989784643054,/home/nfs/data/nvme_datasets/Pictures_CFSB_leaf_damage/RSFB-Phenotyping_training_set/RSFB-Phenotyping_training_set/20251021_121149.jpg,/home/user/tabbakhab1/dev/project/cache/grid_crops_1400_inset075/20251021_121149_gridv3_3257334ad6c5.jpg,/home/user/tabbakhab1/dev/project/cache/sam3_masks_grid1400_inset075/20251021_121149_samv1_53f39692fad8.png
20251021_151843,28.0,17.522717,13.278139,4.241396,-10.4772835,0.017214796,1.6897113e-05,0.99991345,6.9627415e-05,0.991674520645327,0.9751423962209979,0.1873856750316918,0.26715939678251743,/home/nfs/data/nvme_datasets/Pictures_CFSB_leaf_damage/RSFB-Phenotyping_training_set/RSFB-Phenotyping_training_set/20251021_151843.jpg,/home/user/tabbakhab1/dev/project/cache/grid_crops_1400_inset075/20251021_151843_gridv3_df30b23b462a.jpg,/home/user/tabbakhab1/dev/project/cache/sam3_masks_grid1400_inset075/20251021_151843_samv1_110ff72b498c.png
20251021_123915,14.25,10.634028,10.751757,-0.118026465,-3.6159716,0.011180102,1.6377204e-05,0.99991107,7.254243e-05,0.9938358630116234,0.9763116328725635,0.16831817524507642,0.2627411847934127,/home/nfs/data/nvme_datasets/Pictures_CFSB_leaf_damage/RSFB-Phenotyping_training_set/RSFB-Phenotyping_training_set/20251021_123915.jpg,/home/user/tabbakhab1/dev/project/cache/grid_crops_1400_inset075/20251021_123915_gridv3_720755f73394.jpg,/home/user/tabbakhab1/dev/project/cache/sam3_masks_grid1400_inset075/20251021_123915_samv1_7a8204787744.png
20251021_132117,4.25,4.2719345,6.8798523,-2.6075199,0.02193451,0.01582296,7.811126e-05,0.999655,0.0002668402,0.9926681891542567,0.9785312974567094,0.18345612194389105,0.25594423059374094,/home/nfs/data/nvme_datasets/Pictures_CFSB_leaf_damage/RSFB-Phenotyping_training_set/RSFB-Phenotyping_training_set/20251021_132117.jpg,/home/user/tabbakhab1/dev/project/cache/grid_crops_1400_inset075/20251021_132117_gridv3_88ca91a8a390.jpg,/home/user/tabbakhab1/dev/project/cache/sam3_masks_grid1400_inset075/20251021_132117_samv1_843af98f8cc4.png
20251021_162332,8.5,4.95444,7.3073626,-2.3529725,-3.54556,0.021102551,2.8853825e-05,0.99985695,0.00011411909,0.9910679508485153,0.9663821179129616,0.18927867989987135,0.29894350096583366,/home/nfs/data/nvme_datasets/Pictures_CFSB_leaf_damage/RSFB-Phenotyping_training_set/RSFB-Phenotyping_training_set/20251021_162332.jpg,/home/user/tabbakhab1/dev/project/cache/grid_crops_1400_inset075/20251021_162332_gridv3_57e1f8f6c2ea.jpg,/home/user/tabbakhab1/dev/project/cache/sam3_masks_grid1400_inset075/20251021_162332_samv1_87225cd57e3f.png
20251021_123858,13.5,4.7158017,7.9927015,-3.2772977,-8.784199,0.025572449,0.00010387451,0.99954814,0.00034798798,0.992586812403262,0.976395143688937,0.18226757599040866,0.26192823983728886,/home/nfs/data/nvme_datasets/Pictures_CFSB_leaf_damage/RSFB-Phenotyping_training_set/RSFB-Phenotyping_training_set/20251021_123858.jpg,/home/user/tabbakhab1/dev/project/cache/grid_crops_1400_inset075/20251021_123858_gridv3_b463ba05be8c.jpg,/home/user/tabbakhab1/dev/project/cache/sam3_masks_grid1400_inset075/20251021_123858_samv1_545fa91de963.png
20251021_121804,12.75,8.16651,7.9942927,0.17241609,-4.5834904,0.030955102,2.840677e-05,0.99986684,0.000104722596,0.990607291906738,0.9720866959045739,0.19172971928492188,0.26527959667146206,/home/nfs/data/nvme_datasets/Pictures_CFSB_leaf_damage/RSFB-Phenotyping_training_set/RSFB-Phenotyping_training_set/20251021_121804.jpg,/home/user/tabbakhab1/dev/project/cache/grid_crops_1400_inset075/20251021_121804_gridv3_7ff41805ed78.jpg,/home/user/tabbakhab1/dev/project/cache/sam3_masks_grid1400_inset075/20251021_121804_samv1_7e2ca301d9b6.png
20251021_131138,3.0,6.2908134,7.2334347,-0.9426208,3.2908134,0.013628061,2.6894326e-05,0.9998423,0.00013083627,0.993535479483407,0.9804777105106224,0.17718021711334586,0.2430534679442644,/home/nfs/data/nvme_datasets/Pictures_CFSB_leaf_damage/RSFB-Phenotyping_training_set/RSFB-Phenotyping_training_set/20251021_131138.jpg,/home/user/tabbakhab1/dev/project/cache/grid_crops_1400_inset075/20251021_131138_gridv3_62d66983688a.jpg,/home/user/tabbakhab1/dev/project/cache/sam3_masks_grid1400_inset075/20251021_131138_samv1_918b5d85f5b1.png
20251021_125125,1.5499997,1.9285078,6.560475,-4.6327624,0.3785081,0.010126021,0.00054561143,0.9981171,0.0013372779,0.995237669110842,0.9805579459960628,0.1610085116699338,0.2420707019045949,/home/nfs/data/nvme_datasets/Pictures_CFSB_leaf_damage/RSFB-Phenotyping_training_set/RSFB-Phenotyping_training_set/20251021_125125.jpg,/home/user/tabbakhab1/dev/project/cache/grid_crops_1400_inset075/20251021_125125_gridv3_405563302f5c.jpg,/home/user/tabbakhab1/dev/project/cache/sam3_masks_grid1400_inset075/20251021_125125_samv1_5dc9e583aca3.png
20251021_151533,1.5,2.3771477,6.4610424,-4.082304,0.8771477,0.02400357,0.00017323323,0.9992848,0.00054199883,0.9928812207852923,0.9773374731170854,0.1786961047910154,0.26252480782568455,/home/nfs/data/nvme_datasets/Pictures_CFSB_leaf_damage/RSFB-Phenotyping_training_set/RSFB-Phenotyping_training_set/20251021_151533.jpg,/home/user/tabbakhab1/dev/project/cache/grid_crops_1400_inset075/20251021_151533_gridv3_04afaca7d75c.jpg,/home/user/tabbakhab1/dev/project/cache/sam3_masks_grid1400_inset075/20251021_151533_samv1_b77247d24218.png
20251021_124852,3.25,5.592399,9.436065,-3.8436656,2.3423991,0.020047959,0.0001177024,0.999524,0.0003583251,0.9937935508235045,0.9734417146139046,0.17119037872180343,0.2746935822069645,/home/nfs/data/nvme_datasets/Pictures_CFSB_leaf_damage/RSFB-Phenotyping_training_set/RSFB-Phenotyping_training_set/20251021_124852.jpg,/home/user/tabbakhab1/dev/project/cache/grid_crops_1400_inset075/20251021_124852_gridv3_b6817cdce3d7.jpg,/home/user/tabbakhab1/dev/project/cache/sam3_masks_grid1400_inset075/20251021_124852_samv1_b70fcb975a88.png
20251021_161402,4.5,9.020834,9.385156,-0.3645198,4.520834,0.021765817,3.4130506e-05,0.9998373,0.00012855585,0.9937058809316099,0.9790059837308417,0.17368447734043002,0.2504157219082117,/home/nfs/data/nvme_datasets/Pictures_CFSB_leaf_damage/RSFB-Phenotyping_training_set/RSFB-Phenotyping_training_set/20251021_161402.jpg,/home/user/tabbakhab1/dev/project/cache/grid_crops_1400_inset075/20251021_161402_gridv3_f23bf664ebe8.jpg,/home/user/tabbakhab1/dev/project/cache/sam3_masks_grid1400_inset075/20251021_161402_samv1_07e58c412425.png
20251021_121345,13.0,5.027622,7.2716165,-2.2447898,-7.972378,0.009892347,5.9196165e-05,0.9997212,0.00021951128,0.9963295762214668,0.9879753873709513,0.15338668087497354,0.21172697003930807,/home/nfs/data/nvme_datasets/Pictures_CFSB_leaf_damage/RSFB-Phenotyping_training_set/RSFB-Phenotyping_training_set/20251021_121345.jpg,/home/user/tabbakhab1/dev/project/cache/grid_crops_1400_inset075/20251021_121345_gridv3_fb8f1924845e.jpg,/home/user/tabbakhab1/dev/project/cache/sam3_masks_grid1400_inset075/20251021_121345_samv1_244f4518dd33.png
20251021_122314,3.5,1.4798679,5.6974,-4.219123,-2.020132,0.020813776,0.00017021378,0.9992793,0.0005505311,0.9954780639552562,0.9778974282773132,0.1580468132160604,0.25216527935117483,/home/nfs/data/nvme_datasets/Pictures_CFSB_leaf_damage/RSFB-Phenotyping_training_set/RSFB-Phenotyping_training_set/20251021_122314.jpg,/home/user/tabbakhab1/dev/project/cache/grid_crops_1400_inset075/20251021_122314_gridv3_9700792acf73.jpg,/home/user/tabbakhab1/dev/project/cache/sam3_masks_grid1400_inset075/20251021_122314_samv1_9229dd4c8ca6.png
20251021_161010,1.5,4.7698927,7.6675572,-2.8970675,3.2698927,0.018690307,5.3062893e-05,0.9997173,0.00022959609,0.9945978370749636,0.9766470002644759,0.16707975650206208,0.2620637761428952,/home/nfs/data/nvme_datasets/Pictures_CFSB_leaf_damage/RSFB-Phenotyping_training_set/RSFB-Phenotyping_training_set/20251021_161010.jpg,/home/user/tabbakhab1/dev/project/cache/grid_crops_1400_inset075/20251021_161010_gridv3_a5a315d9f61a.jpg,/home/user/tabbakhab1/dev/project/cache/sam3_masks_grid1400_inset075/20251021_161010_samv1_61cf9ec0a1fa.png
20251021_162958,11.75,17.299988,9.194244,8.107334,5.549988,0.02445306,1.2508099e-05,0.99992824,5.920842e-05,0.9927695214643969,0.9742097416539022,0.18108439352363348,0.2694069603458047,/home/nfs/data/nvme_datasets/Pictures_CFSB_leaf_damage/RSFB-Phenotyping_training_set/RSFB-Phenotyping_training_set/20251021_162958.jpg,/home/user/tabbakhab1/dev/project/cache/grid_crops_1400_inset075/20251021_162958_gridv3_c408f0393539.jpg,/home/user/tabbakhab1/dev/project/cache/sam3_masks_grid1400_inset075/20251021_162958_samv1_82cb28bb9769.png
20251021_154700,2.25,4.151025,5.796037,-1.6450125,1.9010248,0.012529082,3.6758895e-05,0.9998073,0.00015597454,0.9968837495887125,0.9791115033199544,0.14283776562660933,0.25238837441429496,/home/nfs/data/nvme_datasets/Pictures_CFSB_leaf_damage/RSFB-Phenotyping_training_set/RSFB-Phenotyping_training_set/20251021_154700.jpg,/home/user/tabbakhab1/dev/project/cache/grid_crops_1400_inset075/20251021_154700_gridv3_97b77300af23.jpg,/home/user/tabbakhab1/dev/project/cache/sam3_masks_grid1400_inset075/20251021_154700_samv1_35377e4588b0.png
20251021_125811,6.25,5.557399,7.5847297,-2.0268335,-0.6926012,0.015070918,5.0240433e-05,0.9997471,0.00020262388,0.9956329402850691,0.9835709435029121,0.15983918495476246,0.23158263228833675,/home/nfs/data/nvme_datasets/Pictures_CFSB_leaf_damage/RSFB-Phenotyping_training_set/RSFB-Phenotyping_training_set/20251021_125811.jpg,/home/user/tabbakhab1/dev/project/cache/grid_crops_1400_inset075/20251021_125811_gridv3_19364d126c8f.jpg,/home/user/tabbakhab1/dev/project/cache/sam3_masks_grid1400_inset075/20251021_125811_samv1_07955d9348bc.png
20251021_154058,2.25,5.2137604,8.301738,-3.0879781,2.9637604,0.017440816,7.719834e-05,0.99961746,0.00030532537,0.9927929731187157,0.9826069549835627,0.18054969236254692,0.23544180719181895,/home/nfs/data/nvme_datasets/Pictures_CFSB_leaf_damage/RSFB-Phenotyping_training_set/RSFB-Phenotyping_training_set/20251021_154058.jpg,/home/user/tabbakhab1/dev/project/cache/grid_crops_1400_inset075/20251021_154058_gridv3_36a116afaead.jpg,/home/user/tabbakhab1/dev/project/cache/sam3_masks_grid1400_inset075/20251021_154058_samv1_c3d33ed3784c.png
20251021_151943,2.25,3.0994258,7.2361193,-4.136395,0.8494258,0.012968367,0.00018987866,0.9992343,0.0005757999,0.9932091607160215,0.974201563247582,0.17677941732108593,0.2689699772745371,/home/nfs/data/nvme_datasets/Pictures_CFSB_leaf_damage/RSFB-Phenotyping_training_set/RSFB-Phenotyping_training_set/20251021_151943.jpg,/home/user/tabbakhab1/dev/project/cache/grid_crops_1400_inset075/20251021_151943_gridv3_938297c1a777.jpg,/home/user/tabbakhab1/dev/project/cache/sam3_masks_grid1400_inset075/20251021_151943_samv1_f05ee28d2176.png
20251021_130338,14.75,3.885341,7.233335,-3.3472981,-10.864659,0.014870408,0.00012750721,0.9994593,0.00041320923,0.9939506107487401,0.9819687756835579,0.16799357254058123,0.24018678069114685,/home/nfs/data/nvme_datasets/Pictures_CFSB_leaf_damage/RSFB-Phenotyping_training_set/RSFB-Phenotyping_training_set/20251021_130338.jpg,/home/user/tabbakhab1/dev/project/cache/grid_crops_1400_inset075/20251021_130338_gridv3_d76515da7951.jpg,/home/user/tabbakhab1/dev/project/cache/sam3_masks_grid1400_inset075/20251021_130338_samv1_4e1aabf2e0cd.png
20251021_130942,9.5,1.8171434,6.14604,-4.3304877,-7.6828566,0.017566327,0.0003483786,0.99871755,0.00093413214,0.9929716649271199,0.9791370904814651,0.17866224190220237,0.24969311524182558,/home/nfs/data/nvme_datasets/Pictures_CFSB_leaf_damage/RSFB-Phenotyping_training_set/RSFB-Phenotyping_training_set/20251021_130942.jpg,/home/user/tabbakhab1/dev/project/cache/grid_crops_1400_inset075/20251021_130942_gridv3_75296eed617b.jpg,/home/user/tabbakhab1/dev/project/cache/sam3_masks_grid1400_inset075/20251021_130942_samv1_0221034fd8c3.png
20251021_155710,18.25,5.3839884,8.001849,-2.6186564,-12.866012,0.02467398,5.7600268e-05,0.9997354,0.0002070218,0.9922033028812186,0.9699847892606261,0.18311012769117951,0.283319721929729,/home/nfs/data/nvme_datasets/Pictures_CFSB_leaf_damage/RSFB-Phenotyping_training_set/RSFB-Phenotyping_training_set/20251021_155710.jpg,/home/user/tabbakhab1/dev/project/cache/grid_crops_1400_inset075/20251021_155710_gridv3_0d3a440a1a6b.jpg,/home/user/tabbakhab1/dev/project/cache/sam3_masks_grid1400_inset075/20251021_155710_samv1_a3ebccd14ea8.png
20251021_125208,2.25,4.4294357,8.4449215,-4.0154853,2.1794357,0.017477041,0.00023490479,0.99913883,0.00062618696,0.9961871922457708,0.9751476324620151,0.15626301104202867,0.2643968090415001,/home/nfs/data/nvme_datasets/Pictures_CFSB_leaf_damage/RSFB-Phenotyping_training_set/RSFB-Phenotyping_training_set/20251021_125208.jpg,/home/user/tabbakhab1/dev/project/cache/grid_crops_1400_inset075/20251021_125208_gridv3_58ab535c57af.jpg,/home/user/tabbakhab1/dev/project/cache/sam3_masks_grid1400_inset075/20251021_125208_samv1_10b09afa1081.png
20251021_154436,2.5,2.8798785,6.4212694,-3.5413907,0.37987852,0.0137765305,0.00010067405,0.99950266,0.00039662127,0.9957142276300922,0.9861805468958031,0.15851177787408233,0.21766341477632523,/home/nfs/data/nvme_datasets/Pictures_CFSB_leaf_damage/RSFB-Phenotyping_training_set/RSFB-Phenotyping_training_set/20251021_154436.jpg,/home/user/tabbakhab1/dev/project/cache/grid_crops_1400_inset075/20251021_154436_gridv3_792f4024f8a7.jpg,/home/user/tabbakhab1/dev/project/cache/sam3_masks_grid1400_inset075/20251021_154436_samv1_647002fb87cf.png
20251021_123831,3.75,2.9212427,6.344905,-3.4236624,-0.8287573,0.024253571,0.00011253088,0.9995141,0.0003733239,0.9941840126347146,0.9728436314953567,0.16630627727136016,0.26922208722680807,/home/nfs/data/nvme_datasets/Pictures_CFSB_leaf_damage/RSFB-Phenotyping_training_set/RSFB-Phenotyping_training_set/20251021_123831.jpg,/home/user/tabbakhab1/dev/project/cache/grid_crops_1400_inset075/20251021_123831_gridv3_02aae1eb81a4.jpg,/home/user/tabbakhab1/dev/project/cache/sam3_masks_grid1400_inset075/20251021_123831_samv1_066430ed0fe0.png
20251021_124506,9.0,8.661286,9.612658,-0.9513709,-0.33871365,0.023318367,2.4680636e-05,0.9998834,9.187897e-05,0.9940286983380983,0.9769723920246665,0.17453233757987618,0.26227862294763327,/home/nfs/data/nvme_datasets/Pictures_CFSB_leaf_damage/RSFB-Phenotyping_training_set/RSFB-Phenotyping_training_set/20251021_124506.jpg,/home/user/tabbakhab1/dev/project/cache/grid_crops_1400_inset075/20251021_124506_gridv3_b38154342bf4.jpg,/home/user/tabbakhab1/dev/project/cache/sam3_masks_grid1400_inset075/20251021_124506_samv1_7ff89e43dba2.png
20251021_125346,7.0,3.6148841,7.5998435,-3.9836667,-3.3851159,0.021244388,0.00022857092,0.99914885,0.0006225349,0.9919056626558881,0.979264275830042,0.1813970310613513,0.25255101174116135,/home/nfs/data/nvme_datasets/Pictures_CFSB_leaf_damage/RSFB-Phenotyping_training_set/RSFB-Phenotyping_training_set/20251021_125346.jpg,/home/user/tabbakhab1/dev/project/cache/grid_crops_1400_inset075/20251021_125346_gridv3_7e25d8fa57d0.jpg,/home/user/tabbakhab1/dev/project/cache/sam3_masks_grid1400_inset075/20251021_125346_samv1_0f3c2ee5639a.png
20251021_161705,17.0,16.873621,10.121752,6.7518697,-0.12637901,0.016238775,1.0050604e-05,0.9999347,5.529657e-05,0.9909064605864968,0.9762991177911795,0.19043860491365194,0.26379706896841526,/home/nfs/data/nvme_datasets/Pictures_CFSB_leaf_damage/RSFB-Phenotyping_training_set/RSFB-Phenotyping_training_set/20251021_161705.jpg,/home/user/tabbakhab1/dev/project/cache/grid_crops_1400_inset075/20251021_161705_gridv3_83bd464de19e.jpg,/home/user/tabbakhab1/dev/project/cache/sam3_masks_grid1400_inset075/20251021_161705_samv1_9780d754c6e3.png
20251021_153356,7.75,13.755416,10.062888,3.6909373,6.005416,0.021041837,1.6123255e-05,0.9999083,7.557946e-05,0.9950309243675048,0.9789577562509518,0.1658851271495223,0.25196767691522837,/home/nfs/data/nvme_datasets/Pictures_CFSB_leaf_damage/RSFB-Phenotyping_training_set/RSFB-Phenotyping_training_set/20251021_153356.jpg,/home/user/tabbakhab1/dev/project/cache/grid_crops_1400_inset075/20251021_153356_gridv3_881aaf5dee4a.jpg,/home/user/tabbakhab1/dev/project/cache/sam3_masks_grid1400_inset075/20251021_153356_samv1_219dcffa6d1d.png
20251021_131721,3.0,4.1303425,7.649659,-3.5191176,1.1303425,0.019189285,8.919985e-05,0.9995877,0.0003231087,0.9915086894609999,0.980438897450606,0.18782569048926234,0.24693528562784195,/home/nfs/data/nvme_datasets/Pictures_CFSB_leaf_damage/RSFB-Phenotyping_training_set/RSFB-Phenotyping_training_set/20251021_131721.jpg,/home/user/tabbakhab1/dev/project/cache/grid_crops_1400_inset075/20251021_131721_gridv3_1e1619801c3b.jpg,/home/user/tabbakhab1/dev/project/cache/sam3_masks_grid1400_inset075/20251021_131721_samv1_8079cb61f4c0.png
20251021_161525,4.75,1.502141,5.2535334,-3.7513921,-3.247859,0.014517347,0.00016337058,0.99926084,0.0005758152,0.9961484619176448,0.9836539611896197,0.15348075376823545,0.23205227823927999,/home/nfs/data/nvme_datasets/Pictures_CFSB_leaf_damage/RSFB-Phenotyping_training_set/RSFB-Phenotyping_training_set/20251021_161525.jpg,/home/user/tabbakhab1/dev/project/cache/grid_crops_1400_inset075/20251021_161525_gridv3_dac334930121.jpg,/home/user/tabbakhab1/dev/project/cache/sam3_masks_grid1400_inset075/20251021_161525_samv1_475cd9027a58.png
20251021_132518,5.0,11.01585,9.975388,1.041258,6.01585,0.01812653,2.2123557e-05,0.99988234,9.55389e-05,0.99074175031474,0.9766332995282706,0.19141560140997171,0.262331070844084,/home/nfs/data/nvme_datasets/Pictures_CFSB_leaf_damage/RSFB-Phenotyping_training_set/RSFB-Phenotyping_training_set/20251021_132518.jpg,/home/user/tabbakhab1/dev/project/cache/grid_crops_1400_inset075/20251021_132518_gridv3_b8eea91f96bb.jpg,/home/user/tabbakhab1/dev/project/cache/sam3_masks_grid1400_inset075/20251021_132518_samv1_70d88c4ffb51.png
20251021_125635,0.0,2.6635132,6.7040553,-4.04094,2.6635132,0.00093367347,0.00015742621,0.99930584,0.00053674297,0.9978587357599926,0.9977917549184459,0.13773350650444627,0.13739910861477256,/home/nfs/data/nvme_datasets/Pictures_CFSB_leaf_damage/RSFB-Phenotyping_training_set/RSFB-Phenotyping_training_set/20251021_125635.jpg,/home/user/tabbakhab1/dev/project/cache/grid_crops_1400_inset075/20251021_125635_gridv3_cd390b10c9da.jpg,/home/user/tabbakhab1/dev/project/cache/sam3_masks_grid1400_inset075/20251021_125635_samv1_c29152423f09.png
20251021_124048,5.25,9.75425,11.451762,-1.6975129,4.5042496,0.025959695,6.7338544e-05,0.9996911,0.00024155003,0.9908768686783839,0.9737472039849772,0.1930729509331286,0.2727570440620184,/home/nfs/data/nvme_datasets/Pictures_CFSB_leaf_damage/RSFB-Phenotyping_training_set/RSFB-Phenotyping_training_set/20251021_124048.jpg,/home/user/tabbakhab1/dev/project/cache/grid_crops_1400_inset075/20251021_124048_gridv3_c04cec000d30.jpg,/home/user/tabbakhab1/dev/project/cache/sam3_masks_grid1400_inset075/20251021_124048_samv1_97242b8855ce.png
20251021_162202,2.0,1.2253208,5.080123,-3.8563929,-0.7746792,0.027839286,0.00012431196,0.99947125,0.0004044312,0.9928394993219084,0.962772173062912,0.17624635761603713,0.304060535505414,/home/nfs/data/nvme_datasets/Pictures_CFSB_leaf_damage/RSFB-Phenotyping_training_set/RSFB-Phenotyping_training_set/20251021_162202.jpg,/home/user/tabbakhab1/dev/project/cache/grid_crops_1400_inset075/20251021_162202_gridv3_261e9e2f5717.jpg,/home/user/tabbakhab1/dev/project/cache/sam3_masks_grid1400_inset075/20251021_162202_samv1_284ca4ef16ce.png
20251021_123500,7.0,7.1435475,9.098789,-1.9552422,0.14354753,0.016541326,3.6331377e-05,0.9998274,0.00013631213,0.9924114534294521,0.9746809204640248,0.1858590659685433,0.26620603632181883,/home/nfs/data/nvme_datasets/Pictures_CFSB_leaf_damage/RSFB-Phenotyping_training_set/RSFB-Phenotyping_training_set/20251021_123500.jpg,/home/user/tabbakhab1/dev/project/cache/grid_crops_1400_inset075/20251021_123500_gridv3_2b8e6745e1f7.jpg,/home/user/tabbakhab1/dev/project/cache/sam3_masks_grid1400_inset075/20251021_123500_samv1_ad8dceb10cdd.png
20251021_130115,8.5,15.785431,7.5232806,8.260063,7.285431,0.012140816,1.0657124e-05,0.9999368,5.255876e-05,0.992933685779743,0.9792294260862323,0.17836426617577672,0.24921270087361336,/home/nfs/data/nvme_datasets/Pictures_CFSB_leaf_damage/RSFB-Phenotyping_training_set/RSFB-Phenotyping_training_set/20251021_130115.jpg,/home/user/tabbakhab1/dev/project/cache/grid_crops_1400_inset075/20251021_130115_gridv3_6ced4d259ef8.jpg,/home/user/tabbakhab1/dev/project/cache/sam3_masks_grid1400_inset075/20251021_130115_samv1_1507c3766156.png
20251021_154427,6.5,6.246268,7.1670136,-0.92114335,-0.2537322,0.023380103,3.5628094e-05,0.9998115,0.00015295837,0.9918389387988817,0.9770228805408486,0.18345400877296925,0.26088742539286613,/home/nfs/data/nvme_datasets/Pictures_CFSB_leaf_damage/RSFB-Phenotyping_training_set/RSFB-Phenotyping_training_set/20251021_154427.jpg,/home/user/tabbakhab1/dev/project/cache/grid_crops_1400_inset075/20251021_154427_gridv3_e64ac4206fd1.jpg,/home/user/tabbakhab1/dev/project/cache/sam3_masks_grid1400_inset075/20251021_154427_samv1_ef197141b25d.png
20251021_154716,5.25,4.711029,7.195849,-2.485019,-0.53897095,0.021120919,4.9655588e-05,0.99975663,0.00019372489,0.9947912404843218,0.9746960321160446,0.16492017544806004,0.2732050884515047,/home/nfs/data/nvme_datasets/Pictures_CFSB_leaf_damage/RSFB-Phenotyping_training_set/RSFB-Phenotyping_training_set/20251021_154716.jpg,/home/user/tabbakhab1/dev/project/cache/grid_crops_1400_inset075/20251021_154716_gridv3_39c492de1c6d.jpg,/home/user/tabbakhab1/dev/project/cache/sam3_masks_grid1400_inset075/20251021_154716_samv1_3364aff317fa.png
20251021_162906,4.25,3.516247,7.908383,-4.3909426,-0.73375297,0.015735203,0.00038935326,0.9985869,0.0010238077,0.9934391988543797,0.9840055114872356,0.17564131785184145,0.2290587341412902,/home/nfs/data/nvme_datasets/Pictures_CFSB_leaf_damage/RSFB-Phenotyping_training_set/RSFB-Phenotyping_training_set/20251021_162906.jpg,/home/user/tabbakhab1/dev/project/cache/grid_crops_1400_inset075/20251021_162906_gridv3_964af2f6994f.jpg,/home/user/tabbakhab1/dev/project/cache/sam3_masks_grid1400_inset075/20251021_162906_samv1_ca7d0ce1e984.png
20251021_131002,3.75,5.555808,8.397989,-2.8413854,1.8058081,0.03629388,8.138114e-05,0.9996487,0.0002699839,0.990121332601546,0.967888710943692,0.19863500026986003,0.2863324610516429,/home/nfs/data/nvme_datasets/Pictures_CFSB_leaf_damage/RSFB-Phenotyping_training_set/RSFB-Phenotyping_training_set/20251021_131002.jpg,/home/user/tabbakhab1/dev/project/cache/grid_crops_1400_inset075/20251021_131002_gridv3_66352da1a976.jpg,/home/user/tabbakhab1/dev/project/cache/sam3_masks_grid1400_inset075/20251021_131002_samv1_bbe4b845844d.png
20251021_124134,7.25,2.568058,5.6496725,-3.0800235,-4.681942,0.020147959,0.000113193724,0.9995278,0.000359027,0.9921563393192719,0.9773065577117459,0.18014707881957293,0.2571411496028304,/home/nfs/data/nvme_datasets/Pictures_CFSB_leaf_damage/RSFB-Phenotyping_training_set/RSFB-Phenotyping_training_set/20251021_124134.jpg,/home/user/tabbakhab1/dev/project/cache/grid_crops_1400_inset075/20251021_124134_gridv3_5e5fff0807c8.jpg,/home/user/tabbakhab1/dev/project/cache/sam3_masks_grid1400_inset075/20251021_124134_samv1_63e36d0fb917.png
20251021_154753,3.5,2.0716906,3.6085205,-1.535239,-1.4283094,0.012569387,3.7776914e-05,0.9997813,0.00018092894,0.9954935103261517,0.9842211544716114,0.16065760888159275,0.22796413907781243,/home/nfs/data/nvme_datasets/Pictures_CFSB_leaf_damage/RSFB-Phenotyping_training_set/RSFB-Phenotyping_training_set/20251021_154753.jpg,/home/user/tabbakhab1/dev/project/cache/grid_crops_1400_inset075/20251021_154753_gridv3_d402e7a9dde6.jpg,/home/user/tabbakhab1/dev/project/cache/sam3_masks_grid1400_inset075/20251021_154753_samv1_6ddf8acf8583.png
20251021_133005,24.5,14.907243,9.598339,5.310495,-9.592757,0.027492346,1.245925e-05,0.99992156,6.5922446e-05,0.9917901494194549,0.9784319290847796,0.17921359464526176,0.2517384048551321,/home/nfs/data/nvme_datasets/Pictures_CFSB_leaf_damage/RSFB-Phenotyping_training_set/RSFB-Phenotyping_training_set/20251021_133005.jpg,/home/user/tabbakhab1/dev/project/cache/grid_crops_1400_inset075/20251021_133005_gridv3_4ef005ae641a.jpg,/home/user/tabbakhab1/dev/project/cache/sam3_masks_grid1400_inset075/20251021_133005_samv1_044546def510.png
20251021_162800,3.75,3.1057897,7.11849,-4.0123034,-0.64421034,0.025572449,0.00014334897,0.99938107,0.0004755637,0.9911900353066987,0.9757036211583594,0.18920750869438052,0.25730002392083406,/home/nfs/data/nvme_datasets/Pictures_CFSB_leaf_damage/RSFB-Phenotyping_training_set/RSFB-Phenotyping_training_set/20251021_162800.jpg,/home/user/tabbakhab1/dev/project/cache/grid_crops_1400_inset075/20251021_162800_gridv3_637463cb6c71.jpg,/home/user/tabbakhab1/dev/project/cache/sam3_masks_grid1400_inset075/20251021_162800_samv1_f17304f8af3d.png
20251021_132559,14.5,11.381762,9.607884,1.7738771,-3.1182384,0.015338265,2.1950926e-05,0.99986124,0.000116825846,0.9929211538548868,0.9806656317980246,0.17999544739723206,0.2452113050967455,/home/nfs/data/nvme_datasets/Pictures_CFSB_leaf_damage/RSFB-Phenotyping_training_set/RSFB-Phenotyping_training_set/20251021_132559.jpg,/home/user/tabbakhab1/dev/project/cache/grid_crops_1400_inset075/20251021_132559_gridv3_f21f29d8f04c.jpg,/home/user/tabbakhab1/dev/project/cache/sam3_masks_grid1400_inset075/20251021_132559_samv1_db5191cf6612.png
20251021_160615,2.0,1.8553252,5.476262,-3.6209366,-0.14467478,0.02392398,0.00020772274,0.99920964,0.0005825729,0.9935350902956356,0.978780966362775,0.17436589067801833,0.24626895412802696,/home/nfs/data/nvme_datasets/Pictures_CFSB_leaf_damage/RSFB-Phenotyping_training_set/RSFB-Phenotyping_training_set/20251021_160615.jpg,/home/user/tabbakhab1/dev/project/cache/grid_crops_1400_inset075/20251021_160615_gridv3_47af67e5c3e5.jpg,/home/user/tabbakhab1/dev/project/cache/sam3_masks_grid1400_inset075/20251021_160615_samv1_6c51cd45969b.png
20251021_162506,5.0,2.313511,6.3910418,-4.07594,-2.686489,0.020252552,0.00017528186,0.9993224,0.0005022659,0.9944125271394862,0.9712951689651504,0.17186470050364733,0.2841365169733763,/home/nfs/data/nvme_datasets/Pictures_CFSB_leaf_damage/RSFB-Phenotyping_training_set/RSFB-Phenotyping_training_set/20251021_162506.jpg,/home/user/tabbakhab1/dev/project/cache/grid_crops_1400_inset075/20251021_162506_gridv3_38f8ea19eee9.jpg,/home/user/tabbakhab1/dev/project/cache/sam3_masks_grid1400_inset075/20251021_162506_samv1_d7cb013a1d43.png
20251021_121253,8.5,18.197268,12.342678,5.851408,9.697268,0.011491327,1.1523068e-05,0.9999341,5.4439246e-05,0.9939545229625837,0.9784941207488508,0.17205389216542244,0.2530143642798066,/home/nfs/data/nvme_datasets/Pictures_CFSB_leaf_damage/RSFB-Phenotyping_training_set/RSFB-Phenotyping_training_set/20251021_121253.jpg,/home/user/tabbakhab1/dev/project/cache/grid_crops_1400_inset075/20251021_121253_gridv3_c668b9bc9d72.jpg,/home/user/tabbakhab1/dev/project/cache/sam3_masks_grid1400_inset075/20251021_121253_samv1_33fedd282e8d.png
20251021_130316,4.0,4.9194393,8.444125,-3.5254815,0.9194393,0.022860715,9.7397206e-05,0.9996152,0.00028738673,0.9956860497922131,0.972399665881452,0.15958055574446917,0.2747379057109356,/home/nfs/data/nvme_datasets/Pictures_CFSB_leaf_damage/RSFB-Phenotyping_training_set/RSFB-Phenotyping_training_set/20251021_130316.jpg,/home/user/tabbakhab1/dev/project/cache/grid_crops_1400_inset075/20251021_130316_gridv3_637240cdb9d4.jpg,/home/user/tabbakhab1/dev/project/cache/sam3_masks_grid1400_inset075/20251021_130316_samv1_6528804849e7.png
20251021_160632,1.75,6.944682,8.669241,-1.7245586,5.194682,0.03601888,8.4290696e-05,0.9996203,0.00029535493,0.9878820322141225,0.9740799714478836,0.21485712239518762,0.26306338515132666,/home/nfs/data/nvme_datasets/Pictures_CFSB_leaf_damage/RSFB-Phenotyping_training_set/RSFB-Phenotyping_training_set/20251021_160632.jpg,/home/user/tabbakhab1/dev/project/cache/grid_crops_1400_inset075/20251021_160632_gridv3_dee9be4c07d6.jpg,/home/user/tabbakhab1/dev/project/cache/sam3_masks_grid1400_inset075/20251021_160632_samv1_23260baef6cb.png
20251021_121432,17.0,10.465391,9.2499275,1.2154638,-6.534609,0.019970918,1.9221703e-05,0.9999044,7.632085e-05,0.9948565794457895,0.9759249798018106,0.16591151151806116,0.26073796581476927,/home/nfs/data/nvme_datasets/Pictures_CFSB_leaf_damage/RSFB-Phenotyping_training_set/RSFB-Phenotyping_training_set/20251021_121432.jpg,/home/user/tabbakhab1/dev/project/cache/grid_crops_1400_inset075/20251021_121432_gridv3_c4270272619b.jpg,/home/user/tabbakhab1/dev/project/cache/sam3_masks_grid1400_inset075/20251021_121432_samv1_1f18f5d65852.png
20251021_160958,3.5,4.925803,5.8930836,-0.9664846,1.4258032,0.026911225,3.5767942e-05,0.9998228,0.00014146496,0.9898478890800483,0.9701401499380035,0.20163216022774577,0.27926819678395987,/home/nfs/data/nvme_datasets/Pictures_CFSB_leaf_damage/RSFB-Phenotyping_training_set/RSFB-Phenotyping_training_set/20251021_160958.jpg,/home/user/tabbakhab1/dev/project/cache/grid_crops_1400_inset075/20251021_160958_gridv3_93b48d060a23.jpg,/home/user/tabbakhab1/dev/project/cache/sam3_masks_grid1400_inset075/20251021_160958_samv1_176e37c6b317.png
20251021_155331,6.0,8.919811,9.601521,-0.6817097,2.9198112,0.015813775,3.2440836e-05,0.9998449,0.00012266981,0.9936016980692426,0.9734315084853308,0.17379495920613408,0.27336754091084003,/home/nfs/data/nvme_datasets/Pictures_CFSB_leaf_damage/RSFB-Phenotyping_training_set/RSFB-Phenotyping_training_set/20251021_155331.jpg,/home/user/tabbakhab1/dev/project/cache/grid_crops_1400_inset075/20251021_155331_gridv3_ace548a5da88.jpg,/home/user/tabbakhab1/dev/project/cache/sam3_masks_grid1400_inset075/20251021_155331_samv1_27cff2893324.png
20251021_122853,9.25,7.8618484,9.063789,-1.201941,-1.3881516,0.01914949,2.8185423e-05,0.9998568,0.000115014125,0.9954536780581166,0.9744945656455931,0.1618233686313033,0.26893480494618416,/home/nfs/data/nvme_datasets/Pictures_CFSB_leaf_damage/RSFB-Phenotyping_training_set/RSFB-Phenotyping_training_set/20251021_122853.jpg,/home/user/tabbakhab1/dev/project/cache/grid_crops_1400_inset075/20251021_122853_gridv3_0cdf49efd7b5.jpg,/home/user/tabbakhab1/dev/project/cache/sam3_masks_grid1400_inset075/20251021_122853_samv1_30654239a09d.png
20251021_131954,3.0,4.8033023,8.640604,-3.837302,1.8033023,0.042496428,0.00027138216,0.9989555,0.0007730959,0.9873127153425714,0.9708318427195354,0.21273936331272125,0.2676949519664049,/home/nfs/data/nvme_datasets/Pictures_CFSB_leaf_damage/RSFB-Phenotyping_training_set/RSFB-Phenotyping_training_set/20251021_131954.jpg,/home/user/tabbakhab1/dev/project/cache/grid_crops_1400_inset075/20251021_131954_gridv3_5e98fc1bffc2.jpg,/home/user/tabbakhab1/dev/project/cache/sam3_masks_grid1400_inset075/20251021_131954_samv1_b961c5483b87.png
20251021_161143,7.25,7.3424125,5.845356,1.4970568,0.09241247,0.013506123,1.37911275e-05,0.9999212,6.502728e-05,0.9971644491652674,0.9824787900981319,0.14839910808950663,0.23633568733930588,/home/nfs/data/nvme_datasets/Pictures_CFSB_leaf_damage/RSFB-Phenotyping_training_set/RSFB-Phenotyping_training_set/20251021_161143.jpg,/home/user/tabbakhab1/dev/project/cache/grid_crops_1400_inset075/20251021_161143_gridv3_ceb9e95effda.jpg,/home/user/tabbakhab1/dev/project/cache/sam3_masks_grid1400_inset075/20251021_161143_samv1_1c58f143e1dd.png
20251021_155308,0.7500005,5.31717,6.746215,-1.4286473,4.5671697,0.024412245,2.5463849e-05,0.99987423,0.000100318844,0.9937968451287803,0.9764991592701037,0.1752010495401919,0.25197248347103596,/home/nfs/data/nvme_datasets/Pictures_CFSB_leaf_damage/RSFB-Phenotyping_training_set/RSFB-Phenotyping_training_set/20251021_155308.jpg,/home/user/tabbakhab1/dev/project/cache/grid_crops_1400_inset075/20251021_155308_gridv3_04520e383698.jpg,/home/user/tabbakhab1/dev/project/cache/sam3_masks_grid1400_inset075/20251021_155308_samv1_c44a49868553.png
20251021_153136,8.5,2.2626014,6.1643353,-3.9009387,-6.2373986,0.012394898,0.00015651216,0.99934214,0.0005012958,0.9949452218613213,0.9810504549690465,0.1679579857736826,0.24217440374195576,/home/nfs/data/nvme_datasets/Pictures_CFSB_leaf_damage/RSFB-Phenotyping_training_set/RSFB-Phenotyping_training_set/20251021_153136.jpg,/home/user/tabbakhab1/dev/project/cache/grid_crops_1400_inset075/20251021_153136_gridv3_5ccd5a80b624.jpg,/home/user/tabbakhab1/dev/project/cache/sam3_masks_grid1400_inset075/20251021_153136_samv1_6ad91de244a2.png
20251021_154443,3.75,6.908091,9.418565,-2.5104737,3.158091,0.026312755,7.002103e-05,0.99969125,0.00023873591,0.9935815687134417,0.9749136241494,0.17455653520300984,0.2663932694122195,/home/nfs/data/nvme_datasets/Pictures_CFSB_leaf_damage/RSFB-Phenotyping_training_set/RSFB-Phenotyping_training_set/20251021_154443.jpg,/home/user/tabbakhab1/dev/project/cache/grid_crops_1400_inset075/20251021_154443_gridv3_784729157ae0.jpg,/home/user/tabbakhab1/dev/project/cache/sam3_masks_grid1400_inset075/20251021_154443_samv1_3136edd08931.png
20251021_161301,1.5,2.4248753,6.9741144,-4.5500345,0.92487526,0.02945102,0.00030152407,0.99880874,0.0008896971,0.9939631722207068,0.9775992272140489,0.17152463970705867,0.2560363067314029,/home/nfs/data/nvme_datasets/Pictures_CFSB_leaf_damage/RSFB-Phenotyping_training_set/RSFB-Phenotyping_training_set/20251021_161301.jpg,/home/user/tabbakhab1/dev/project/cache/grid_crops_1400_inset075/20251021_161301_gridv3_29848dc6cf6c.jpg,/home/user/tabbakhab1/dev/project/cache/sam3_masks_grid1400_inset075/20251021_161301_samv1_3f73d00f04fe.png
20251021_121624,9.75,9.969024,9.7319765,0.2368484,0.2190237,0.014485204,1.8997589e-05,0.99989533,8.564164e-05,0.992550831393176,0.9772966750020973,0.1802342482842505,0.25921882782131433,/home/nfs/data/nvme_datasets/Pictures_CFSB_leaf_damage/RSFB-Phenotyping_training_set/RSFB-Phenotyping_training_set/20251021_121624.jpg,/home/user/tabbakhab1/dev/project/cache/grid_crops_1400_inset075/20251021_121624_gridv3_56651bce7707.jpg,/home/user/tabbakhab1/dev/project/cache/sam3_masks_grid1400_inset075/20251021_121624_samv1_0dbbbe180d2e.png
20251021_161318,6.75,8.19276,9.124245,-0.93148434,1.4427605,0.030029591,3.6615824e-05,0.99981374,0.00014970754,0.9903314523571454,0.974477083378523,0.198852660600096,0.2685562754049897,/home/nfs/data/nvme_datasets/Pictures_CFSB_leaf_damage/RSFB-Phenotyping_training_set/RSFB-Phenotyping_training_set/20251021_161318.jpg,/home/user/tabbakhab1/dev/project/cache/grid_crops_1400_inset075/20251021_161318_gridv3_4e5774f949bf.jpg,/home/user/tabbakhab1/dev/project/cache/sam3_masks_grid1400_inset075/20251021_161318_samv1_3128d1f4b6ce.png
20251021_160943,5.75,5.5048985,8.28742,-2.7825212,-0.24510145,0.030492857,5.8965947e-05,0.99973077,0.00021028095,0.9955349072958892,0.9716122212050682,0.1626431648619473,0.273710829205811,/home/nfs/data/nvme_datasets/Pictures_CFSB_leaf_damage/RSFB-Phenotyping_training_set/RSFB-Phenotyping_training_set/20251021_160943.jpg,/home/user/tabbakhab1/dev/project/cache/grid_crops_1400_inset075/20251021_160943_gridv3_08f6a8baefc4.jpg,/home/user/tabbakhab1/dev/project/cache/sam3_masks_grid1400_inset075/20251021_160943_samv1_47015316d620.png
20251021_130410,2.0,2.4280572,6.4825196,-4.053667,0.4280572,0.034818877,0.00019896832,0.99911994,0.0006810355,0.9902237854596672,0.9750116700534455,0.19604487530887127,0.25820927415043116,/home/nfs/data/nvme_datasets/Pictures_CFSB_leaf_damage/RSFB-Phenotyping_training_set/RSFB-Phenotyping_training_set/20251021_130410.jpg,/home/user/tabbakhab1/dev/project/cache/grid_crops_1400_inset075/20251021_130410_gridv3_7a39b25ca267.jpg,/home/user/tabbakhab1/dev/project/cache/sam3_masks_grid1400_inset075/20251021_130410_samv1_2525c7408113.png
20251021_122423,1.75,6.573202,7.876962,-1.3037599,4.823202,0.02582602,4.0212697e-05,0.99976605,0.00019372672,0.9918036250851372,0.9812728380811621,0.18674105033278465,0.24294026661664248,/home/nfs/data/nvme_datasets/Pictures_CFSB_leaf_damage/RSFB-Phenotyping_training_set/RSFB-Phenotyping_training_set/20251021_122423.jpg,/home/user/tabbakhab1/dev/project/cache/grid_crops_1400_inset075/20251021_122423_gridv3_e44a3c931912.jpg,/home/user/tabbakhab1/dev/project/cache/sam3_masks_grid1400_inset075/20251021_122423_samv1_439225426db2.png
20251021_162416,0.7500005,5.866038,6.684169,-0.81773347,5.1160374,0.005827041,4.0528736e-05,0.999782,0.0001774296,0.9964121154849054,0.9901736348754463,0.1501169092953205,0.19572123745456338,/home/nfs/data/nvme_datasets/Pictures_CFSB_leaf_damage/RSFB-Phenotyping_training_set/RSFB-Phenotyping_training_set/20251021_162416.jpg,/home/user/tabbakhab1/dev/project/cache/grid_crops_1400_inset075/20251021_162416_gridv3_8a2da542dcbc.jpg,/home/user/tabbakhab1/dev/project/cache/sam3_masks_grid1400_inset075/20251021_162416_samv1_d815f20eeb2c.png
20251021_125744,2.0,10.648347,8.645377,2.0029697,8.648347,0.011838775,1.9447947e-05,0.9998872,9.332621e-05,0.9951179229000605,0.9805723609619734,0.16265308111906052,0.24420250626280904,/home/nfs/data/nvme_datasets/Pictures_CFSB_leaf_damage/RSFB-Phenotyping_training_set/RSFB-Phenotyping_training_set/20251021_125744.jpg,/home/user/tabbakhab1/dev/project/cache/grid_crops_1400_inset075/20251021_125744_gridv3_ff99abab1151.jpg,/home/user/tabbakhab1/dev/project/cache/sam3_masks_grid1400_inset075/20251021_125744_samv1_226681a391ea.png
20251021_125600,4.75,5.476262,8.98822,-3.512754,0.7262621,0.017928062,0.0001525872,0.9993352,0.00051217875,0.9912088697315309,0.9816904532016195,0.18982682889327407,0.2403138461522758,/home/nfs/data/nvme_datasets/Pictures_CFSB_leaf_damage/RSFB-Phenotyping_training_set/RSFB-Phenotyping_training_set/20251021_125600.jpg,/home/user/tabbakhab1/dev/project/cache/grid_crops_1400_inset075/20251021_125600_gridv3_4c7dc1a4c163.jpg,/home/user/tabbakhab1/dev/project/cache/sam3_masks_grid1400_inset075/20251021_125600_samv1_90d572148d61.png
20251021_161250,3.25,4.0635242,6.8261585,-2.7618392,0.81352425,0.014945408,4.8694656e-05,0.99974626,0.00020501215,0.994069325435695,0.9773137153279501,0.16938673006370664,0.2589884828776121,/home/nfs/data/nvme_datasets/Pictures_CFSB_leaf_damage/RSFB-Phenotyping_training_set/RSFB-Phenotyping_training_set/20251021_161250.jpg,/home/user/tabbakhab1/dev/project/cache/grid_crops_1400_inset075/20251021_161250_gridv3_71b8a4b8955d.jpg,/home/user/tabbakhab1/dev/project/cache/sam3_masks_grid1400_inset075/20251021_161250_samv1_7e73ade24f1a.png
20251021_155512,8.0,6.28445,10.32539,-4.04094,-1.71555,0.025720919,0.00014906458,0.99941623,0.0004347157,0.9941786784017762,0.9704868030368181,0.17004332318902016,0.2847788417711854,/home/nfs/data/nvme_datasets/Pictures_CFSB_leaf_damage/RSFB-Phenotyping_training_set/RSFB-Phenotyping_training_set/20251021_155512.jpg,/home/user/tabbakhab1/dev/project/cache/grid_crops_1400_inset075/20251021_155512_gridv3_28bac2125511.jpg,/home/user/tabbakhab1/dev/project/cache/sam3_masks_grid1400_inset075/20251021_155512_samv1_1f6eb538f665.png
20251021_161615,19.75,14.55724,9.798795,4.760036,-5.1927605,0.034382142,1.3737411e-05,0.9999248,6.144668e-05,0.9911811760932165,0.9704710982159023,0.19394184881821275,0.27028742991387844,/home/nfs/data/nvme_datasets/Pictures_CFSB_leaf_damage/RSFB-Phenotyping_training_set/RSFB-Phenotyping_training_set/20251021_161615.jpg,/home/user/tabbakhab1/dev/project/cache/grid_crops_1400_inset075/20251021_161615_gridv3_90ad88be429a.jpg,/home/user/tabbakhab1/dev/project/cache/sam3_masks_grid1400_inset075/20251021_161615_samv1_d6505ac3b79f.png
20251021_154954,2.5,5.441262,7.6995745,-2.257517,2.9412618,0.018253572,7.3090436e-05,0.9996245,0.00030236033,0.9939800028041595,0.9808873347592166,0.1712717255577445,0.24549702648073435,/home/nfs/data/nvme_datasets/Pictures_CFSB_leaf_damage/RSFB-Phenotyping_training_set/RSFB-Phenotyping_training_set/20251021_154954.jpg,/home/user/tabbakhab1/dev/project/cache/grid_crops_1400_inset075/20251021_154954_gridv3_e45e73f84759.jpg,/home/user/tabbakhab1/dev/project/cache/sam3_masks_grid1400_inset075/20251021_154954_samv1_23b2c234d406.png
20251021_121504,10.5,3.0644255,7.2015166,-4.136395,-7.4355745,0.017008163,0.000114073635,0.99945873,0.00042715916,0.9959278071444383,0.9860660076985813,0.15458756778389215,0.2225780040025711,/home/nfs/data/nvme_datasets/Pictures_CFSB_leaf_damage/RSFB-Phenotyping_training_set/RSFB-Phenotyping_training_set/20251021_121504.jpg,/home/user/tabbakhab1/dev/project/cache/grid_crops_1400_inset075/20251021_121504_gridv3_4e18401c6108.jpg,/home/user/tabbakhab1/dev/project/cache/sam3_masks_grid1400_inset075/20251021_121504_samv1_112013f8a9fc.png
20251021_155044,3.0,2.4821482,6.560475,-4.079122,-0.5178518,0.023669388,0.0001665991,0.9992987,0.00053464656,0.9922490911382205,0.9766890946830903,0.18328571040183306,0.25945546478033066,/home/nfs/data/nvme_datasets/Pictures_CFSB_leaf_damage/RSFB-Phenotyping_training_set/RSFB-Phenotyping_training_set/20251021_155044.jpg,/home/user/tabbakhab1/dev/project/cache/grid_crops_1400_inset075/20251021_155044_gridv3_17f6c5521d0a.jpg,/home/user/tabbakhab1/dev/project/cache/sam3_masks_grid1400_inset075/20251021_155044_samv1_5cfc8513899e.png
20251021_122516,25.0,20.590014,12.539952,8.050061,-4.4099865,0.013609694,1.07827755e-05,0.99993944,4.9761766e-05,0.9921613195104259,0.9778677753464103,0.18642631312832236,0.2526527252048254,/home/nfs/data/nvme_datasets/Pictures_CFSB_leaf_damage/RSFB-Phenotyping_training_set/RSFB-Phenotyping_training_set/20251021_122516.jpg,/home/user/tabbakhab1/dev/project/cache/grid_crops_1400_inset075/20251021_122516_gridv3_7543781bc05d.jpg,/home/user/tabbakhab1/dev/project/cache/sam3_masks_grid1400_inset075/20251021_122516_samv1_2415278df768.png
20251021_162856,9.0,8.491057,8.231737,0.259519,-0.5089426,0.017954592,1.8776396e-05,0.9999025,7.87434e-05,0.9929533411462795,0.9733422707759724,0.17757341731339693,0.27204444352537394,/home/nfs/data/nvme_datasets/Pictures_CFSB_leaf_damage/RSFB-Phenotyping_training_set/RSFB-Phenotyping_training_set/20251021_162856.jpg,/home/user/tabbakhab1/dev/project/cache/grid_crops_1400_inset075/20251021_162856_gridv3_238cf3aa41f4.jpg,/home/user/tabbakhab1/dev/project/cache/sam3_masks_grid1400_inset075/20251021_162856_samv1_6ab6555098d8.png
20251021_125405,19.5,15.759977,6.607805,9.150979,-3.7400227,0.015103062,1.4173467e-05,0.9999237,6.217092e-05,0.9965940863662818,0.9819459557539462,0.15225461404770613,0.24006109219044447,/home/nfs/data/nvme_datasets/Pictures_CFSB_leaf_damage/RSFB-Phenotyping_training_set/RSFB-Phenotyping_training_set/20251021_125405.jpg,/home/user/tabbakhab1/dev/project/cache/grid_crops_1400_inset075/20251021_125405_gridv3_16d15bc88ff9.jpg,/home/user/tabbakhab1/dev/project/cache/sam3_masks_grid1400_inset075/20251021_125405_samv1_b02bd2f9cd8f.png
20251021_154331,2.25,3.9489777,8.095714,-4.145941,1.6989777,0.0153086735,0.00019324393,0.9992242,0.0005825813,0.9942647726069045,0.9763463372657439,0.16901460709050298,0.26501197554171085,/home/nfs/data/nvme_datasets/Pictures_CFSB_leaf_damage/RSFB-Phenotyping_training_set/RSFB-Phenotyping_training_set/20251021_154331.jpg,/home/user/tabbakhab1/dev/project/cache/grid_crops_1400_inset075/20251021_154331_gridv3_d4623a24cf37.jpg,/home/user/tabbakhab1/dev/project/cache/sam3_masks_grid1400_inset075/20251021_154331_samv1_288550234676.png
20251021_160745,7.75,4.5185275,5.4810348,-0.9633028,-3.2314725,0.020163776,3.5488763e-05,0.99979943,0.00016506272,0.9917624555091482,0.9736978745779786,0.18293134775012732,0.27576604671776295,/home/nfs/data/nvme_datasets/Pictures_CFSB_leaf_damage/RSFB-Phenotyping_training_set/RSFB-Phenotyping_training_set/20251021_160745.jpg,/home/user/tabbakhab1/dev/project/cache/grid_crops_1400_inset075/20251021_160745_gridv3_36ff4330d68d.jpg,/home/user/tabbakhab1/dev/project/cache/sam3_masks_grid1400_inset075/20251021_160745_samv1_8c0ff4a62060.png
20251021_123050,3.5,5.33467,8.923788,-3.5891182,1.8346701,0.016910205,0.00015499738,0.99938226,0.00046273676,0.9942559312617802,0.9765452506240718,0.17248143861070275,0.26589710358530283,/home/nfs/data/nvme_datasets/Pictures_CFSB_leaf_damage/RSFB-Phenotyping_training_set/RSFB-Phenotyping_training_set/20251021_123050.jpg,/home/user/tabbakhab1/dev/project/cache/grid_crops_1400_inset075/20251021_123050_gridv3_ff42a152aa8a.jpg,/home/user/tabbakhab1/dev/project/cache/sam3_masks_grid1400_inset075/20251021_123050_samv1_7ecacb4acc14.png
20251021_131011,1.5,1.9475989,6.628089,-4.68049,0.44759893,0.016067857,0.00070302945,0.9977034,0.0015936116,0.9946763339561346,0.9785908353222785,0.16160307172685862,0.25347768096253276,/home/nfs/data/nvme_datasets/Pictures_CFSB_leaf_damage/RSFB-Phenotyping_training_set/RSFB-Phenotyping_training_set/20251021_131011.jpg,/home/user/tabbakhab1/dev/project/cache/grid_crops_1400_inset075/20251021_131011_gridv3_cfc2e0c83ac8.jpg,/home/user/tabbakhab1/dev/project/cache/sam3_masks_grid1400_inset075/20251021_131011_samv1_2d21a65fb84e.png
20251021_162646,13.5,10.936304,8.456058,2.481837,-2.563696,0.012415306,1.8485134e-05,0.9998938,8.767243e-05,0.9957402570451943,0.9783946321031904,0.15799683146178722,0.25308781675994396,/home/nfs/data/nvme_datasets/Pictures_CFSB_leaf_damage/RSFB-Phenotyping_training_set/RSFB-Phenotyping_training_set/20251021_162646.jpg,/home/user/tabbakhab1/dev/project/cache/grid_crops_1400_inset075/20251021_162646_gridv3_037df2103a60.jpg,/home/user/tabbakhab1/dev/project/cache/sam3_masks_grid1400_inset075/20251021_162646_samv1_f31e1e41a868.png
20251021_161150,1.0,3.6435208,6.2852454,-2.6425202,2.6435208,0.010130612,3.5907313e-05,0.9998054,0.00015874021,0.9928195697218936,0.9809552453280406,0.17830437561497092,0.2451569950208068,/home/nfs/data/nvme_datasets/Pictures_CFSB_leaf_damage/RSFB-Phenotyping_training_set/RSFB-Phenotyping_training_set/20251021_161150.jpg,/home/user/tabbakhab1/dev/project/cache/grid_crops_1400_inset075/20251021_161150_gridv3_958ec8b939c0.jpg,/home/user/tabbakhab1/dev/project/cache/sam3_masks_grid1400_inset075/20251021_161150_samv1_00657f0a4029.png
20251021_121618,23.25,20.742743,13.208139,7.5282393,-2.5072575,0.017464286,9.741488e-06,0.99994576,4.4519402e-05,0.993170958287152,0.972875686151853,0.17823381070047617,0.2761939186602831,/home/nfs/data/nvme_datasets/Pictures_CFSB_leaf_damage/RSFB-Phenotyping_training_set/RSFB-Phenotyping_training_set/20251021_121618.jpg,/home/user/tabbakhab1/dev/project/cache/grid_crops_1400_inset075/20251021_121618_gridv3_75352070cf75.jpg,/home/user/tabbakhab1/dev/project/cache/sam3_masks_grid1400_inset075/20251021_121618_samv1_b0551f6bfb1e.png
20251021_121327,9.75,12.368133,5.355352,7.0127807,2.6181326,0.006786735,8.630468e-06,0.99994445,4.6930047e-05,0.9935885116944057,0.9806913554851246,0.17234795214608312,0.2447236911393702,/home/nfs/data/nvme_datasets/Pictures_CFSB_leaf_damage/RSFB-Phenotyping_training_set/RSFB-Phenotyping_training_set/20251021_121327.jpg,/home/user/tabbakhab1/dev/project/cache/grid_crops_1400_inset075/20251021_121327_gridv3_902e29058b4b.jpg,/home/user/tabbakhab1/dev/project/cache/sam3_masks_grid1400_inset075/20251021_121327_samv1_b6095d575c0f.png
20251021_123625,4.25,2.7112408,7.251531,-4.540489,-1.5387592,0.015428571,0.0003796275,0.9986808,0.00093958713,0.9944077771903237,0.9831152688500193,0.16949397698044777,0.232840271666646,/home/nfs/data/nvme_datasets/Pictures_CFSB_leaf_damage/RSFB-Phenotyping_training_set/RSFB-Phenotyping_training_set/20251021_123625.jpg,/home/user/tabbakhab1/dev/project/cache/grid_crops_1400_inset075/20251021_123625_gridv3_8133a147267e.jpg,/home/user/tabbakhab1/dev/project/cache/sam3_masks_grid1400_inset075/20251021_123625_samv1_5030b9e8da37.png
20251021_131146,5.0,4.1573887,6.669055,-2.5120645,-0.8426113,0.010591837,6.812843e-05,0.99963415,0.00029767552,0.9950910141211848,0.9870676513503955,0.16061977436766028,0.2151300897821784,/home/nfs/data/nvme_datasets/Pictures_CFSB_leaf_damage/RSFB-Phenotyping_training_set/RSFB-Phenotyping_training_set/20251021_131146.jpg,/home/user/tabbakhab1/dev/project/cache/grid_crops_1400_inset075/20251021_131146_gridv3_ade26be23fc8.jpg,/home/user/tabbakhab1/dev/project/cache/sam3_masks_grid1400_inset075/20251021_131146_samv1_181bf6877c26.png
20251021_124309,8.25,5.9328566,7.5297437,-1.5972849,-2.3171434,0.016841326,3.453145e-05,0.9997975,0.00016798955,0.9951686671803442,0.9867509011247221,0.16250098776072264,0.21752821188420057,/home/nfs/data/nvme_datasets/Pictures_CFSB_leaf_damage/RSFB-Phenotyping_training_set/RSFB-Phenotyping_training_set/20251021_124309.jpg,/home/user/tabbakhab1/dev/project/cache/grid_crops_1400_inset075/20251021_124309_gridv3_288f5bafc932.jpg,/home/user/tabbakhab1/dev/project/cache/sam3_masks_grid1400_inset075/20251021_124309_samv1_b3c55eabd7cf.png
20251021_121810,9.5,4.2257977,7.6629834,-3.4363897,-5.2742023,0.016164796,0.00011452968,0.99954224,0.00034326068,0.9954605238516382,0.9785218288284753,0.16036660689860582,0.2526047546416521,/home/nfs/data/nvme_datasets/Pictures_CFSB_leaf_damage/RSFB-Phenotyping_training_set/RSFB-Phenotyping_training_set/20251021_121810.jpg,/home/user/tabbakhab1/dev/project/cache/grid_crops_1400_inset075/20251021_121810_gridv3_00afc8e48389.jpg,/home/user/tabbakhab1/dev/project/cache/sam3_masks_grid1400_inset075/20251021_121810_samv1_b87f2f193c71.png
20251021_124154,11.5,10.024706,10.812212,-0.7879037,-1.4752941,0.030292857,4.468681e-05,0.9997929,0.00016250259,0.9883315918147167,0.9729406278585342,0.20741536701098084,0.2726886523887515,/home/nfs/data/nvme_datasets/Pictures_CFSB_leaf_damage/RSFB-Phenotyping_training_set/RSFB-Phenotyping_training_set/20251021_124154.jpg,/home/user/tabbakhab1/dev/project/cache/grid_crops_1400_inset075/20251021_124154_gridv3_2bf9e8449a4e.jpg,/home/user/tabbakhab1/dev/project/cache/sam3_masks_grid1400_inset075/20251021_124154_samv1_29aef13223ea.png
20251021_155534,18.75,16.332708,11.712673,4.620035,-2.4172916,0.011572449,1.4118057e-05,0.99991286,7.296886e-05,0.9952206376075318,0.9878883385042841,0.158858981449157,0.21158457128331065,/home/nfs/data/nvme_datasets/Pictures_CFSB_leaf_damage/RSFB-Phenotyping_training_set/RSFB-Phenotyping_training_set/20251021_155534.jpg,/home/user/tabbakhab1/dev/project/cache/grid_crops_1400_inset075/20251021_155534_gridv3_51e3f0304d5c.jpg,/home/user/tabbakhab1/dev/project/cache/sam3_masks_grid1400_inset075/20251021_155534_samv1_be063861f627.png
20251021_152521,1.5999999,2.1830554,6.3377457,-4.155486,0.5830555,0.01385,0.00010779402,0.99947745,0.000414834,0.9970877274882831,0.9865402562155356,0.1482904963195324,0.2152292700484395,/home/nfs/data/nvme_datasets/Pictures_CFSB_leaf_damage/RSFB-Phenotyping_training_set/RSFB-Phenotyping_training_set/20251021_152521.jpg,/home/user/tabbakhab1/dev/project/cache/grid_crops_1400_inset075/20251021_152521_gridv3_d91eb1fb6417.jpg,/home/user/tabbakhab1/dev/project/cache/sam3_masks_grid1400_inset075/20251021_152521_samv1_c06fb46f61dc.png
20251021_131803,2.25,6.6734304,8.496626,-1.8231957,4.4234304,0.026437245,3.256789e-05,0.99984753,0.000119828466,0.9938374119075851,0.9817742674235402,0.17197597911581397,0.2397942440584302,/home/nfs/data/nvme_datasets/Pictures_CFSB_leaf_damage/RSFB-Phenotyping_training_set/RSFB-Phenotyping_training_set/20251021_131803.jpg,/home/user/tabbakhab1/dev/project/cache/grid_crops_1400_inset075/20251021_131803_gridv3_ad10a03dc807.jpg,/home/user/tabbakhab1/dev/project/cache/sam3_masks_grid1400_inset075/20251021_131803_samv1_13c74ec38f1f.png
20251021_162630,17.25,12.463588,11.089032,1.374556,-4.7864122,0.015408673,2.2559945e-05,0.9998841,9.332592e-05,0.9928792905044329,0.974837677157952,0.17682266747578979,0.27201920188963413,/home/nfs/data/nvme_datasets/Pictures_CFSB_leaf_damage/RSFB-Phenotyping_training_set/RSFB-Phenotyping_training_set/20251021_162630.jpg,/home/user/tabbakhab1/dev/project/cache/grid_crops_1400_inset075/20251021_162630_gridv3_b6e6b26ddaaa.jpg,/home/user/tabbakhab1/dev/project/cache/sam3_masks_grid1400_inset075/20251021_162630_samv1_be026f54332b.png
20251021_124605,27.5,15.823614,11.302216,4.521398,-11.676386,0.011959694,1.23142045e-05,0.9999304,5.727492e-05,0.9951634824476226,0.9747424068140275,0.16315168933942914,0.26807453855872154,/home/nfs/data/nvme_datasets/Pictures_CFSB_leaf_damage/RSFB-Phenotyping_training_set/RSFB-Phenotyping_training_set/20251021_124605.jpg,/home/user/tabbakhab1/dev/project/cache/grid_crops_1400_inset075/20251021_124605_gridv3_05308b98eef0.jpg,/home/user/tabbakhab1/dev/project/cache/sam3_masks_grid1400_inset075/20251021_124605_samv1_70ab0f4ed0d1.png
20251021_154210,11.5,17.166351,9.70493,7.4582386,5.6663513,0.020045409,1.3314749e-05,0.9999243,6.241429e-05,0.9913358047265022,0.9775519156120651,0.18489091470837593,0.2560101952403784,/home/nfs/data/nvme_datasets/Pictures_CFSB_leaf_damage/RSFB-Phenotyping_training_set/RSFB-Phenotyping_training_set/20251021_154210.jpg,/home/user/tabbakhab1/dev/project/cache/grid_crops_1400_inset075/20251021_154210_gridv3_1c9aacf3e898.jpg,/home/user/tabbakhab1/dev/project/cache/sam3_masks_grid1400_inset075/20251021_154210_samv1_722c42464197.png
20251021_160732,1.25,3.3507915,5.86922,-2.5184283,2.1007915,0.020893367,5.9427533e-05,0.99971586,0.00022471564,0.9952123600470313,0.9744069826073634,0.16188304172828794,0.27001067344099283,/home/nfs/data/nvme_datasets/Pictures_CFSB_leaf_damage/RSFB-Phenotyping_training_set/RSFB-Phenotyping_training_set/20251021_160732.jpg,/home/user/tabbakhab1/dev/project/cache/grid_crops_1400_inset075/20251021_160732_gridv3_d9080ac44ecd.jpg,/home/user/tabbakhab1/dev/project/cache/sam3_masks_grid1400_inset075/20251021_160732_samv1_d0b5711ba7e4.png
20251021_155541,11.5,11.248124,11.687218,-0.43750334,-0.25187588,0.023092857,2.7318265e-05,0.9998574,0.00011523905,0.9934783705672762,0.9756345061084565,0.1753959208726883,0.25865986570715904,/home/nfs/data/nvme_datasets/Pictures_CFSB_leaf_damage/RSFB-Phenotyping_training_set/RSFB-Phenotyping_training_set/20251021_155541.jpg,/home/user/tabbakhab1/dev/project/cache/grid_crops_1400_inset075/20251021_155541_gridv3_9e2a542358b4.jpg,/home/user/tabbakhab1/dev/project/cache/sam3_masks_grid1400_inset075/20251021_155541_samv1_2ecb8ab278d2.png
20251021_155347,9.75,7.39014,9.348564,-1.958424,-2.35986,0.02262704,4.3994532e-05,0.9998048,0.00015117532,0.9943060166880335,0.9699658540593801,0.16988892946392298,0.283431657589972,/home/nfs/data/nvme_datasets/Pictures_CFSB_leaf_damage/RSFB-Phenotyping_training_set/RSFB-Phenotyping_training_set/20251021_155347.jpg,/home/user/tabbakhab1/dev/project/cache/grid_crops_1400_inset075/20251021_155347_gridv3_1592aa57391d.jpg,/home/user/tabbakhab1/dev/project/cache/sam3_masks_grid1400_inset075/20251021_155347_samv1_dd72d434ff22.png
20251021_151633,8.0,8.261965,6.3989964,1.8629687,0.2619648,0.02027551,2.9653009e-05,0.9998343,0.00013604709,0.9936773148773993,0.9841804488962381,0.17194047197699547,0.22853105794638395,/home/nfs/data/nvme_datasets/Pictures_CFSB_leaf_damage/RSFB-Phenotyping_training_set/RSFB-Phenotyping_training_set/20251021_151633.jpg,/home/user/tabbakhab1/dev/project/cache/grid_crops_1400_inset075/20251021_151633_gridv3_fd61c52bcd7a.jpg,/home/user/tabbakhab1/dev/project/cache/sam3_masks_grid1400_inset075/20251021_151633_samv1_6b5947fc9dc9.png
20251021_131646,5.5,5.952743,8.100487,-2.1477437,0.45274305,0.02132653,5.4322838e-05,0.9997466,0.00019909313,0.9912268357408525,0.9737741396082409,0.190543242264539,0.2703287322074175,/home/nfs/data/nvme_datasets/Pictures_CFSB_leaf_damage/RSFB-Phenotyping_training_set/RSFB-Phenotyping_training_set/20251021_131646.jpg,/home/user/tabbakhab1/dev/project/cache/grid_crops_1400_inset075/20251021_131646_gridv3_c8473bfd8b31.jpg,/home/user/tabbakhab1/dev/project/cache/sam3_masks_grid1400_inset075/20251021_131646_samv1_76c4b5873868.png
20251021_124920,4.0,8.681172,10.016751,-1.3355783,4.6811724,0.028996939,3.719321e-05,0.9998344,0.00012830464,0.9913055600508471,0.9757768820152825,0.188663546461612,0.2561995554715395,/home/nfs/data/nvme_datasets/Pictures_CFSB_leaf_damage/RSFB-Phenotyping_training_set/RSFB-Phenotyping_training_set/20251021_124920.jpg,/home/user/tabbakhab1/dev/project/cache/grid_crops_1400_inset075/20251021_124920_gridv3_269d96bcf3de.jpg,/home/user/tabbakhab1/dev/project/cache/sam3_masks_grid1400_inset075/20251021_124920_samv1_316184c58caf.png
20251021_151403,5.25,7.1801386,9.184699,-2.0045607,1.9301386,0.019014286,4.9850296e-05,0.9997639,0.00018630477,0.9946832612602777,0.9794442505486606,0.16759763145819306,0.2460588775575161,/home/nfs/data/nvme_datasets/Pictures_CFSB_leaf_damage/RSFB-Phenotyping_training_set/RSFB-Phenotyping_training_set/20251021_151403.jpg,/home/user/tabbakhab1/dev/project/cache/grid_crops_1400_inset075/20251021_151403_gridv3_a31f9eae231c.jpg,/home/user/tabbakhab1/dev/project/cache/sam3_masks_grid1400_inset075/20251021_151403_samv1_daeeb2d9e0d9.png
20251021_130935,5.5,2.4726028,5.374443,-2.9018402,-3.0273972,0.01727194,6.2766114e-05,0.9996861,0.00025117103,0.9944398071235304,0.9738858642008131,0.1711606839671731,0.27188169956207275,/home/nfs/data/nvme_datasets/Pictures_CFSB_leaf_damage/RSFB-Phenotyping_training_set/RSFB-Phenotyping_training_set/20251021_130935.jpg,/home/user/tabbakhab1/dev/project/cache/grid_crops_1400_inset075/20251021_130935_gridv3_c67d00df919e.jpg,/home/user/tabbakhab1/dev/project/cache/sam3_masks_grid1400_inset075/20251021_130935_samv1_d1c3fe328afc.png
20251021_120939,20.25,14.379057,10.79312,3.5859363,-5.870943,0.008619898,1.6060407e-05,0.99990904,7.4845026e-05,0.9939398894859113,0.9799756358683857,0.16874695383012295,0.24949773447588086,/home/nfs/data/nvme_datasets/Pictures_CFSB_leaf_damage/RSFB-Phenotyping_training_set/RSFB-Phenotyping_training_set/20251021_120939.jpg,/home/user/tabbakhab1/dev/project/cache/grid_crops_1400_inset075/20251021_120939_gridv3_d711613773c4.jpg,/home/user/tabbakhab1/dev/project/cache/sam3_masks_grid1400_inset075/20251021_120939_samv1_196fb64e61be.png
20251021_125148,2.0,4.6076193,8.101282,-3.4936628,2.6076193,0.025840307,0.00016211277,0.9993444,0.000493525,0.9919280584202504,0.9736925789948134,0.18668724689632654,0.2693830644711852,/home/nfs/data/nvme_datasets/Pictures_CFSB_leaf_damage/RSFB-Phenotyping_training_set/RSFB-Phenotyping_training_set/20251021_125148.jpg,/home/user/tabbakhab1/dev/project/cache/grid_crops_1400_inset075/20251021_125148_gridv3_04d14401c25b.jpg,/home/user/tabbakhab1/dev/project/cache/sam3_masks_grid1400_inset075/20251021_125148_samv1_a56f05eab627.png
20251021_122502,15.0,12.218586,10.317435,1.9011508,-2.781414,0.03388316,2.8629054e-05,0.99984896,0.00012243094,0.9906067895162268,0.9710760914326972,0.19062625896185637,0.27099064365029335,/home/nfs/data/nvme_datasets/Pictures_CFSB_leaf_damage/RSFB-Phenotyping_training_set/RSFB-Phenotyping_training_set/20251021_122502.jpg,/home/user/tabbakhab1/dev/project/cache/grid_crops_1400_inset075/20251021_122502_gridv3_9e1612a9ef2a.jpg,/home/user/tabbakhab1/dev/project/cache/sam3_masks_grid1400_inset075/20251021_122502_samv1_01ea415da46e.png
20251021_121320,13.5,5.740355,7.7290063,-1.9886515,-7.759645,0.010444898,4.812794e-05,0.99975854,0.00019334727,0.9955931502962828,0.980265017105951,0.1604662132449448,0.2458323547616601,/home/nfs/data/nvme_datasets/Pictures_CFSB_leaf_damage/RSFB-Phenotyping_training_set/RSFB-Phenotyping_training_set/20251021_121320.jpg,/home/user/tabbakhab1/dev/project/cache/grid_crops_1400_inset075/20251021_121320_gridv3_8e8f04514369.jpg,/home/user/tabbakhab1/dev/project/cache/sam3_masks_grid1400_inset075/20251021_121320_samv1_1ee2da46aef4.png
20251021_163055,2.0,3.0039706,6.4682016,-3.4650264,1.0039706,0.014792857,0.000117011165,0.99949324,0.00038970666,0.9944341794141337,0.9823121945688714,0.1662478605285287,0.23383664060384035,/home/nfs/data/nvme_datasets/Pictures_CFSB_leaf_damage/RSFB-Phenotyping_training_set/RSFB-Phenotyping_training_set/20251021_163055.jpg,/home/user/tabbakhab1/dev/project/cache/grid_crops_1400_inset075/20251021_163055_gridv3_d5db1928f61d.jpg,/home/user/tabbakhab1/dev/project/cache/sam3_masks_grid1400_inset075/20251021_163055_samv1_563499d78e6e.png
20251021_155758,0.0,1.0407739,5.476262,-4.435488,1.0407739,0.0040903063,0.00042670168,0.9983883,0.0011850845,0.9979206836199128,0.9945769265149753,0.13428160129114985,0.1642761011607945,/home/nfs/data/nvme_datasets/Pictures_CFSB_leaf_damage/RSFB-Phenotyping_training_set/RSFB-Phenotyping_training_set/20251021_155758.jpg,/home/user/tabbakhab1/dev/project/cache/grid_crops_1400_inset075/20251021_155758_gridv3_69d862dd2d33.jpg,/home/user/tabbakhab1/dev/project/cache/sam3_masks_grid1400_inset075/20251021_155758_samv1_6f05f600b8e7.png
20251021_120926,21.25,13.07132,8.455262,4.616853,-8.17868,0.014736734,1.3524483e-05,0.9999286,5.7836885e-05,0.993621718719673,0.9753211612531378,0.16978976363316178,0.26597206573933363,/home/nfs/data/nvme_datasets/Pictures_CFSB_leaf_damage/RSFB-Phenotyping_training_set/RSFB-Phenotyping_training_set/20251021_120926.jpg,/home/user/tabbakhab1/dev/project/cache/grid_crops_1400_inset075/20251021_120926_gridv3_f34602797b70.jpg,/home/user/tabbakhab1/dev/project/cache/sam3_masks_grid1400_inset075/20251021_120926_samv1_0ff63c89b386.png
20251021_160133,4.0,7.363095,10.124933,-2.7618392,3.3630948,0.013597959,8.6123386e-05,0.9996455,0.0002684057,0.9961433459486398,0.9802612654128185,0.15439831325784326,0.24694508127868176,/home/nfs/data/nvme_datasets/Pictures_CFSB_leaf_damage/RSFB-Phenotyping_training_set/RSFB-Phenotyping_training_set/20251021_160133.jpg,/home/user/tabbakhab1/dev/project/cache/grid_crops_1400_inset075/20251021_160133_gridv3_4c4b6b3ec13b.jpg,/home/user/tabbakhab1/dev/project/cache/sam3_masks_grid1400_inset075/20251021_160133_samv1_88d43da7e5c5.png
20251021_123220,7.0,3.885341,7.781507,-3.894575,-3.114659,0.012381122,0.00018119642,0.9993056,0.00051316485,0.9958351012036094,0.9763951579133361,0.15749283786863089,0.26095343567430973,/home/nfs/data/nvme_datasets/Pictures_CFSB_leaf_damage/RSFB-Phenotyping_training_set/RSFB-Phenotyping_training_set/20251021_123220.jpg,/home/user/tabbakhab1/dev/project/cache/grid_crops_1400_inset075/20251021_123220_gridv3_81d37d2d4ff4.jpg,/home/user/tabbakhab1/dev/project/cache/sam3_masks_grid1400_inset075/20251021_123220_samv1_18920d5ddd99.png
20251021_125035,5.25,1.8298707,6.191381,-4.362306,-3.4201293,0.012791837,0.00029975723,0.9987913,0.0009090027,0.9936291435379798,0.9852839684038839,0.17290832474827766,0.2199943671002984,/home/nfs/data/nvme_datasets/Pictures_CFSB_leaf_damage/RSFB-Phenotyping_training_set/RSFB-Phenotyping_training_set/20251021_125035.jpg,/home/user/tabbakhab1/dev/project/cache/grid_crops_1400_inset075/20251021_125035_gridv3_35b73f785ac5.jpg,/home/user/tabbakhab1/dev/project/cache/sam3_masks_grid1400_inset075/20251021_125035_samv1_50b9ddf79c9a.png
20251021_154614,4.25,9.787659,8.615945,1.1717135,5.5376587,0.011180612,1.944791e-05,0.9998853,9.516672e-05,0.9948866691051199,0.9830621610890298,0.15826278505846858,0.23200480127707124,/home/nfs/data/nvme_datasets/Pictures_CFSB_leaf_damage/RSFB-Phenotyping_training_set/RSFB-Phenotyping_training_set/20251021_154614.jpg,/home/user/tabbakhab1/dev/project/cache/grid_crops_1400_inset075/20251021_154614_gridv3_76f8d16e6196.jpg,/home/user/tabbakhab1/dev/project/cache/sam3_masks_grid1400_inset075/20251021_154614_samv1_59cad622d842.png
20251021_155407,0.7500005,5.148532,6.4705877,-1.3212601,4.3985314,0.029332653,3.9281946e-05,0.9997857,0.00017502095,0.9950433012902012,0.9789435958468328,0.16580318799242377,0.24667267315089703,/home/nfs/data/nvme_datasets/Pictures_CFSB_leaf_damage/RSFB-Phenotyping_training_set/RSFB-Phenotyping_training_set/20251021_155407.jpg,/home/user/tabbakhab1/dev/project/cache/grid_crops_1400_inset075/20251021_155407_gridv3_5cdc07fb618a.jpg,/home/user/tabbakhab1/dev/project/cache/sam3_masks_grid1400_inset075/20251021_155407_samv1_eb65ec0e66b3.png
20251021_121704,2.0,4.949667,7.4384646,-2.4882007,2.949667,0.02375153,4.8695652e-05,0.99976677,0.00018449475,0.9943151631945861,0.9788435152646859,0.16685372265055776,0.2538761869072914,/home/nfs/data/nvme_datasets/Pictures_CFSB_leaf_damage/RSFB-Phenotyping_training_set/RSFB-Phenotyping_training_set/20251021_121704.jpg,/home/user/tabbakhab1/dev/project/cache/grid_crops_1400_inset075/20251021_121704_gridv3_0f0d4c1e9758.jpg,/home/user/tabbakhab1/dev/project/cache/sam3_masks_grid1400_inset075/20251021_121704_samv1_7ccab1b12860.png
20251021_131634,1.25,3.7071576,7.8367915,-4.1300316,2.4571576,0.05142143,0.00031291347,0.99877626,0.0009107661,0.9873445859438742,0.9696618134958233,0.20633796229958534,0.2569717615842819,/home/nfs/data/nvme_datasets/Pictures_CFSB_leaf_damage/RSFB-Phenotyping_training_set/RSFB-Phenotyping_training_set/20251021_131634.jpg,/home/user/tabbakhab1/dev/project/cache/grid_crops_1400_inset075/20251021_131634_gridv3_f842eeafd881.jpg,/home/user/tabbakhab1/dev/project/cache/sam3_masks_grid1400_inset075/20251021_131634_samv1_bce3533bc045.png
20251021_151952,4.25,2.6444225,5.9742203,-3.3282073,-1.6055775,0.025219388,0.00012700785,0.9994417,0.00043134368,0.9928435240688073,0.9763697980900538,0.18178141582757235,0.26586577761918306,/home/nfs/data/nvme_datasets/Pictures_CFSB_leaf_damage/RSFB-Phenotyping_training_set/RSFB-Phenotyping_training_set/20251021_151952.jpg,/home/user/tabbakhab1/dev/project/cache/grid_crops_1400_inset075/20251021_151952_gridv3_00ca7b203552.jpg,/home/user/tabbakhab1/dev/project/cache/sam3_masks_grid1400_inset075/20251021_151952_samv1_6c40a1dacefb.png
20251021_121633,3.25,5.648082,7.243676,-1.595694,2.3980818,0.023354081,4.7753907e-05,0.99976915,0.00018305944,0.9938337082920328,0.9745032592113178,0.17492527049034834,0.2695564776659012,/home/nfs/data/nvme_datasets/Pictures_CFSB_leaf_damage/RSFB-Phenotyping_training_set/RSFB-Phenotyping_training_set/20251021_121633.jpg,/home/user/tabbakhab1/dev/project/cache/grid_crops_1400_inset075/20251021_121633_gridv3_faa95cff2abb.jpg,/home/user/tabbakhab1/dev/project/cache/sam3_masks_grid1400_inset075/20251021_121633_samv1_028da49f307f.png
20251021_121034,17.5,16.504528,10.147206,6.3541393,-0.99547195,0.010593368,1.2955633e-05,0.9999263,6.073089e-05,0.9951104095221366,0.9801097045002269,0.16204266669228673,0.24719575559720397,/home/nfs/data/nvme_datasets/Pictures_CFSB_leaf_damage/RSFB-Phenotyping_training_set/RSFB-Phenotyping_training_set/20251021_121034.jpg,/home/user/tabbakhab1/dev/project/cache/grid_crops_1400_inset075/20251021_121034_gridv3_e11538bb4a1b.jpg,/home/user/tabbakhab1/dev/project/cache/sam3_masks_grid1400_inset075/20251021_121034_samv1_57877003a367.png
20251021_162057,4.5,1.1680474,4.553528,-3.3854804,-3.3319526,0.024281122,0.00012431067,0.9994609,0.00041482714,0.9926809899164674,0.9756047523654027,0.18347902176901698,0.26498945243656635,/home/nfs/data/nvme_datasets/Pictures_CFSB_leaf_damage/RSFB-Phenotyping_training_set/RSFB-Phenotyping_training_set/20251021_162057.jpg,/home/user/tabbakhab1/dev/project/cache/grid_crops_1400_inset075/20251021_162057_gridv3_ea8a3abf52a7.jpg,/home/user/tabbakhab1/dev/project/cache/sam3_masks_grid1400_inset075/20251021_162057_samv1_87474712a535.png
20251021_125003,2.65,7.7687793,8.798901,-1.0301214,5.118779,0.004259694,2.9421966e-05,0.9998247,0.00014595581,0.99623248248999,0.989663685536694,0.1530132065527141,0.19857167080044746,/home/nfs/data/nvme_datasets/Pictures_CFSB_leaf_damage/RSFB-Phenotyping_training_set/RSFB-Phenotyping_training_set/20251021_125003.jpg,/home/user/tabbakhab1/dev/project/cache/grid_crops_1400_inset075/20251021_125003_gridv3_391f0a46277f.jpg,/home/user/tabbakhab1/dev/project/cache/sam3_masks_grid1400_inset075/20251021_125003_samv1_5333d85b1f32.png
20251021_151731,3.25,4.4994364,7.546448,-3.0466142,1.2494364,0.05722449,0.00014363245,0.9994035,0.00045291072,0.9866023080137657,0.9711239460866764,0.21040146797895432,0.25217060558497906,/home/nfs/data/nvme_datasets/Pictures_CFSB_leaf_damage/RSFB-Phenotyping_training_set/RSFB-Phenotyping_training_set/20251021_151731.jpg,/home/user/tabbakhab1/dev/project/cache/grid_crops_1400_inset075/20251021_151731_gridv3_d64c4734b819.jpg,/home/user/tabbakhab1/dev/project/cache/sam3_masks_grid1400_inset075/20251021_151731_samv1_6c2c92ea3310.png
20251021_162321,1.7000003,1.6739602,5.278988,-3.6050274,-0.026040077,0.0136627555,0.000101264835,0.9994943,0.00040444054,0.9951389324386121,0.980910209938778,0.1652370668016374,0.24370049312710762,/home/nfs/data/nvme_datasets/Pictures_CFSB_leaf_damage/RSFB-Phenotyping_training_set/RSFB-Phenotyping_training_set/20251021_162321.jpg,/home/user/tabbakhab1/dev/project/cache/grid_crops_1400_inset075/20251021_162321_gridv3_6105d1d9634e.jpg,/home/user/tabbakhab1/dev/project/cache/sam3_masks_grid1400_inset075/20251021_162321_samv1_f674caf8a2a8.png
20251021_125215,27.5,19.158184,12.571771,6.586414,-8.341816,0.011668878,1.0782831e-05,0.99994457,4.4693592e-05,0.9920827297534162,0.9742253345144946,0.1816279934719205,0.2716703871265054,/home/nfs/data/nvme_datasets/Pictures_CFSB_leaf_damage/RSFB-Phenotyping_training_set/RSFB-Phenotyping_training_set/20251021_125215.jpg,/home/user/tabbakhab1/dev/project/cache/grid_crops_1400_inset075/20251021_125215_gridv3_cd0f32ee4c48.jpg,/home/user/tabbakhab1/dev/project/cache/sam3_masks_grid1400_inset075/20251021_125215_samv1_6ae087eff0ec.png
20251021_125129,0.9000001,1.658051,5.6703544,-4.0123034,0.7580509,0.0071591837,0.00019474338,0.9991412,0.0006639755,0.9973760228707039,0.9869795184490291,0.14378709811717272,0.21162354853004217,/home/nfs/data/nvme_datasets/Pictures_CFSB_leaf_damage/RSFB-Phenotyping_training_set/RSFB-Phenotyping_training_set/20251021_125129.jpg,/home/user/tabbakhab1/dev/project/cache/grid_crops_1400_inset075/20251021_125129_gridv3_12fcd5f38d3e.jpg,/home/user/tabbakhab1/dev/project/cache/sam3_masks_grid1400_inset075/20251021_125129_samv1_5f627705450a.png
20251021_161028,2.75,2.148055,4.8414845,-2.6934295,-0.6019449,0.01680153,7.395496e-05,0.9996644,0.0002616815,0.994377509558547,0.9772791363784538,0.1654651602730155,0.258873054292053,/home/nfs/data/nvme_datasets/Pictures_CFSB_leaf_damage/RSFB-Phenotyping_training_set/RSFB-Phenotyping_training_set/20251021_161028.jpg,/home/user/tabbakhab1/dev/project/cache/grid_crops_1400_inset075/20251021_161028_gridv3_6d57a83ae3ca.jpg,/home/user/tabbakhab1/dev/project/cache/sam3_masks_grid1400_inset075/20251021_161028_samv1_f9fb2073fbf2.png
20251021_160658,1.5,2.288056,4.531255,-2.2447898,0.7880559,0.027187245,0.00010654258,0.99951863,0.00037478676,0.9916808850609982,0.9729706053667084,0.18771971575915813,0.26727105118334293,/home/nfs/data/nvme_datasets/Pictures_CFSB_leaf_damage/RSFB-Phenotyping_training_set/RSFB-Phenotyping_training_set/20251021_160658.jpg,/home/user/tabbakhab1/dev/project/cache/grid_crops_1400_inset075/20251021_160658_gridv3_60552f858335.jpg,/home/user/tabbakhab1/dev/project/cache/sam3_masks_grid1400_inset075/20251021_160658_samv1_8966f1df2462.png
20251021_162313,1.75,1.6071415,5.2471695,-3.6400278,-0.1428585,0.007192857,0.000102856065,0.99946076,0.00043643656,0.9972631937102746,0.9877405964815195,0.14313975255936384,0.20896919071674347,/home/nfs/data/nvme_datasets/Pictures_CFSB_leaf_damage/RSFB-Phenotyping_training_set/RSFB-Phenotyping_training_set/20251021_162313.jpg,/home/user/tabbakhab1/dev/project/cache/grid_crops_1400_inset075/20251021_162313_gridv3_9ea597bcd2f9.jpg,/home/user/tabbakhab1/dev/project/cache/sam3_masks_grid1400_inset075/20251021_162313_samv1_5976d5813bd3.png
20251021_163044,4.0,7.236616,7.375946,-0.13930504,3.2366161,0.019138776,1.9072237e-05,0.9999106,7.03105e-05,0.9955579890409734,0.9760456208469314,0.1584666110575199,0.2659549405798316,/home/nfs/data/nvme_datasets/Pictures_CFSB_leaf_damage/RSFB-Phenotyping_training_set/RSFB-Phenotyping_training_set/20251021_163044.jpg,/home/user/tabbakhab1/dev/project/cache/grid_crops_1400_inset075/20251021_163044_gridv3_ba02f8eaefdc.jpg,/home/user/tabbakhab1/dev/project/cache/sam3_masks_grid1400_inset075/20251021_163044_samv1_56cff1689195.png
20251021_160541,3.75,4.5964823,6.9430914,-2.3466089,0.8464823,0.028509693,7.720115e-05,0.9996538,0.0002689327,0.9911958186268359,0.9764394170652699,0.19061949383467436,0.26081751100718975,/home/nfs/data/nvme_datasets/Pictures_CFSB_leaf_damage/RSFB-Phenotyping_training_set/RSFB-Phenotyping_training_set/20251021_160541.jpg,/home/user/tabbakhab1/dev/project/cache/grid_crops_1400_inset075/20251021_160541_gridv3_a6eec9597bee.jpg,/home/user/tabbakhab1/dev/project/cache/sam3_masks_grid1400_inset075/20251021_160541_samv1_b939334f9f8e.png
