filename,target,prediction,residual,instance_count,mask_coverage,processed_image_path,mask_path,instance_00_weight,instance_01_weight,instance_02_weight,instance_03_weight,instance_04_weight,instance_05_weight,instance_06_weight,instance_07_weight,instance_08_weight,instance_09_weight,instance_10_weight,instance_11_weight,instance_12_weight,instance_13_weight,instance_14_weight,instance_15_weight,instance_16_weight,instance_17_weight,instance_18_weight,instance_19_weight
20251021_122843,12.25,5.556455,-6.693545,7,1.0,/home/user/tabbakhab1/dev/project/cache/grid_crops_1400_inset075/20251021_122843_gridv3_b6cc079d1d0b.jpg,/home/user/tabbakhab1/dev/project/cache/sam3_masks_grid1400_inset075/20251021_122843_samv1_8e40f8412d7d.png,0.11969572,0.11464852,0.107786976,0.13669614,0.27863115,0.14675249,0.09578898,0.0,0.0,0.0,0.0,0.0,0.0,0.0,0.0,0.0,0.0,0.0,0.0,0.0
20251021_123838,4.75,6.3714786,1.6214786,5,1.0,/home/user/tabbakhab1/dev/project/cache/grid_crops_1400_inset075/20251021_123838_gridv3_9d676a910923.jpg,/home/user/tabbakhab1/dev/project/cache/sam3_masks_grid1400_inset075/20251021_123838_samv1_d65068051a9b.png,0.18022282,0.1655524,0.28260806,0.20575635,0.16586038,0.0,0.0,0.0,0.0,0.0,0.0,0.0,0.0,0.0,0.0,0.0,0.0,0.0,0.0,0.0
20251021_121858,44.0,26.634811,-17.365189,4,1.0,/home/user/tabbakhab1/dev/project/cache/grid_crops_1400_inset075/20251021_121858_gridv3_d02e9dfb7d0a.jpg,/home/user/tabbakhab1/dev/project/cache/sam3_masks_grid1400_inset075/20251021_121858_samv1_a808ac7e114f.png,0.24773318,0.27187908,0.2586567,0.22173105,0.0,0.0,0.0,0.0,0.0,0.0,0.0,0.0,0.0,0.0,0.0,0.0,0.0,0.0,0.0,0.0
20251021_162459,1.5,2.8009481,1.3009481,6,1.0,/home/user/tabbakhab1/dev/project/cache/grid_crops_1400_inset075/20251021_162459_gridv3_f55cb1ad15fb.jpg,/home/user/tabbakhab1/dev/project/cache/sam3_masks_grid1400_inset075/20251021_162459_samv1_840beb4f356d.png,0.14530768,0.14025956,0.16320348,0.17661314,0.21210173,0.1625144,0.0,0.0,0.0,0.0,0.0,0.0,0.0,0.0,0.0,0.0,0.0,0.0,0.0,0.0
20251021_162013,1.0,1.9902744,0.9902744,5,1.0,/home/user/tabbakhab1/dev/project/cache/grid_crops_1400_inset075/20251021_162013_gridv3_93a3b2637615.jpg,/home/user/tabbakhab1/dev/project/cache/sam3_masks_grid1400_inset075/20251021_162013_samv1_0159fcd7536a.png,0.15867743,0.21709502,0.2061814,0.18798181,0.23006439,0.0,0.0,0.0,0.0,0.0,0.0,0.0,0.0,0.0,0.0,0.0,0.0,0.0,0.0,0.0
20251021_132836,7.5,10.751183,3.2511826,5,1.0,/home/user/tabbakhab1/dev/project/cache/grid_crops_1400_inset075/20251021_132836_gridv3_a2df5c4bfde1.jpg,/home/user/tabbakhab1/dev/project/cache/sam3_masks_grid1400_inset075/20251021_132836_samv1_7f208dc5f42c.png,0.16765088,0.13587244,0.2716315,0.29798213,0.12686308,0.0,0.0,0.0,0.0,0.0,0.0,0.0,0.0,0.0,0.0,0.0,0.0,0.0,0.0,0.0
20251021_132147,6.5,2.814568,-3.685432,5,1.0,/home/user/tabbakhab1/dev/project/cache/grid_crops_1400_inset075/20251021_132147_gridv3_8b4768d5f1c0.jpg,/home/user/tabbakhab1/dev/project/cache/sam3_masks_grid1400_inset075/20251021_132147_samv1_fcd11d87dfca.png,0.19178289,0.17941119,0.23607649,0.1791218,0.21360768,0.0,0.0,0.0,0.0,0.0,0.0,0.0,0.0,0.0,0.0,0.0,0.0,0.0,0.0,0.0
20251021_121100,19.5,16.308983,-3.1910172,6,1.0,/home/user/tabbakhab1/dev/project/cache/grid_crops_1400_inset075/20251021_121100_gridv3_6ed33bc5f825.jpg,/home/user/tabbakhab1/dev/project/cache/sam3_masks_grid1400_inset075/20251021_121100_samv1_3cf6fd3e0aa2.png,0.20851545,0.21612549,0.15898812,0.15954266,0.09262742,0.16420086,0.0,0.0,0.0,0.0,0.0,0.0,0.0,0.0,0.0,0.0,0.0,0.0,0.0,0.0
20251021_160342,8.75,10.847266,2.0972662,11,1.0,/home/user/tabbakhab1/dev/project/cache/grid_crops_1400_inset075/20251021_160342_gridv3_42490fdcbf96.jpg,/home/user/tabbakhab1/dev/project/cache/sam3_masks_grid1400_inset075/20251021_160342_samv1_527473df8a5b.png,0.10863105,0.065039515,0.08917064,0.14853598,0.063084595,0.08720364,0.098179705,0.07973171,0.12965259,0.077006236,0.053764354,0.0,0.0,0.0,0.0,0.0,0.0,0.0,0.0,0.0
20251021_123809,4.75,7.0019584,2.2519584,5,1.0,/home/user/tabbakhab1/dev/project/cache/grid_crops_1400_inset075/20251021_123809_gridv3_105d9b2c9508.jpg,/home/user/tabbakhab1/dev/project/cache/sam3_masks_grid1400_inset075/20251021_123809_samv1_4005e1590ec7.png,0.15602835,0.1604427,0.1598733,0.3245096,0.19914603,0.0,0.0,0.0,0.0,0.0,0.0,0.0,0.0,0.0,0.0,0.0,0.0,0.0,0.0,0.0
20251021_124030,1.5,2.789415,1.2894149,8,1.0,/home/user/tabbakhab1/dev/project/cache/grid_crops_1400_inset075/20251021_124030_gridv3_a2fcedf951c3.jpg,/home/user/tabbakhab1/dev/project/cache/sam3_masks_grid1400_inset075/20251021_124030_samv1_5b9020b6c1e5.png,0.13872953,0.13659957,0.13046001,0.12133338,0.11518353,0.11852055,0.12457696,0.114596434,0.0,0.0,0.0,0.0,0.0,0.0,0.0,0.0,0.0,0.0,0.0,0.0
20251021_162400,0.7500005,2.9358497,2.1858492,6,1.0,/home/user/tabbakhab1/dev/project/cache/grid_crops_1400_inset075/20251021_162400_gridv3_e8cbd0b46b4e.jpg,/home/user/tabbakhab1/dev/project/cache/sam3_masks_grid1400_inset075/20251021_162400_samv1_a62ac3d8ab6a.png,0.19089133,0.16987059,0.15894847,0.14228843,0.16861337,0.16938777,0.0,0.0,0.0,0.0,0.0,0.0,0.0,0.0,0.0,0.0,0.0,0.0,0.0,0.0
20251021_161432,3.25,3.113401,-0.13659906,6,1.0,/home/user/tabbakhab1/dev/project/cache/grid_crops_1400_inset075/20251021_161432_gridv3_479a59ed0711.jpg,/home/user/tabbakhab1/dev/project/cache/sam3_masks_grid1400_inset075/20251021_161432_samv1_b2f93aa5e31f.png,0.14956345,0.1559731,0.17920758,0.16020648,0.17395726,0.18109214,0.0,0.0,0.0,0.0,0.0,0.0,0.0,0.0,0.0,0.0,0.0,0.0,0.0,0.0
20251021_162121,3.0,1.6003876,-1.3996124,4,1.0,/home/user/tabbakhab1/dev/project/cache/grid_crops_1400_inset075/20251021_162121_gridv3_53274b04a836.jpg,/home/user/tabbakhab1/dev/project/cache/sam3_masks_grid1400_inset075/20251021_162121_samv1_9eb0ba87eead.png,0.2698496,0.21542251,0.27825096,0.23647693,0.0,0.0,0.0,0.0,0.0,0.0,0.0,0.0,0.0,0.0,0.0,0.0,0.0,0.0,0.0,0.0
20251021_162816,1.75,2.1136427,0.3636427,3,1.0,/home/user/tabbakhab1/dev/project/cache/grid_crops_1400_inset075/20251021_162816_gridv3_dce5600c6338.jpg,/home/user/tabbakhab1/dev/project/cache/sam3_masks_grid1400_inset075/20251021_162816_samv1_b88993e7d9aa.png,0.30949053,0.28883755,0.40167195,0.0,0.0,0.0,0.0,0.0,0.0,0.0,0.0,0.0,0.0,0.0,0.0,0.0,0.0,0.0,0.0,0.0
20251021_161816,2.5,4.1741476,1.6741476,1,1.0,/home/user/tabbakhab1/dev/project/cache/grid_crops_1400_inset075/20251021_161816_gridv3_3937f71512d6.jpg,/home/user/tabbakhab1/dev/project/cache/sam3_masks_grid1400_inset075/20251021_161816_samv1_ac5041b4ca02.png,1.0,0.0,0.0,0.0,0.0,0.0,0.0,0.0,0.0,0.0,0.0,0.0,0.0,0.0,0.0,0.0,0.0,0.0,0.0,0.0
20251021_130515,15.75,6.3941627,-9.355837,8,1.0,/home/user/tabbakhab1/dev/project/cache/grid_crops_1400_inset075/20251021_130515_gridv3_683278386d65.jpg,/home/user/tabbakhab1/dev/project/cache/sam3_masks_grid1400_inset075/20251021_130515_samv1_5831728f8843.png,0.1210489,0.08192307,0.12207082,0.11738924,0.16114743,0.1756344,0.10725749,0.113528624,0.0,0.0,0.0,0.0,0.0,0.0,0.0,0.0,0.0,0.0,0.0,0.0
20251021_124556,8.75,5.746909,-3.0030909,5,1.0,/home/user/tabbakhab1/dev/project/cache/grid_crops_1400_inset075/20251021_124556_gridv3_b58802114521.jpg,/home/user/tabbakhab1/dev/project/cache/sam3_masks_grid1400_inset075/20251021_124556_samv1_2dbf5ac8961c.png,0.16051804,0.16254559,0.16266109,0.33453467,0.17974062,0.0,0.0,0.0,0.0,0.0,0.0,0.0,0.0,0.0,0.0,0.0,0.0,0.0,0.0,0.0
20251021_162027,5.05,3.303372,-1.7466283,5,1.0,/home/user/tabbakhab1/dev/project/cache/grid_crops_1400_inset075/20251021_162027_gridv3_6e1ffcb37db6.jpg,/home/user/tabbakhab1/dev/project/cache/sam3_masks_grid1400_inset075/20251021_162027_samv1_ee93fc393543.png,0.16401461,0.1766168,0.17377007,0.27274108,0.21285748,0.0,0.0,0.0,0.0,0.0,0.0,0.0,0.0,0.0,0.0,0.0,0.0,0.0,0.0,0.0
20251021_124023,2.75,3.855555,1.105555,6,1.0,/home/user/tabbakhab1/dev/project/cache/grid_crops_1400_inset075/20251021_124023_gridv3_356923aa968f.jpg,/home/user/tabbakhab1/dev/project/cache/sam3_masks_grid1400_inset075/20251021_124023_samv1_21625d560fdd.png,0.13282481,0.15010844,0.13232225,0.14375713,0.25914803,0.18183933,0.0,0.0,0.0,0.0,0.0,0.0,0.0,0.0,0.0,0.0,0.0,0.0,0.0,0.0
20251021_120858,10.25,4.340967,-5.909033,4,1.0,/home/user/tabbakhab1/dev/project/cache/grid_crops_1400_inset075/20251021_120858_gridv3_844d33db5d9c.jpg,/home/user/tabbakhab1/dev/project/cache/sam3_masks_grid1400_inset075/20251021_120858_samv1_fad3e98e1d61.png,0.21826291,0.19982496,0.35759455,0.2243176,0.0,0.0,0.0,0.0,0.0,0.0,0.0,0.0,0.0,0.0,0.0,0.0,0.0,0.0,0.0,0.0
20251021_163014,18.75,20.792608,2.0426083,9,1.0,/home/user/tabbakhab1/dev/project/cache/grid_crops_1400_inset075/20251021_163014_gridv3_fdf6d96d3540.jpg,/home/user/tabbakhab1/dev/project/cache/sam3_masks_grid1400_inset075/20251021_163014_samv1_1ef277c540de.png,0.12561308,0.13288608,0.1579642,0.09421638,0.12313028,0.11756367,0.11907841,0.07674984,0.05279803,0.0,0.0,0.0,0.0,0.0,0.0,0.0,0.0,0.0,0.0,0.0
20251021_121149,16.0,22.925154,6.9251537,5,1.0,/home/user/tabbakhab1/dev/project/cache/grid_crops_1400_inset075/20251021_121149_gridv3_3257334ad6c5.jpg,/home/user/tabbakhab1/dev/project/cache/sam3_masks_grid1400_inset075/20251021_121149_samv1_53f39692fad8.png,0.10305059,0.1599297,0.24347217,0.26549408,0.22805348,0.0,0.0,0.0,0.0,0.0,0.0,0.0,0.0,0.0,0.0,0.0,0.0,0.0,0.0,0.0
20251021_151843,28.0,23.513447,-4.486553,5,1.0,/home/user/tabbakhab1/dev/project/cache/grid_crops_1400_inset075/20251021_151843_gridv3_df30b23b462a.jpg,/home/user/tabbakhab1/dev/project/cache/sam3_masks_grid1400_inset075/20251021_151843_samv1_110ff72b498c.png,0.16469625,0.26360986,0.18354553,0.26188162,0.12626675,0.0,0.0,0.0,0.0,0.0,0.0,0.0,0.0,0.0,0.0,0.0,0.0,0.0,0.0,0.0
20251021_123915,14.25,20.871122,6.6211224,5,1.0,/home/user/tabbakhab1/dev/project/cache/grid_crops_1400_inset075/20251021_123915_gridv3_720755f73394.jpg,/home/user/tabbakhab1/dev/project/cache/sam3_masks_grid1400_inset075/20251021_123915_samv1_7a8204787744.png,0.19875276,0.22159138,0.18528576,0.27268788,0.12168223,0.0,0.0,0.0,0.0,0.0,0.0,0.0,0.0,0.0,0.0,0.0,0.0,0.0,0.0,0.0
20251021_132117,4.25,3.1782908,-1.0717092,5,1.0,/home/user/tabbakhab1/dev/project/cache/grid_crops_1400_inset075/20251021_132117_gridv3_88ca91a8a390.jpg,/home/user/tabbakhab1/dev/project/cache/sam3_masks_grid1400_inset075/20251021_132117_samv1_843af98f8cc4.png,0.23044434,0.19875829,0.17247336,0.22366072,0.17466326,0.0,0.0,0.0,0.0,0.0,0.0,0.0,0.0,0.0,0.0,0.0,0.0,0.0,0.0,0.0
20251021_162332,8.5,7.370363,-1.1296368,10,1.0,/home/user/tabbakhab1/dev/project/cache/grid_crops_1400_inset075/20251021_162332_gridv3_57e1f8f6c2ea.jpg,/home/user/tabbakhab1/dev/project/cache/sam3_masks_grid1400_inset075/20251021_162332_samv1_87225cd57e3f.png,0.10820908,0.11401674,0.11800418,0.10429673,0.086307526,0.084321365,0.10720779,0.06394228,0.06471033,0.14898401,0.0,0.0,0.0,0.0,0.0,0.0,0.0,0.0,0.0,0.0
20251021_123858,13.5,12.019633,-1.4803667,6,1.0,/home/user/tabbakhab1/dev/project/cache/grid_crops_1400_inset075/20251021_123858_gridv3_b463ba05be8c.jpg,/home/user/tabbakhab1/dev/project/cache/sam3_masks_grid1400_inset075/20251021_123858_samv1_545fa91de963.png,0.15365109,0.19164284,0.10529303,0.20341672,0.2556369,0.09035948,0.0,0.0,0.0,0.0,0.0,0.0,0.0,0.0,0.0,0.0,0.0,0.0,0.0,0.0
20251021_121804,12.75,17.840927,5.090927,7,1.0,/home/user/tabbakhab1/dev/project/cache/grid_crops_1400_inset075/20251021_121804_gridv3_7ff41805ed78.jpg,/home/user/tabbakhab1/dev/project/cache/sam3_masks_grid1400_inset075/20251021_121804_samv1_7e2ca301d9b6.png,0.13056253,0.1688202,0.08630453,0.103782296,0.22044009,0.08458008,0.20551021,0.0,0.0,0.0,0.0,0.0,0.0,0.0,0.0,0.0,0.0,0.0,0.0,0.0
20251021_131138,3.0,3.9274485,0.9274485,6,1.0,/home/user/tabbakhab1/dev/project/cache/grid_crops_1400_inset075/20251021_131138_gridv3_62d66983688a.jpg,/home/user/tabbakhab1/dev/project/cache/sam3_masks_grid1400_inset075/20251021_131138_samv1_918b5d85f5b1.png,0.16687527,0.13233046,0.1988853,0.124673486,0.15343495,0.22380058,0.0,0.0,0.0,0.0,0.0,0.0,0.0,0.0,0.0,0.0,0.0,0.0,0.0,0.0
20251021_125125,1.5499997,3.005303,1.4553032,4,1.0,/home/user/tabbakhab1/dev/project/cache/grid_crops_1400_inset075/20251021_125125_gridv3_405563302f5c.jpg,/home/user/tabbakhab1/dev/project/cache/sam3_masks_grid1400_inset075/20251021_125125_samv1_5dc9e583aca3.png,0.2580194,0.21955565,0.23998395,0.282441,0.0,0.0,0.0,0.0,0.0,0.0,0.0,0.0,0.0,0.0,0.0,0.0,0.0,0.0,0.0,0.0
20251021_151533,1.5,2.8732257,1.3732257,4,1.0,/home/user/tabbakhab1/dev/project/cache/grid_crops_1400_inset075/20251021_151533_gridv3_04afaca7d75c.jpg,/home/user/tabbakhab1/dev/project/cache/sam3_masks_grid1400_inset075/20251021_151533_samv1_b77247d24218.png,0.23001552,0.25931853,0.2655999,0.24506603,0.0,0.0,0.0,0.0,0.0,0.0,0.0,0.0,0.0,0.0,0.0,0.0,0.0,0.0,0.0,0.0
20251021_124852,3.25,2.951828,-0.298172,6,1.0,/home/user/tabbakhab1/dev/project/cache/grid_crops_1400_inset075/20251021_124852_gridv3_b6817cdce3d7.jpg,/home/user/tabbakhab1/dev/project/cache/sam3_masks_grid1400_inset075/20251021_124852_samv1_b70fcb975a88.png,0.17443924,0.18364505,0.18135367,0.15194106,0.16050188,0.14811909,0.0,0.0,0.0,0.0,0.0,0.0,0.0,0.0,0.0,0.0,0.0,0.0,0.0,0.0
20251021_161402,4.5,6.2172127,1.7172127,6,1.0,/home/user/tabbakhab1/dev/project/cache/grid_crops_1400_inset075/20251021_161402_gridv3_f23bf664ebe8.jpg,/home/user/tabbakhab1/dev/project/cache/sam3_masks_grid1400_inset075/20251021_161402_samv1_07e58c412425.png,0.245385,0.1742734,0.12316441,0.17152487,0.1587562,0.12689617,0.0,0.0,0.0,0.0,0.0,0.0,0.0,0.0,0.0,0.0,0.0,0.0,0.0,0.0
20251021_121345,13.0,5.8997073,-7.1002927,2,1.0,/home/user/tabbakhab1/dev/project/cache/grid_crops_1400_inset075/20251021_121345_gridv3_fb8f1924845e.jpg,/home/user/tabbakhab1/dev/project/cache/sam3_masks_grid1400_inset075/20251021_121345_samv1_244f4518dd33.png,0.6355416,0.36445832,0.0,0.0,0.0,0.0,0.0,0.0,0.0,0.0,0.0,0.0,0.0,0.0,0.0,0.0,0.0,0.0,0.0,0.0
20251021_122314,3.5,3.2213635,-0.27863646,7,1.0,/home/user/tabbakhab1/dev/project/cache/grid_crops_1400_inset075/20251021_122314_gridv3_9700792acf73.jpg,/home/user/tabbakhab1/dev/project/cache/sam3_masks_grid1400_inset075/20251021_122314_samv1_9229dd4c8ca6.png,0.17767653,0.13088168,0.15603606,0.113153085,0.11543423,0.15714146,0.14967693,0.0,0.0,0.0,0.0,0.0,0.0,0.0,0.0,0.0,0.0,0.0,0.0,0.0
20251021_161010,1.5,2.1802335,0.6802335,6,1.0,/home/user/tabbakhab1/dev/project/cache/grid_crops_1400_inset075/20251021_161010_gridv3_a5a315d9f61a.jpg,/home/user/tabbakhab1/dev/project/cache/sam3_masks_grid1400_inset075/20251021_161010_samv1_61cf9ec0a1fa.png,0.14926837,0.14364985,0.19880511,0.18421294,0.15462697,0.16943681,0.0,0.0,0.0,0.0,0.0,0.0,0.0,0.0,0.0,0.0,0.0,0.0,0.0,0.0
20251021_162958,11.75,8.727433,-3.0225668,7,1.0,/home/user/tabbakhab1/dev/project/cache/grid_crops_1400_inset075/20251021_162958_gridv3_c408f0393539.jpg,/home/user/tabbakhab1/dev/project/cache/sam3_masks_grid1400_inset075/20251021_162958_samv1_82cb28bb9769.png,0.21064737,0.1291031,0.22051446,0.10123511,0.09341188,0.11137565,0.1337125,0.0,0.0,0.0,0.0,0.0,0.0,0.0,0.0,0.0,0.0,0.0,0.0,0.0
20251021_154700,2.25,8.113765,5.863765,5,1.0,/home/user/tabbakhab1/dev/project/cache/grid_crops_1400_inset075/20251021_154700_gridv3_97b77300af23.jpg,/home/user/tabbakhab1/dev/project/cache/sam3_masks_grid1400_inset075/20251021_154700_samv1_35377e4588b0.png,0.2008018,0.20242114,0.12789108,0.20511946,0.2637665,0.0,0.0,0.0,0.0,0.0,0.0,0.0,0.0,0.0,0.0,0.0,0.0,0.0,0.0,0.0
20251021_125811,6.25,11.356707,5.1067066,5,1.0,/home/user/tabbakhab1/dev/project/cache/grid_crops_1400_inset075/20251021_125811_gridv3_19364d126c8f.jpg,/home/user/tabbakhab1/dev/project/cache/sam3_masks_grid1400_inset075/20251021_125811_samv1_07955d9348bc.png,0.21913718,0.10845498,0.21113218,0.276617,0.1846587,0.0,0.0,0.0,0.0,0.0,0.0,0.0,0.0,0.0,0.0,0.0,0.0,0.0,0.0,0.0
20251021_154058,2.25,3.598312,1.3483119,5,1.0,/home/user/tabbakhab1/dev/project/cache/grid_crops_1400_inset075/20251021_154058_gridv3_36a116afaead.jpg,/home/user/tabbakhab1/dev/project/cache/sam3_masks_grid1400_inset075/20251021_154058_samv1_c3d33ed3784c.png,0.21575855,0.17041282,0.22297719,0.22171839,0.16913305,0.0,0.0,0.0,0.0,0.0,0.0,0.0,0.0,0.0,0.0,0.0,0.0,0.0,0.0,0.0
20251021_151943,2.25,3.1194706,0.8694706,6,1.0,/home/user/tabbakhab1/dev/project/cache/grid_crops_1400_inset075/20251021_151943_gridv3_938297c1a777.jpg,/home/user/tabbakhab1/dev/project/cache/sam3_masks_grid1400_inset075/20251021_151943_samv1_f05ee28d2176.png,0.13759908,0.13502954,0.15304205,0.19192666,0.21677119,0.16563143,0.0,0.0,0.0,0.0,0.0,0.0,0.0,0.0,0.0,0.0,0.0,0.0,0.0,0.0
20251021_130338,14.75,2.2403092,-12.509691,3,1.0,/home/user/tabbakhab1/dev/project/cache/grid_crops_1400_inset075/20251021_130338_gridv3_d76515da7951.jpg,/home/user/tabbakhab1/dev/project/cache/sam3_masks_grid1400_inset075/20251021_130338_samv1_4e1aabf2e0cd.png,0.320501,0.3237799,0.3557191,0.0,0.0,0.0,0.0,0.0,0.0,0.0,0.0,0.0,0.0,0.0,0.0,0.0,0.0,0.0,0.0,0.0
20251021_130942,9.5,4.9723196,-4.5276804,5,1.0,/home/user/tabbakhab1/dev/project/cache/grid_crops_1400_inset075/20251021_130942_gridv3_75296eed617b.jpg,/home/user/tabbakhab1/dev/project/cache/sam3_masks_grid1400_inset075/20251021_130942_samv1_0221034fd8c3.png,0.14715719,0.16519912,0.15174353,0.15422025,0.3816799,0.0,0.0,0.0,0.0,0.0,0.0,0.0,0.0,0.0,0.0,0.0,0.0,0.0,0.0,0.0
20251021_155710,18.25,8.950261,-9.299739,6,1.0,/home/user/tabbakhab1/dev/project/cache/grid_crops_1400_inset075/20251021_155710_gridv3_0d3a440a1a6b.jpg,/home/user/tabbakhab1/dev/project/cache/sam3_masks_grid1400_inset075/20251021_155710_samv1_a3ebccd14ea8.png,0.12106015,0.2079275,0.13710588,0.19606397,0.22297265,0.11486983,0.0,0.0,0.0,0.0,0.0,0.0,0.0,0.0,0.0,0.0,0.0,0.0,0.0,0.0
20251021_125208,2.25,3.4427552,1.1927552,6,1.0,/home/user/tabbakhab1/dev/project/cache/grid_crops_1400_inset075/20251021_125208_gridv3_58ab535c57af.jpg,/home/user/tabbakhab1/dev/project/cache/sam3_masks_grid1400_inset075/20251021_125208_samv1_10b09afa1081.png,0.16367628,0.1630557,0.1572027,0.19758134,0.15116343,0.16732055,0.0,0.0,0.0,0.0,0.0,0.0,0.0,0.0,0.0,0.0,0.0,0.0,0.0,0.0
20251021_154436,2.5,2.8545246,0.3545246,4,1.0,/home/user/tabbakhab1/dev/project/cache/grid_crops_1400_inset075/20251021_154436_gridv3_792f4024f8a7.jpg,/home/user/tabbakhab1/dev/project/cache/sam3_masks_grid1400_inset075/20251021_154436_samv1_647002fb87cf.png,0.24992692,0.2342255,0.2518487,0.26399884,0.0,0.0,0.0,0.0,0.0,0.0,0.0,0.0,0.0,0.0,0.0,0.0,0.0,0.0,0.0,0.0
20251021_123831,3.75,4.119748,0.36974812,7,1.0,/home/user/tabbakhab1/dev/project/cache/grid_crops_1400_inset075/20251021_123831_gridv3_02aae1eb81a4.jpg,/home/user/tabbakhab1/dev/project/cache/sam3_masks_grid1400_inset075/20251021_123831_samv1_066430ed0fe0.png,0.12906052,0.15487793,0.123040915,0.1475193,0.1296554,0.20909323,0.106752716,0.0,0.0,0.0,0.0,0.0,0.0,0.0,0.0,0.0,0.0,0.0,0.0,0.0
20251021_124506,9.0,11.897053,2.8970528,6,1.0,/home/user/tabbakhab1/dev/project/cache/grid_crops_1400_inset075/20251021_124506_gridv3_b38154342bf4.jpg,/home/user/tabbakhab1/dev/project/cache/sam3_masks_grid1400_inset075/20251021_124506_samv1_7ff89e43dba2.png,0.16531639,0.20738018,0.19288048,0.1175419,0.22343439,0.09344672,0.0,0.0,0.0,0.0,0.0,0.0,0.0,0.0,0.0,0.0,0.0,0.0,0.0,0.0
20251021_125346,7.0,3.4530203,-3.5469797,4,1.0,/home/user/tabbakhab1/dev/project/cache/grid_crops_1400_inset075/20251021_125346_gridv3_7e25d8fa57d0.jpg,/home/user/tabbakhab1/dev/project/cache/sam3_masks_grid1400_inset075/20251021_125346_samv1_0f3c2ee5639a.png,0.22376223,0.30697453,0.22139373,0.24786955,0.0,0.0,0.0,0.0,0.0,0.0,0.0,0.0,0.0,0.0,0.0,0.0,0.0,0.0,0.0,0.0
20251021_161705,17.0,13.482662,-3.5173378,5,1.0,/home/user/tabbakhab1/dev/project/cache/grid_crops_1400_inset075/20251021_161705_gridv3_83bd464de19e.jpg,/home/user/tabbakhab1/dev/project/cache/sam3_masks_grid1400_inset075/20251021_161705_samv1_9780d754c6e3.png,0.10471147,0.2714123,0.16014308,0.3319214,0.13181175,0.0,0.0,0.0,0.0,0.0,0.0,0.0,0.0,0.0,0.0,0.0,0.0,0.0,0.0,0.0
20251021_153356,7.75,8.425395,0.675395,7,1.0,/home/user/tabbakhab1/dev/project/cache/grid_crops_1400_inset075/20251021_153356_gridv3_881aaf5dee4a.jpg,/home/user/tabbakhab1/dev/project/cache/sam3_masks_grid1400_inset075/20251021_153356_samv1_219dcffa6d1d.png,0.0989879,0.09648783,0.08857844,0.20873785,0.18652067,0.17898539,0.14170183,0.0,0.0,0.0,0.0,0.0,0.0,0.0,0.0,0.0,0.0,0.0,0.0,0.0
20251021_131721,3.0,3.8988757,0.8988757,5,1.0,/home/user/tabbakhab1/dev/project/cache/grid_crops_1400_inset075/20251021_131721_gridv3_1e1619801c3b.jpg,/home/user/tabbakhab1/dev/project/cache/sam3_masks_grid1400_inset075/20251021_131721_samv1_8079cb61f4c0.png,0.20020509,0.19299898,0.1937879,0.16902578,0.24398224,0.0,0.0,0.0,0.0,0.0,0.0,0.0,0.0,0.0,0.0,0.0,0.0,0.0,0.0,0.0
20251021_161525,4.75,2.7391906,-2.0108094,4,1.0,/home/user/tabbakhab1/dev/project/cache/grid_crops_1400_inset075/20251021_161525_gridv3_dac334930121.jpg,/home/user/tabbakhab1/dev/project/cache/sam3_masks_grid1400_inset075/20251021_161525_samv1_475cd9027a58.png,0.2911102,0.22664943,0.24458136,0.23765899,0.0,0.0,0.0,0.0,0.0,0.0,0.0,0.0,0.0,0.0,0.0,0.0,0.0,0.0,0.0,0.0
20251021_132518,5.0,8.905396,3.9053965,6,1.0,/home/user/tabbakhab1/dev/project/cache/grid_crops_1400_inset075/20251021_132518_gridv3_b8eea91f96bb.jpg,/home/user/tabbakhab1/dev/project/cache/sam3_masks_grid1400_inset075/20251021_132518_samv1_70d88c4ffb51.png,0.13971081,0.1657054,0.118300036,0.21749525,0.11297055,0.24581788,0.0,0.0,0.0,0.0,0.0,0.0,0.0,0.0,0.0,0.0,0.0,0.0,0.0,0.0
20251021_125635,0.0,1.7911325,1.7911325,1,1.0,/home/user/tabbakhab1/dev/project/cache/grid_crops_1400_inset075/20251021_125635_gridv3_cd390b10c9da.jpg,/home/user/tabbakhab1/dev/project/cache/sam3_masks_grid1400_inset075/20251021_125635_samv1_c29152423f09.png,1.0,0.0,0.0,0.0,0.0,0.0,0.0,0.0,0.0,0.0,0.0,0.0,0.0,0.0,0.0,0.0,0.0,0.0,0.0,0.0
20251021_124048,5.25,5.093197,-0.15680313,5,1.0,/home/user/tabbakhab1/dev/project/cache/grid_crops_1400_inset075/20251021_124048_gridv3_c04cec000d30.jpg,/home/user/tabbakhab1/dev/project/cache/sam3_masks_grid1400_inset075/20251021_124048_samv1_97242b8855ce.png,0.19290707,0.2215587,0.23931792,0.19398353,0.15223277,0.0,0.0,0.0,0.0,0.0,0.0,0.0,0.0,0.0,0.0,0.0,0.0,0.0,0.0,0.0
20251021_162202,2.0,3.0468922,1.0468922,8,1.0,/home/user/tabbakhab1/dev/project/cache/grid_crops_1400_inset075/20251021_162202_gridv3_261e9e2f5717.jpg,/home/user/tabbakhab1/dev/project/cache/sam3_masks_grid1400_inset075/20251021_162202_samv1_284ca4ef16ce.png,0.11603433,0.14245808,0.10885755,0.10804596,0.13066907,0.11038196,0.16222385,0.12132925,0.0,0.0,0.0,0.0,0.0,0.0,0.0,0.0,0.0,0.0,0.0,0.0
20251021_123500,7.0,5.2005568,-1.7994432,7,1.0,/home/user/tabbakhab1/dev/project/cache/grid_crops_1400_inset075/20251021_123500_gridv3_2b8e6745e1f7.jpg,/home/user/tabbakhab1/dev/project/cache/sam3_masks_grid1400_inset075/20251021_123500_samv1_ad8dceb10cdd.png,0.12691511,0.14009471,0.12585048,0.21469198,0.10880602,0.12770937,0.15593228,0.0,0.0,0.0,0.0,0.0,0.0,0.0,0.0,0.0,0.0,0.0,0.0,0.0
20251021_130115,8.5,12.330637,3.830637,6,1.0,/home/user/tabbakhab1/dev/project/cache/grid_crops_1400_inset075/20251021_130115_gridv3_6ced4d259ef8.jpg,/home/user/tabbakhab1/dev/project/cache/sam3_masks_grid1400_inset075/20251021_130115_samv1_1507c3766156.png,0.12986264,0.23025037,0.23899716,0.1837915,0.11542699,0.10167133,0.0,0.0,0.0,0.0,0.0,0.0,0.0,0.0,0.0,0.0,0.0,0.0,0.0,0.0
20251021_154427,6.5,5.195196,-1.3048038,8,1.0,/home/user/tabbakhab1/dev/project/cache/grid_crops_1400_inset075/20251021_154427_gridv3_e64ac4206fd1.jpg,/home/user/tabbakhab1/dev/project/cache/sam3_masks_grid1400_inset075/20251021_154427_samv1_ef197141b25d.png,0.107735306,0.096350305,0.11418143,0.13418603,0.17249042,0.10351796,0.15448771,0.1170508,0.0,0.0,0.0,0.0,0.0,0.0,0.0,0.0,0.0,0.0,0.0,0.0
20251021_154716,5.25,4.7806354,-0.46936464,6,1.0,/home/user/tabbakhab1/dev/project/cache/grid_crops_1400_inset075/20251021_154716_gridv3_39c492de1c6d.jpg,/home/user/tabbakhab1/dev/project/cache/sam3_masks_grid1400_inset075/20251021_154716_samv1_3364aff317fa.png,0.15821579,0.14330047,0.28355977,0.13696109,0.13407363,0.14388925,0.0,0.0,0.0,0.0,0.0,0.0,0.0,0.0,0.0,0.0,0.0,0.0,0.0,0.0
20251021_162906,4.25,5.5822287,1.3322287,4,1.0,/home/user/tabbakhab1/dev/project/cache/grid_crops_1400_inset075/20251021_162906_gridv3_964af2f6994f.jpg,/home/user/tabbakhab1/dev/project/cache/sam3_masks_grid1400_inset075/20251021_162906_samv1_ca7d0ce1e984.png,0.24013709,0.21922572,0.19162184,0.34901536,0.0,0.0,0.0,0.0,0.0,0.0,0.0,0.0,0.0,0.0,0.0,0.0,0.0,0.0,0.0,0.0
20251021_131002,3.75,4.3281183,0.5781183,7,1.0,/home/user/tabbakhab1/dev/project/cache/grid_crops_1400_inset075/20251021_131002_gridv3_66352da1a976.jpg,/home/user/tabbakhab1/dev/project/cache/sam3_masks_grid1400_inset075/20251021_131002_samv1_bbe4b845844d.png,0.17338794,0.15189235,0.124370694,0.119644664,0.18134317,0.11019966,0.13916151,0.0,0.0,0.0,0.0,0.0,0.0,0.0,0.0,0.0,0.0,0.0,0.0,0.0
20251021_124134,7.25,10.528558,3.2785578,5,1.0,/home/user/tabbakhab1/dev/project/cache/grid_crops_1400_inset075/20251021_124134_gridv3_5e5fff0807c8.jpg,/home/user/tabbakhab1/dev/project/cache/sam3_masks_grid1400_inset075/20251021_124134_samv1_63e36d0fb917.png,0.21919286,0.15865624,0.313465,0.15661217,0.15207376,0.0,0.0,0.0,0.0,0.0,0.0,0.0,0.0,0.0,0.0,0.0,0.0,0.0,0.0,0.0
20251021_154753,3.5,4.5927076,1.0927076,4,1.0,/home/user/tabbakhab1/dev/project/cache/grid_crops_1400_inset075/20251021_154753_gridv3_d402e7a9dde6.jpg,/home/user/tabbakhab1/dev/project/cache/sam3_masks_grid1400_inset075/20251021_154753_samv1_6ddf8acf8583.png,0.21696815,0.24456565,0.2859378,0.25252837,0.0,0.0,0.0,0.0,0.0,0.0,0.0,0.0,0.0,0.0,0.0,0.0,0.0,0.0,0.0,0.0
20251021_133005,24.5,20.33761,-4.1623898,10,1.0,/home/user/tabbakhab1/dev/project/cache/grid_crops_1400_inset075/20251021_133005_gridv3_4ef005ae641a.jpg,/home/user/tabbakhab1/dev/project/cache/sam3_masks_grid1400_inset075/20251021_133005_samv1_044546def510.png,0.11864933,0.13380863,0.11426257,0.08850489,0.09241601,0.092764065,0.13276711,0.12124911,0.05652172,0.049056534,0.0,0.0,0.0,0.0,0.0,0.0,0.0,0.0,0.0,0.0
20251021_162800,3.75,3.2308931,-0.51910686,6,1.0,/home/user/tabbakhab1/dev/project/cache/grid_crops_1400_inset075/20251021_162800_gridv3_637463cb6c71.jpg,/home/user/tabbakhab1/dev/project/cache/sam3_masks_grid1400_inset075/20251021_162800_samv1_f17304f8af3d.png,0.15579346,0.21989124,0.14429584,0.15817764,0.15559837,0.1662435,0.0,0.0,0.0,0.0,0.0,0.0,0.0,0.0,0.0,0.0,0.0,0.0,0.0,0.0
20251021_132559,14.5,9.576963,-4.9230366,5,1.0,/home/user/tabbakhab1/dev/project/cache/grid_crops_1400_inset075/20251021_132559_gridv3_f21f29d8f04c.jpg,/home/user/tabbakhab1/dev/project/cache/sam3_masks_grid1400_inset075/20251021_132559_samv1_db5191cf6612.png,0.14978553,0.14274369,0.14587732,0.30130398,0.2602895,0.0,0.0,0.0,0.0,0.0,0.0,0.0,0.0,0.0,0.0,0.0,0.0,0.0,0.0,0.0
20251021_160615,2.0,3.1260934,1.1260934,6,1.0,/home/user/tabbakhab1/dev/project/cache/grid_crops_1400_inset075/20251021_160615_gridv3_47af67e5c3e5.jpg,/home/user/tabbakhab1/dev/project/cache/sam3_masks_grid1400_inset075/20251021_160615_samv1_6c51cd45969b.png,0.15530598,0.16227102,0.15258856,0.1913102,0.15743728,0.18108688,0.0,0.0,0.0,0.0,0.0,0.0,0.0,0.0,0.0,0.0,0.0,0.0,0.0,0.0
20251021_162506,5.0,7.3557777,2.3557777,4,1.0,/home/user/tabbakhab1/dev/project/cache/grid_crops_1400_inset075/20251021_162506_gridv3_38f8ea19eee9.jpg,/home/user/tabbakhab1/dev/project/cache/sam3_masks_grid1400_inset075/20251021_162506_samv1_d7cb013a1d43.png,0.18820117,0.22127666,0.18920392,0.4013182,0.0,0.0,0.0,0.0,0.0,0.0,0.0,0.0,0.0,0.0,0.0,0.0,0.0,0.0,0.0,0.0
20251021_121253,8.5,14.862515,6.3625154,4,1.0,/home/user/tabbakhab1/dev/project/cache/grid_crops_1400_inset075/20251021_121253_gridv3_c668b9bc9d72.jpg,/home/user/tabbakhab1/dev/project/cache/sam3_masks_grid1400_inset075/20251021_121253_samv1_33fedd282e8d.png,0.20768055,0.31143048,0.3443147,0.13657425,0.0,0.0,0.0,0.0,0.0,0.0,0.0,0.0,0.0,0.0,0.0,0.0,0.0,0.0,0.0,0.0
20251021_130316,4.0,3.9505348,-0.04946518,8,1.0,/home/user/tabbakhab1/dev/project/cache/grid_crops_1400_inset075/20251021_130316_gridv3_637240cdb9d4.jpg,/home/user/tabbakhab1/dev/project/cache/sam3_masks_grid1400_inset075/20251021_130316_samv1_6528804849e7.png,0.11652526,0.109951146,0.11966572,0.12960932,0.10934306,0.21356301,0.102304615,0.0990378,0.0,0.0,0.0,0.0,0.0,0.0,0.0,0.0,0.0,0.0,0.0,0.0
20251021_160632,1.75,4.226357,2.476357,8,1.0,/home/user/tabbakhab1/dev/project/cache/grid_crops_1400_inset075/20251021_160632_gridv3_dee9be4c07d6.jpg,/home/user/tabbakhab1/dev/project/cache/sam3_masks_grid1400_inset075/20251021_160632_samv1_23260baef6cb.png,0.11407367,0.110213265,0.105621524,0.13610771,0.11425008,0.18138038,0.10700486,0.1313485,0.0,0.0,0.0,0.0,0.0,0.0,0.0,0.0,0.0,0.0,0.0,0.0
20251021_121432,17.0,15.576,-1.4239998,6,1.0,/home/user/tabbakhab1/dev/project/cache/grid_crops_1400_inset075/20251021_121432_gridv3_c4270272619b.jpg,/home/user/tabbakhab1/dev/project/cache/sam3_masks_grid1400_inset075/20251021_121432_samv1_1f18f5d65852.png,0.09072927,0.09865337,0.12580626,0.20270464,0.21528508,0.26682135,0.0,0.0,0.0,0.0,0.0,0.0,0.0,0.0,0.0,0.0,0.0,0.0,0.0,0.0
20251021_160958,3.5,2.9698763,-0.5301237,7,1.0,/home/user/tabbakhab1/dev/project/cache/grid_crops_1400_inset075/20251021_160958_gridv3_93b48d060a23.jpg,/home/user/tabbakhab1/dev/project/cache/sam3_masks_grid1400_inset075/20251021_160958_samv1_176e37c6b317.png,0.13428874,0.14867273,0.13560131,0.13940321,0.14825031,0.110906824,0.1828769,0.0,0.0,0.0,0.0,0.0,0.0,0.0,0.0,0.0,0.0,0.0,0.0,0.0
20251021_155331,6.0,9.489553,3.4895535,6,1.0,/home/user/tabbakhab1/dev/project/cache/grid_crops_1400_inset075/20251021_155331_gridv3_ace548a5da88.jpg,/home/user/tabbakhab1/dev/project/cache/sam3_masks_grid1400_inset075/20251021_155331_samv1_27cff2893324.png,0.15026763,0.11878222,0.17052428,0.23630491,0.19130018,0.13282081,0.0,0.0,0.0,0.0,0.0,0.0,0.0,0.0,0.0,0.0,0.0,0.0,0.0,0.0
20251021_122853,9.25,9.923574,0.67357445,3,1.0,/home/user/tabbakhab1/dev/project/cache/grid_crops_1400_inset075/20251021_122853_gridv3_0cdf49efd7b5.jpg,/home/user/tabbakhab1/dev/project/cache/sam3_masks_grid1400_inset075/20251021_122853_samv1_30654239a09d.png,0.42622676,0.27371213,0.3000611,0.0,0.0,0.0,0.0,0.0,0.0,0.0,0.0,0.0,0.0,0.0,0.0,0.0,0.0,0.0,0.0,0.0
20251021_131954,3.0,4.787551,1.7875509,7,1.0,/home/user/tabbakhab1/dev/project/cache/grid_crops_1400_inset075/20251021_131954_gridv3_5e98fc1bffc2.jpg,/home/user/tabbakhab1/dev/project/cache/sam3_masks_grid1400_inset075/20251021_131954_samv1_b961c5483b87.png,0.13787729,0.1995617,0.11796456,0.16635709,0.12494251,0.118191846,0.13510507,0.0,0.0,0.0,0.0,0.0,0.0,0.0,0.0,0.0,0.0,0.0,0.0,0.0
20251021_161143,7.25,12.873182,5.6231823,6,1.0,/home/user/tabbakhab1/dev/project/cache/grid_crops_1400_inset075/20251021_161143_gridv3_ceb9e95effda.jpg,/home/user/tabbakhab1/dev/project/cache/sam3_masks_grid1400_inset075/20251021_161143_samv1_1c58f143e1dd.png,0.17970815,0.104965664,0.17625307,0.12584418,0.22928776,0.18394127,0.0,0.0,0.0,0.0,0.0,0.0,0.0,0.0,0.0,0.0,0.0,0.0,0.0,0.0
20251021_155308,0.7500005,3.1197286,2.369728,8,1.0,/home/user/tabbakhab1/dev/project/cache/grid_crops_1400_inset075/20251021_155308_gridv3_04520e383698.jpg,/home/user/tabbakhab1/dev/project/cache/sam3_masks_grid1400_inset075/20251021_155308_samv1_c44a49868553.png,0.12841295,0.124471836,0.13229018,0.13723923,0.12929781,0.1258952,0.09535136,0.12704137,0.0,0.0,0.0,0.0,0.0,0.0,0.0,0.0,0.0,0.0,0.0,0.0
20251021_153136,8.5,2.8783154,-5.6216846,5,1.0,/home/user/tabbakhab1/dev/project/cache/grid_crops_1400_inset075/20251021_153136_gridv3_5ccd5a80b624.jpg,/home/user/tabbakhab1/dev/project/cache/sam3_masks_grid1400_inset075/20251021_153136_samv1_6ad91de244a2.png,0.23062555,0.16849509,0.2139942,0.19166784,0.19521725,0.0,0.0,0.0,0.0,0.0,0.0,0.0,0.0,0.0,0.0,0.0,0.0,0.0,0.0,0.0
20251021_154443,3.75,8.423143,4.6731434,7,1.0,/home/user/tabbakhab1/dev/project/cache/grid_crops_1400_inset075/20251021_154443_gridv3_784729157ae0.jpg,/home/user/tabbakhab1/dev/project/cache/sam3_masks_grid1400_inset075/20251021_154443_samv1_3136edd08931.png,0.14065842,0.103495866,0.15328777,0.22876841,0.14724112,0.11732989,0.10921856,0.0,0.0,0.0,0.0,0.0,0.0,0.0,0.0,0.0,0.0,0.0,0.0,0.0
20251021_161301,1.5,2.9830809,1.4830809,6,1.0,/home/user/tabbakhab1/dev/project/cache/grid_crops_1400_inset075/20251021_161301_gridv3_29848dc6cf6c.jpg,/home/user/tabbakhab1/dev/project/cache/sam3_masks_grid1400_inset075/20251021_161301_samv1_3f73d00f04fe.png,0.15498088,0.16341771,0.15457341,0.1493029,0.19979814,0.177927,0.0,0.0,0.0,0.0,0.0,0.0,0.0,0.0,0.0,0.0,0.0,0.0,0.0,0.0
20251021_121624,9.75,9.03825,-0.71175003,7,1.0,/home/user/tabbakhab1/dev/project/cache/grid_crops_1400_inset075/20251021_121624_gridv3_56651bce7707.jpg,/home/user/tabbakhab1/dev/project/cache/sam3_masks_grid1400_inset075/20251021_121624_samv1_0dbbbe180d2e.png,0.115253255,0.10897413,0.110750556,0.17842469,0.24666636,0.10651424,0.13341674,0.0,0.0,0.0,0.0,0.0,0.0,0.0,0.0,0.0,0.0,0.0,0.0,0.0
20251021_161318,6.75,6.4342794,-0.31572056,8,1.0,/home/user/tabbakhab1/dev/project/cache/grid_crops_1400_inset075/20251021_161318_gridv3_4e5774f949bf.jpg,/home/user/tabbakhab1/dev/project/cache/sam3_masks_grid1400_inset075/20251021_161318_samv1_3128d1f4b6ce.png,0.08220789,0.119215526,0.091464534,0.1252729,0.20703,0.08262607,0.17173742,0.12044573,0.0,0.0,0.0,0.0,0.0,0.0,0.0,0.0,0.0,0.0,0.0,0.0
20251021_160943,5.75,7.6128902,1.8628902,6,1.0,/home/user/tabbakhab1/dev/project/cache/grid_crops_1400_inset075/20251021_160943_gridv3_08f6a8baefc4.jpg,/home/user/tabbakhab1/dev/project/cache/sam3_masks_grid1400_inset075/20251021_160943_samv1_47015316d620.png,0.25870213,0.12266841,0.13233554,0.13951454,0.115683585,0.23109576,0.0,0.0,0.0,0.0,0.0,0.0,0.0,0.0,0.0,0.0,0.0,0.0,0.0,0.0
20251021_130410,2.0,2.9765258,0.9765258,7,1.0,/home/user/tabbakhab1/dev/project/cache/grid_crops_1400_inset075/20251021_130410_gridv3_7a39b25ca267.jpg,/home/user/tabbakhab1/dev/project/cache/sam3_masks_grid1400_inset075/20251021_130410_samv1_2525c7408113.png,0.15102635,0.152521,0.14224714,0.15579303,0.12237759,0.1382739,0.13776103,0.0,0.0,0.0,0.0,0.0,0.0,0.0,0.0,0.0,0.0,0.0,0.0,0.0
20251021_122423,1.75,3.7629125,2.0129125,6,1.0,/home/user/tabbakhab1/dev/project/cache/grid_crops_1400_inset075/20251021_122423_gridv3_e44a3c931912.jpg,/home/user/tabbakhab1/dev/project/cache/sam3_masks_grid1400_inset075/20251021_122423_samv1_439225426db2.png,0.13390501,0.14644033,0.14259806,0.13084969,0.2164282,0.22977875,0.0,0.0,0.0,0.0,0.0,0.0,0.0,0.0,0.0,0.0,0.0,0.0,0.0,0.0
20251021_162416,0.7500005,1.7808623,1.0308619,2,1.0,/home/user/tabbakhab1/dev/project/cache/grid_crops_1400_inset075/20251021_162416_gridv3_8a2da542dcbc.jpg,/home/user/tabbakhab1/dev/project/cache/sam3_masks_grid1400_inset075/20251021_162416_samv1_d815f20eeb2c.png,0.5274162,0.47258374,0.0,0.0,0.0,0.0,0.0,0.0,0.0,0.0,0.0,0.0,0.0,0.0,0.0,0.0,0.0,0.0,0.0,0.0
20251021_125744,2.0,3.2027426,1.2027426,4,1.0,/home/user/tabbakhab1/dev/project/cache/grid_crops_1400_inset075/20251021_125744_gridv3_ff99abab1151.jpg,/home/user/tabbakhab1/dev/project/cache/sam3_masks_grid1400_inset075/20251021_125744_samv1_226681a391ea.png,0.21142498,0.196161,0.24806169,0.34435233,0.0,0.0,0.0,0.0,0.0,0.0,0.0,0.0,0.0,0.0,0.0,0.0,0.0,0.0,0.0,0.0
20251021_125600,4.75,4.8819957,0.13199568,3,1.0,/home/user/tabbakhab1/dev/project/cache/grid_crops_1400_inset075/20251021_125600_gridv3_4c7dc1a4c163.jpg,/home/user/tabbakhab1/dev/project/cache/sam3_masks_grid1400_inset075/20251021_125600_samv1_90d572148d61.png,0.3237043,0.38793224,0.28836346,0.0,0.0,0.0,0.0,0.0,0.0,0.0,0.0,0.0,0.0,0.0,0.0,0.0,0.0,0.0,0.0,0.0
20251021_161250,3.25,2.4761057,-0.7738943,8,1.0,/home/user/tabbakhab1/dev/project/cache/grid_crops_1400_inset075/20251021_161250_gridv3_71b8a4b8955d.jpg,/home/user/tabbakhab1/dev/project/cache/sam3_masks_grid1400_inset075/20251021_161250_samv1_7e73ade24f1a.png,0.118416645,0.11723561,0.10920605,0.1171746,0.12291314,0.11811223,0.19026695,0.10667483,0.0,0.0,0.0,0.0,0.0,0.0,0.0,0.0,0.0,0.0,0.0,0.0
20251021_155512,8.0,7.7387166,-0.2612834,6,1.0,/home/user/tabbakhab1/dev/project/cache/grid_crops_1400_inset075/20251021_155512_gridv3_28bac2125511.jpg,/home/user/tabbakhab1/dev/project/cache/sam3_masks_grid1400_inset075/20251021_155512_samv1_1f6eb538f665.png,0.20106207,0.14626586,0.16051932,0.1568047,0.18685687,0.14849119,0.0,0.0,0.0,0.0,0.0,0.0,0.0,0.0,0.0,0.0,0.0,0.0,0.0,0.0
20251021_161615,19.75,15.387224,-4.362776,7,1.0,/home/user/tabbakhab1/dev/project/cache/grid_crops_1400_inset075/20251021_161615_gridv3_90ad88be429a.jpg,/home/user/tabbakhab1/dev/project/cache/sam3_masks_grid1400_inset075/20251021_161615_samv1_d6505ac3b79f.png,0.08830621,0.12583141,0.14056891,0.12706505,0.1330119,0.08538402,0.29983252,0.0,0.0,0.0,0.0,0.0,0.0,0.0,0.0,0.0,0.0,0.0,0.0,0.0
20251021_154954,2.5,4.20463,1.7046299,6,1.0,/home/user/tabbakhab1/dev/project/cache/grid_crops_1400_inset075/20251021_154954_gridv3_e45e73f84759.jpg,/home/user/tabbakhab1/dev/project/cache/sam3_masks_grid1400_inset075/20251021_154954_samv1_23b2c234d406.png,0.13320445,0.1225516,0.15286162,0.13464284,0.12104412,0.3356954,0.0,0.0,0.0,0.0,0.0,0.0,0.0,0.0,0.0,0.0,0.0,0.0,0.0,0.0
20251021_121504,10.5,6.795526,-3.704474,4,1.0,/home/user/tabbakhab1/dev/project/cache/grid_crops_1400_inset075/20251021_121504_gridv3_4e18401c6108.jpg,/home/user/tabbakhab1/dev/project/cache/sam3_masks_grid1400_inset075/20251021_121504_samv1_112013f8a9fc.png,0.26987702,0.17234014,0.3605846,0.19719829,0.0,0.0,0.0,0.0,0.0,0.0,0.0,0.0,0.0,0.0,0.0,0.0,0.0,0.0,0.0,0.0
20251021_155044,3.0,5.6658626,2.6658626,5,1.0,/home/user/tabbakhab1/dev/project/cache/grid_crops_1400_inset075/20251021_155044_gridv3_17f6c5521d0a.jpg,/home/user/tabbakhab1/dev/project/cache/sam3_masks_grid1400_inset075/20251021_155044_samv1_5cfc8513899e.png,0.16150528,0.32295546,0.14472431,0.17348924,0.19732568,0.0,0.0,0.0,0.0,0.0,0.0,0.0,0.0,0.0,0.0,0.0,0.0,0.0,0.0,0.0
20251021_122516,25.0,20.3738,-4.6261997,7,1.0,/home/user/tabbakhab1/dev/project/cache/grid_crops_1400_inset075/20251021_122516_gridv3_7543781bc05d.jpg,/home/user/tabbakhab1/dev/project/cache/sam3_masks_grid1400_inset075/20251021_122516_samv1_2415278df768.png,0.14189437,0.13258728,0.13974798,0.20983197,0.13565359,0.14251843,0.0977664,0.0,0.0,0.0,0.0,0.0,0.0,0.0,0.0,0.0,0.0,0.0,0.0,0.0
20251021_162856,9.0,14.70266,5.7026596,6,1.0,/home/user/tabbakhab1/dev/project/cache/grid_crops_1400_inset075/20251021_162856_gridv3_238cf3aa41f4.jpg,/home/user/tabbakhab1/dev/project/cache/sam3_masks_grid1400_inset075/20251021_162856_samv1_6ab6555098d8.png,0.1939803,0.21324968,0.156391,0.14778419,0.161019,0.12757587,0.0,0.0,0.0,0.0,0.0,0.0,0.0,0.0,0.0,0.0,0.0,0.0,0.0,0.0
20251021_125405,19.5,16.506052,-2.993948,5,1.0,/home/user/tabbakhab1/dev/project/cache/grid_crops_1400_inset075/20251021_125405_gridv3_16d15bc88ff9.jpg,/home/user/tabbakhab1/dev/project/cache/sam3_masks_grid1400_inset075/20251021_125405_samv1_b02bd2f9cd8f.png,0.21898718,0.18126562,0.21596135,0.23775846,0.14602737,0.0,0.0,0.0,0.0,0.0,0.0,0.0,0.0,0.0,0.0,0.0,0.0,0.0,0.0,0.0
20251021_154331,2.25,3.680337,1.430337,6,1.0,/home/user/tabbakhab1/dev/project/cache/grid_crops_1400_inset075/20251021_154331_gridv3_d4623a24cf37.jpg,/home/user/tabbakhab1/dev/project/cache/sam3_masks_grid1400_inset075/20251021_154331_samv1_288550234676.png,0.14828767,0.13207702,0.17865945,0.12303042,0.13665494,0.2812905,0.0,0.0,0.0,0.0,0.0,0.0,0.0,0.0,0.0,0.0,0.0,0.0,0.0,0.0
20251021_160745,7.75,5.4992757,-2.2507243,8,1.0,/home/user/tabbakhab1/dev/project/cache/grid_crops_1400_inset075/20251021_160745_gridv3_36ff4330d68d.jpg,/home/user/tabbakhab1/dev/project/cache/sam3_masks_grid1400_inset075/20251021_160745_samv1_8c0ff4a62060.png,0.081832275,0.08187789,0.21317728,0.1014884,0.11511486,0.099106446,0.13932201,0.1680808,0.0,0.0,0.0,0.0,0.0,0.0,0.0,0.0,0.0,0.0,0.0,0.0
20251021_123050,3.5,2.6883402,-0.8116598,5,1.0,/home/user/tabbakhab1/dev/project/cache/grid_crops_1400_inset075/20251021_123050_gridv3_ff42a152aa8a.jpg,/home/user/tabbakhab1/dev/project/cache/sam3_masks_grid1400_inset075/20251021_123050_samv1_7ecacb4acc14.png,0.2257189,0.19422162,0.19600563,0.19071074,0.19334316,0.0,0.0,0.0,0.0,0.0,0.0,0.0,0.0,0.0,0.0,0.0,0.0,0.0,0.0,0.0
20251021_131011,1.5,2.2999191,0.7999191,4,1.0,/home/user/tabbakhab1/dev/project/cache/grid_crops_1400_inset075/20251021_131011_gridv3_cfc2e0c83ac8.jpg,/home/user/tabbakhab1/dev/project/cache/sam3_masks_grid1400_inset075/20251021_131011_samv1_2d21a65fb84e.png,0.25069064,0.24160658,0.26786268,0.2398401,0.0,0.0,0.0,0.0,0.0,0.0,0.0,0.0,0.0,0.0,0.0,0.0,0.0,0.0,0.0,0.0
20251021_162646,13.5,12.110786,-1.3892136,6,1.0,/home/user/tabbakhab1/dev/project/cache/grid_crops_1400_inset075/20251021_162646_gridv3_037df2103a60.jpg,/home/user/tabbakhab1/dev/project/cache/sam3_masks_grid1400_inset075/20251021_162646_samv1_f31e1e41a868.png,0.13825089,0.09084432,0.16543268,0.19977374,0.18449688,0.22120154,0.0,0.0,0.0,0.0,0.0,0.0,0.0,0.0,0.0,0.0,0.0,0.0,0.0,0.0
20251021_161150,1.0,3.2751632,2.2751632,7,1.0,/home/user/tabbakhab1/dev/project/cache/grid_crops_1400_inset075/20251021_161150_gridv3_958ec8b939c0.jpg,/home/user/tabbakhab1/dev/project/cache/sam3_masks_grid1400_inset075/20251021_161150_samv1_00657f0a4029.png,0.173644,0.15023158,0.11761963,0.11007221,0.11587528,0.17643681,0.15612054,0.0,0.0,0.0,0.0,0.0,0.0,0.0,0.0,0.0,0.0,0.0,0.0,0.0
20251021_121618,23.25,20.647272,-2.602728,8,1.0,/home/user/tabbakhab1/dev/project/cache/grid_crops_1400_inset075/20251021_121618_gridv3_75352070cf75.jpg,/home/user/tabbakhab1/dev/project/cache/sam3_masks_grid1400_inset075/20251021_121618_samv1_b0551f6bfb1e.png,0.13835883,0.13938929,0.12590735,0.12985103,0.0745759,0.13667533,0.15632376,0.09891854,0.0,0.0,0.0,0.0,0.0,0.0,0.0,0.0,0.0,0.0,0.0,0.0
20251021_121327,9.75,7.5580873,-2.1919127,6,1.0,/home/user/tabbakhab1/dev/project/cache/grid_crops_1400_inset075/20251021_121327_gridv3_902e29058b4b.jpg,/home/user/tabbakhab1/dev/project/cache/sam3_masks_grid1400_inset075/20251021_121327_samv1_b6095d575c0f.png,0.22618456,0.11160809,0.18837613,0.20049012,0.17145105,0.10189003,0.0,0.0,0.0,0.0,0.0,0.0,0.0,0.0,0.0,0.0,0.0,0.0,0.0,0.0
20251021_123625,4.25,2.5002136,-1.7497864,4,1.0,/home/user/tabbakhab1/dev/project/cache/grid_crops_1400_inset075/20251021_123625_gridv3_8133a147267e.jpg,/home/user/tabbakhab1/dev/project/cache/sam3_masks_grid1400_inset075/20251021_123625_samv1_5030b9e8da37.png,0.2645935,0.22362617,0.25654316,0.25523716,0.0,0.0,0.0,0.0,0.0,0.0,0.0,0.0,0.0,0.0,0.0,0.0,0.0,0.0,0.0,0.0
20251021_131146,5.0,2.6241398,-2.3758602,4,1.0,/home/user/tabbakhab1/dev/project/cache/grid_crops_1400_inset075/20251021_131146_gridv3_ade26be23fc8.jpg,/home/user/tabbakhab1/dev/project/cache/sam3_masks_grid1400_inset075/20251021_131146_samv1_181bf6877c26.png,0.33637476,0.20052299,0.24749605,0.21560618,0.0,0.0,0.0,0.0,0.0,0.0,0.0,0.0,0.0,0.0,0.0,0.0,0.0,0.0,0.0,0.0
20251021_124309,8.25,10.220047,1.970047,8,1.0,/home/user/tabbakhab1/dev/project/cache/grid_crops_1400_inset075/20251021_124309_gridv3_288f5bafc932.jpg,/home/user/tabbakhab1/dev/project/cache/sam3_masks_grid1400_inset075/20251021_124309_samv1_b3c55eabd7cf.png,0.11171873,0.07719665,0.07131832,0.13187788,0.14200345,0.13854496,0.08774497,0.23959506,0.0,0.0,0.0,0.0,0.0,0.0,0.0,0.0,0.0,0.0,0.0,0.0
20251021_121810,9.5,3.8176408,-5.682359,5,1.0,/home/user/tabbakhab1/dev/project/cache/grid_crops_1400_inset075/20251021_121810_gridv3_00afc8e48389.jpg,/home/user/tabbakhab1/dev/project/cache/sam3_masks_grid1400_inset075/20251021_121810_samv1_b87f2f193c71.png,0.19617528,0.2217503,0.24196094,0.1609436,0.17916982,0.0,0.0,0.0,0.0,0.0,0.0,0.0,0.0,0.0,0.0,0.0,0.0,0.0,0.0,0.0
20251021_124154,11.5,15.625269,4.125269,6,1.0,/home/user/tabbakhab1/dev/project/cache/grid_crops_1400_inset075/20251021_124154_gridv3_2bf9e8449a4e.jpg,/home/user/tabbakhab1/dev/project/cache/sam3_masks_grid1400_inset075/20251021_124154_samv1_29aef13223ea.png,0.15032206,0.1062448,0.23226191,0.117363736,0.16990441,0.22390309,0.0,0.0,0.0,0.0,0.0,0.0,0.0,0.0,0.0,0.0,0.0,0.0,0.0,0.0
20251021_155534,18.75,14.697892,-4.052108,6,1.0,/home/user/tabbakhab1/dev/project/cache/grid_crops_1400_inset075/20251021_155534_gridv3_51e3f0304d5c.jpg,/home/user/tabbakhab1/dev/project/cache/sam3_masks_grid1400_inset075/20251021_155534_samv1_be063861f627.png,0.171446,0.22635055,0.08919619,0.17380634,0.2428213,0.09637957,0.0,0.0,0.0,0.0,0.0,0.0,0.0,0.0,0.0,0.0,0.0,0.0,0.0,0.0
20251021_152521,1.5999999,2.6824417,1.0824418,3,1.0,/home/user/tabbakhab1/dev/project/cache/grid_crops_1400_inset075/20251021_152521_gridv3_d91eb1fb6417.jpg,/home/user/tabbakhab1/dev/project/cache/sam3_masks_grid1400_inset075/20251021_152521_samv1_c06fb46f61dc.png,0.35116613,0.33101013,0.3178237,0.0,0.0,0.0,0.0,0.0,0.0,0.0,0.0,0.0,0.0,0.0,0.0,0.0,0.0,0.0,0.0,0.0
20251021_131803,2.25,3.043911,0.793911,7,1.0,/home/user/tabbakhab1/dev/project/cache/grid_crops_1400_inset075/20251021_131803_gridv3_ad10a03dc807.jpg,/home/user/tabbakhab1/dev/project/cache/sam3_masks_grid1400_inset075/20251021_131803_samv1_13c74ec38f1f.png,0.15587053,0.13356923,0.15355171,0.124465,0.11977962,0.18542635,0.1273376,0.0,0.0,0.0,0.0,0.0,0.0,0.0,0.0,0.0,0.0,0.0,0.0,0.0
20251021_162630,17.25,24.402786,7.1527863,4,1.0,/home/user/tabbakhab1/dev/project/cache/grid_crops_1400_inset075/20251021_162630_gridv3_b6e6b26ddaaa.jpg,/home/user/tabbakhab1/dev/project/cache/sam3_masks_grid1400_inset075/20251021_162630_samv1_be026f54332b.png,0.11045948,0.24637297,0.29672498,0.34644258,0.0,0.0,0.0,0.0,0.0,0.0,0.0,0.0,0.0,0.0,0.0,0.0,0.0,0.0,0.0,0.0
20251021_124605,27.5,18.595734,-8.904266,7,1.0,/home/user/tabbakhab1/dev/project/cache/grid_crops_1400_inset075/20251021_124605_gridv3_05308b98eef0.jpg,/home/user/tabbakhab1/dev/project/cache/sam3_masks_grid1400_inset075/20251021_124605_samv1_70ab0f4ed0d1.png,0.09183487,0.15718706,0.1736702,0.16616416,0.17140412,0.12428045,0.11545912,0.0,0.0,0.0,0.0,0.0,0.0,0.0,0.0,0.0,0.0,0.0,0.0,0.0
20251021_154210,11.5,19.400354,7.9003544,5,1.0,/home/user/tabbakhab1/dev/project/cache/grid_crops_1400_inset075/20251021_154210_gridv3_1c9aacf3e898.jpg,/home/user/tabbakhab1/dev/project/cache/sam3_masks_grid1400_inset075/20251021_154210_samv1_722c42464197.png,0.18002754,0.17126003,0.28368533,0.18368669,0.18134038,0.0,0.0,0.0,0.0,0.0,0.0,0.0,0.0,0.0,0.0,0.0,0.0,0.0,0.0,0.0
20251021_160732,1.25,2.0147152,0.7647152,6,1.0,/home/user/tabbakhab1/dev/project/cache/grid_crops_1400_inset075/20251021_160732_gridv3_d9080ac44ecd.jpg,/home/user/tabbakhab1/dev/project/cache/sam3_masks_grid1400_inset075/20251021_160732_samv1_d0b5711ba7e4.png,0.16667777,0.16184933,0.14872575,0.18327625,0.16393697,0.17553398,0.0,0.0,0.0,0.0,0.0,0.0,0.0,0.0,0.0,0.0,0.0,0.0,0.0,0.0
20251021_155541,11.5,11.036419,-0.4635811,7,1.0,/home/user/tabbakhab1/dev/project/cache/grid_crops_1400_inset075/20251021_155541_gridv3_9e2a542358b4.jpg,/home/user/tabbakhab1/dev/project/cache/sam3_masks_grid1400_inset075/20251021_155541_samv1_2ecb8ab278d2.png,0.1341388,0.116094515,0.16674833,0.14060959,0.19769609,0.14370777,0.10100491,0.0,0.0,0.0,0.0,0.0,0.0,0.0,0.0,0.0,0.0,0.0,0.0,0.0
20251021_155347,9.75,6.8530784,-2.8969216,7,1.0,/home/user/tabbakhab1/dev/project/cache/grid_crops_1400_inset075/20251021_155347_gridv3_1592aa57391d.jpg,/home/user/tabbakhab1/dev/project/cache/sam3_masks_grid1400_inset075/20251021_155347_samv1_dd72d434ff22.png,0.102420844,0.111775994,0.19814642,0.18105921,0.10236179,0.099795096,0.20444064,0.0,0.0,0.0,0.0,0.0,0.0,0.0,0.0,0.0,0.0,0.0,0.0,0.0
20251021_151633,8.0,11.079859,3.0798588,4,1.0,/home/user/tabbakhab1/dev/project/cache/grid_crops_1400_inset075/20251021_151633_gridv3_fd61c52bcd7a.jpg,/home/user/tabbakhab1/dev/project/cache/sam3_masks_grid1400_inset075/20251021_151633_samv1_6b5947fc9dc9.png,0.17462401,0.4849458,0.20573688,0.13469322,0.0,0.0,0.0,0.0,0.0,0.0,0.0,0.0,0.0,0.0,0.0,0.0,0.0,0.0,0.0,0.0
20251021_131646,5.5,3.8298392,-1.6701608,8,1.0,/home/user/tabbakhab1/dev/project/cache/grid_crops_1400_inset075/20251021_131646_gridv3_c8473bfd8b31.jpg,/home/user/tabbakhab1/dev/project/cache/sam3_masks_grid1400_inset075/20251021_131646_samv1_76c4b5873868.png,0.111882,0.1821239,0.107630044,0.13306376,0.10674575,0.10993586,0.123704776,0.12491391,0.0,0.0,0.0,0.0,0.0,0.0,0.0,0.0,0.0,0.0,0.0,0.0
20251021_124920,4.0,7.6224623,3.6224623,7,1.0,/home/user/tabbakhab1/dev/project/cache/grid_crops_1400_inset075/20251021_124920_gridv3_269d96bcf3de.jpg,/home/user/tabbakhab1/dev/project/cache/sam3_masks_grid1400_inset075/20251021_124920_samv1_316184c58caf.png,0.11382482,0.116856955,0.13439797,0.1279248,0.12887381,0.21977045,0.15835121,0.0,0.0,0.0,0.0,0.0,0.0,0.0,0.0,0.0,0.0,0.0,0.0,0.0
20251021_151403,5.25,2.6118174,-2.6381826,7,1.0,/home/user/tabbakhab1/dev/project/cache/grid_crops_1400_inset075/20251021_151403_gridv3_a31f9eae231c.jpg,/home/user/tabbakhab1/dev/project/cache/sam3_masks_grid1400_inset075/20251021_151403_samv1_daeeb2d9e0d9.png,0.15383682,0.18373542,0.14045167,0.1711849,0.14717272,0.10464036,0.0989781,0.0,0.0,0.0,0.0,0.0,0.0,0.0,0.0,0.0,0.0,0.0,0.0,0.0
20251021_130935,5.5,3.861552,-1.638448,7,1.0,/home/user/tabbakhab1/dev/project/cache/grid_crops_1400_inset075/20251021_130935_gridv3_c67d00df919e.jpg,/home/user/tabbakhab1/dev/project/cache/sam3_masks_grid1400_inset075/20251021_130935_samv1_d1c3fe328afc.png,0.14007068,0.20937443,0.1230116,0.12635796,0.14005513,0.14933504,0.11179523,0.0,0.0,0.0,0.0,0.0,0.0,0.0,0.0,0.0,0.0,0.0,0.0,0.0
20251021_120939,20.25,21.142597,0.8925972,5,1.0,/home/user/tabbakhab1/dev/project/cache/grid_crops_1400_inset075/20251021_120939_gridv3_d711613773c4.jpg,/home/user/tabbakhab1/dev/project/cache/sam3_masks_grid1400_inset075/20251021_120939_samv1_196fb64e61be.png,0.20828423,0.24084806,0.15659837,0.23420256,0.1600668,0.0,0.0,0.0,0.0,0.0,0.0,0.0,0.0,0.0,0.0,0.0,0.0,0.0,0.0,0.0
20251021_125148,2.0,4.8520174,2.8520174,6,1.0,/home/user/tabbakhab1/dev/project/cache/grid_crops_1400_inset075/20251021_125148_gridv3_04d14401c25b.jpg,/home/user/tabbakhab1/dev/project/cache/sam3_masks_grid1400_inset075/20251021_125148_samv1_a56f05eab627.png,0.19991922,0.15499727,0.12980078,0.15229367,0.13923848,0.22375049,0.0,0.0,0.0,0.0,0.0,0.0,0.0,0.0,0.0,0.0,0.0,0.0,0.0,0.0
20251021_122502,15.0,15.055265,0.055265427,6,1.0,/home/user/tabbakhab1/dev/project/cache/grid_crops_1400_inset075/20251021_122502_gridv3_9e1612a9ef2a.jpg,/home/user/tabbakhab1/dev/project/cache/sam3_masks_grid1400_inset075/20251021_122502_samv1_01ea415da46e.png,0.15580536,0.094957955,0.098369025,0.15482612,0.24497671,0.25106484,0.0,0.0,0.0,0.0,0.0,0.0,0.0,0.0,0.0,0.0,0.0,0.0,0.0,0.0
20251021_121320,13.5,15.190569,1.6905689,4,1.0,/home/user/tabbakhab1/dev/project/cache/grid_crops_1400_inset075/20251021_121320_gridv3_8e8f04514369.jpg,/home/user/tabbakhab1/dev/project/cache/sam3_masks_grid1400_inset075/20251021_121320_samv1_1ee2da46aef4.png,0.22908594,0.12935042,0.2285799,0.41298372,0.0,0.0,0.0,0.0,0.0,0.0,0.0,0.0,0.0,0.0,0.0,0.0,0.0,0.0,0.0,0.0
20251021_163055,2.0,3.1706228,1.1706228,5,1.0,/home/user/tabbakhab1/dev/project/cache/grid_crops_1400_inset075/20251021_163055_gridv3_d5db1928f61d.jpg,/home/user/tabbakhab1/dev/project/cache/sam3_masks_grid1400_inset075/20251021_163055_samv1_563499d78e6e.png,0.18353912,0.19096577,0.20040657,0.16580226,0.25928625,0.0,0.0,0.0,0.0,0.0,0.0,0.0,0.0,0.0,0.0,0.0,0.0,0.0,0.0,0.0
20251021_155758,0.0,1.1657615,1.1657615,1,1.0,/home/user/tabbakhab1/dev/project/cache/grid_crops_1400_inset075/20251021_155758_gridv3_69d862dd2d33.jpg,/home/user/tabbakhab1/dev/project/cache/sam3_masks_grid1400_inset075/20251021_155758_samv1_6f05f600b8e7.png,1.0,0.0,0.0,0.0,0.0,0.0,0.0,0.0,0.0,0.0,0.0,0.0,0.0,0.0,0.0,0.0,0.0,0.0,0.0,0.0
20251021_120926,21.25,14.098503,-7.151497,7,1.0,/home/user/tabbakhab1/dev/project/cache/grid_crops_1400_inset075/20251021_120926_gridv3_f34602797b70.jpg,/home/user/tabbakhab1/dev/project/cache/sam3_masks_grid1400_inset075/20251021_120926_samv1_0ff63c89b386.png,0.16028233,0.1343458,0.16301642,0.17364322,0.10041169,0.14762373,0.120676786,0.0,0.0,0.0,0.0,0.0,0.0,0.0,0.0,0.0,0.0,0.0,0.0,0.0
20251021_160133,4.0,6.6066837,2.6066837,4,1.0,/home/user/tabbakhab1/dev/project/cache/grid_crops_1400_inset075/20251021_160133_gridv3_4c4b6b3ec13b.jpg,/home/user/tabbakhab1/dev/project/cache/sam3_masks_grid1400_inset075/20251021_160133_samv1_88d43da7e5c5.png,0.25346884,0.27118972,0.2652281,0.21011335,0.0,0.0,0.0,0.0,0.0,0.0,0.0,0.0,0.0,0.0,0.0,0.0,0.0,0.0,0.0,0.0
20251021_123220,7.0,8.357091,1.357091,7,1.0,/home/user/tabbakhab1/dev/project/cache/grid_crops_1400_inset075/20251021_123220_gridv3_81d37d2d4ff4.jpg,/home/user/tabbakhab1/dev/project/cache/sam3_masks_grid1400_inset075/20251021_123220_samv1_18920d5ddd99.png,0.10931956,0.104706906,0.17945746,0.20447093,0.14241542,0.15925197,0.100377746,0.0,0.0,0.0,0.0,0.0,0.0,0.0,0.0,0.0,0.0,0.0,0.0,0.0
20251021_125035,5.25,3.097856,-2.152144,7,1.0,/home/user/tabbakhab1/dev/project/cache/grid_crops_1400_inset075/20251021_125035_gridv3_35b73f785ac5.jpg,/home/user/tabbakhab1/dev/project/cache/sam3_masks_grid1400_inset075/20251021_125035_samv1_50b9ddf79c9a.png,0.12887566,0.13522659,0.11107465,0.11571608,0.13769777,0.27998266,0.0914266,0.0,0.0,0.0,0.0,0.0,0.0,0.0,0.0,0.0,0.0,0.0,0.0,0.0
20251021_154614,4.25,3.4055877,-0.8444123,5,1.0,/home/user/tabbakhab1/dev/project/cache/grid_crops_1400_inset075/20251021_154614_gridv3_76f8d16e6196.jpg,/home/user/tabbakhab1/dev/project/cache/sam3_masks_grid1400_inset075/20251021_154614_samv1_59cad622d842.png,0.16720669,0.18205082,0.2530086,0.18523951,0.21249434,0.0,0.0,0.0,0.0,0.0,0.0,0.0,0.0,0.0,0.0,0.0,0.0,0.0,0.0,0.0
20251021_155407,0.7500005,3.046198,2.2961974,7,1.0,/home/user/tabbakhab1/dev/project/cache/grid_crops_1400_inset075/20251021_155407_gridv3_5cdc07fb618a.jpg,/home/user/tabbakhab1/dev/project/cache/sam3_masks_grid1400_inset075/20251021_155407_samv1_eb65ec0e66b3.png,0.124099106,0.15908056,0.13353291,0.1545452,0.14019658,0.14727153,0.14127408,0.0,0.0,0.0,0.0,0.0,0.0,0.0,0.0,0.0,0.0,0.0,0.0,0.0
20251021_121704,2.0,3.7789865,1.7789865,7,1.0,/home/user/tabbakhab1/dev/project/cache/grid_crops_1400_inset075/20251021_121704_gridv3_0f0d4c1e9758.jpg,/home/user/tabbakhab1/dev/project/cache/sam3_masks_grid1400_inset075/20251021_121704_samv1_7ccab1b12860.png,0.12718286,0.1537523,0.14993481,0.12818651,0.13502109,0.1326015,0.17332089,0.0,0.0,0.0,0.0,0.0,0.0,0.0,0.0,0.0,0.0,0.0,0.0,0.0
20251021_131634,1.25,4.2201,2.9701,8,1.0,/home/user/tabbakhab1/dev/project/cache/grid_crops_1400_inset075/20251021_131634_gridv3_f842eeafd881.jpg,/home/user/tabbakhab1/dev/project/cache/sam3_masks_grid1400_inset075/20251021_131634_samv1_bce3533bc045.png,0.13802864,0.10513772,0.10138611,0.111365855,0.11034281,0.10704094,0.15108904,0.17560887,0.0,0.0,0.0,0.0,0.0,0.0,0.0,0.0,0.0,0.0,0.0,0.0
20251021_151952,4.25,7.3280454,3.0780454,4,1.0,/home/user/tabbakhab1/dev/project/cache/grid_crops_1400_inset075/20251021_151952_gridv3_00ca7b203552.jpg,/home/user/tabbakhab1/dev/project/cache/sam3_masks_grid1400_inset075/20251021_151952_samv1_6c40a1dacefb.png,0.17279993,0.28824884,0.18816908,0.35078213,0.0,0.0,0.0,0.0,0.0,0.0,0.0,0.0,0.0,0.0,0.0,0.0,0.0,0.0,0.0,0.0
20251021_121633,3.25,3.243626,-0.0063738823,6,1.0,/home/user/tabbakhab1/dev/project/cache/grid_crops_1400_inset075/20251021_121633_gridv3_faa95cff2abb.jpg,/home/user/tabbakhab1/dev/project/cache/sam3_masks_grid1400_inset075/20251021_121633_samv1_028da49f307f.png,0.17553027,0.15511444,0.17499171,0.17736365,0.15907918,0.15792076,0.0,0.0,0.0,0.0,0.0,0.0,0.0,0.0,0.0,0.0,0.0,0.0,0.0,0.0
20251021_121034,17.5,10.939075,-6.5609245,6,1.0,/home/user/tabbakhab1/dev/project/cache/grid_crops_1400_inset075/20251021_121034_gridv3_e11538bb4a1b.jpg,/home/user/tabbakhab1/dev/project/cache/sam3_masks_grid1400_inset075/20251021_121034_samv1_57877003a367.png,0.21301614,0.08972519,0.15131968,0.20022573,0.15381676,0.19189642,0.0,0.0,0.0,0.0,0.0,0.0,0.0,0.0,0.0,0.0,0.0,0.0,0.0,0.0
20251021_162057,4.5,3.991085,-0.50891495,6,1.0,/home/user/tabbakhab1/dev/project/cache/grid_crops_1400_inset075/20251021_162057_gridv3_ea8a3abf52a7.jpg,/home/user/tabbakhab1/dev/project/cache/sam3_masks_grid1400_inset075/20251021_162057_samv1_87474712a535.png,0.14382005,0.15583038,0.14493799,0.13905247,0.1331819,0.28317723,0.0,0.0,0.0,0.0,0.0,0.0,0.0,0.0,0.0,0.0,0.0,0.0,0.0,0.0
20251021_125003,2.65,7.1460605,4.4960604,4,1.0,/home/user/tabbakhab1/dev/project/cache/grid_crops_1400_inset075/20251021_125003_gridv3_391f0a46277f.jpg,/home/user/tabbakhab1/dev/project/cache/sam3_masks_grid1400_inset075/20251021_125003_samv1_5333d85b1f32.png,0.27438635,0.15230812,0.34594578,0.2273597,0.0,0.0,0.0,0.0,0.0,0.0,0.0,0.0,0.0,0.0,0.0,0.0,0.0,0.0,0.0,0.0
20251021_151731,3.25,4.355452,1.1054521,9,1.0,/home/user/tabbakhab1/dev/project/cache/grid_crops_1400_inset075/20251021_151731_gridv3_d64c4734b819.jpg,/home/user/tabbakhab1/dev/project/cache/sam3_masks_grid1400_inset075/20251021_151731_samv1_6c2c92ea3310.png,0.099939555,0.097830735,0.095244326,0.10315202,0.08932705,0.11451513,0.084309615,0.22417718,0.09150433,0.0,0.0,0.0,0.0,0.0,0.0,0.0,0.0,0.0,0.0,0.0
20251021_162321,1.7000003,2.540505,0.84050465,6,1.0,/home/user/tabbakhab1/dev/project/cache/grid_crops_1400_inset075/20251021_162321_gridv3_6105d1d9634e.jpg,/home/user/tabbakhab1/dev/project/cache/sam3_masks_grid1400_inset075/20251021_162321_samv1_f674caf8a2a8.png,0.17836435,0.16493744,0.16711621,0.16317211,0.15099569,0.17541416,0.0,0.0,0.0,0.0,0.0,0.0,0.0,0.0,0.0,0.0,0.0,0.0,0.0,0.0
20251021_125215,27.5,30.555618,3.0556183,7,1.0,/home/user/tabbakhab1/dev/project/cache/grid_crops_1400_inset075/20251021_125215_gridv3_cd0f32ee4c48.jpg,/home/user/tabbakhab1/dev/project/cache/sam3_masks_grid1400_inset075/20251021_125215_samv1_6ae087eff0ec.png,0.16077569,0.16910125,0.15749381,0.20732412,0.1493049,0.093452536,0.06254769,0.0,0.0,0.0,0.0,0.0,0.0,0.0,0.0,0.0,0.0,0.0,0.0,0.0
20251021_125129,0.9000001,2.3158202,1.4158201,2,1.0,/home/user/tabbakhab1/dev/project/cache/grid_crops_1400_inset075/20251021_125129_gridv3_12fcd5f38d3e.jpg,/home/user/tabbakhab1/dev/project/cache/sam3_masks_grid1400_inset075/20251021_125129_samv1_5f627705450a.png,0.4875717,0.5124283,0.0,0.0,0.0,0.0,0.0,0.0,0.0,0.0,0.0,0.0,0.0,0.0,0.0,0.0,0.0,0.0,0.0,0.0
20251021_161028,2.75,3.3221073,0.5721073,4,1.0,/home/user/tabbakhab1/dev/project/cache/grid_crops_1400_inset075/20251021_161028_gridv3_6d57a83ae3ca.jpg,/home/user/tabbakhab1/dev/project/cache/sam3_masks_grid1400_inset075/20251021_161028_samv1_f9fb2073fbf2.png,0.22286576,0.2577744,0.21620195,0.3031579,0.0,0.0,0.0,0.0,0.0,0.0,0.0,0.0,0.0,0.0,0.0,0.0,0.0,0.0,0.0,0.0
20251021_160658,1.5,3.1519527,1.6519527,8,1.0,/home/user/tabbakhab1/dev/project/cache/grid_crops_1400_inset075/20251021_160658_gridv3_60552f858335.jpg,/home/user/tabbakhab1/dev/project/cache/sam3_masks_grid1400_inset075/20251021_160658_samv1_8966f1df2462.png,0.11539286,0.11091007,0.10928337,0.14596884,0.11232434,0.1142211,0.10665624,0.18524316,0.0,0.0,0.0,0.0,0.0,0.0,0.0,0.0,0.0,0.0,0.0,0.0
20251021_162313,1.75,1.8353252,0.08532524,4,1.0,/home/user/tabbakhab1/dev/project/cache/grid_crops_1400_inset075/20251021_162313_gridv3_9ea597bcd2f9.jpg,/home/user/tabbakhab1/dev/project/cache/sam3_masks_grid1400_inset075/20251021_162313_samv1_5976d5813bd3.png,0.28470355,0.2187754,0.22772384,0.26879725,0.0,0.0,0.0,0.0,0.0,0.0,0.0,0.0,0.0,0.0,0.0,0.0,0.0,0.0,0.0,0.0
20251021_163044,4.0,6.2560863,2.2560863,6,1.0,/home/user/tabbakhab1/dev/project/cache/grid_crops_1400_inset075/20251021_163044_gridv3_ba02f8eaefdc.jpg,/home/user/tabbakhab1/dev/project/cache/sam3_masks_grid1400_inset075/20251021_163044_samv1_56cff1689195.png,0.252202,0.12757064,0.10811368,0.14556469,0.25021514,0.11633379,0.0,0.0,0.0,0.0,0.0,0.0,0.0,0.0,0.0,0.0,0.0,0.0,0.0,0.0
20251021_160541,3.75,6.0044193,2.2544193,6,1.0,/home/user/tabbakhab1/dev/project/cache/grid_crops_1400_inset075/20251021_160541_gridv3_a6eec9597bee.jpg,/home/user/tabbakhab1/dev/project/cache/sam3_masks_grid1400_inset075/20251021_160541_samv1_b939334f9f8e.png,0.13110167,0.22120608,0.12597136,0.13268586,0.15151031,0.23752476,0.0,0.0,0.0,0.0,0.0,0.0,0.0,0.0,0.0,0.0,0.0,0.0,0.0,0.0
