position,cohort_id,source_folder,filename_family,image_id,file_name,source_path,decode_status,decode_warning,probable_label_fraction,probable_vegetation_fraction,sampled_grids,preview_path
1,dsv_asendorf_t1_bbch11,2025_09_15_Re4StRes_T1_DSV,img,img_dd0a6ac1f44f8b8f5e2d,IMG_2531.JPG,/home/nfs/data/nvme_datasets/Pictures_CFSB_leaf_damage/2025_09_15_Re4StRes_T1_DSV/IMG_2531.JPG,ok,,0.0,0.039338288483796294,"[3, 3, 3, 4]",/home/user/tabbakhab1/dev/project/outputs/dinov3_mixed_domain_adaptation/audit_100/001_dsv_asendorf_t1_bbch11_IMG_2531.jpg
2,dsv_asendorf_t1_bbch11,2025_09_15_Re4StRes_T1_DSV,img,img_d31ddc70efeaf21c4b28,IMG_2612.JPG,/home/nfs/data/nvme_datasets/Pictures_CFSB_leaf_damage/2025_09_15_Re4StRes_T1_DSV/IMG_2612.JPG,ok,,0.0,0.049528899016203706,"[3, 4, 4, 4]",/home/user/tabbakhab1/dev/project/outputs/dinov3_mixed_domain_adaptation/audit_100/002_dsv_asendorf_t1_bbch11_IMG_2612.jpg
3,dsv_asendorf_t1_bbch11,2025_09_15_Re4StRes_T1_DSV,img,img_d28b6f36fa57653766b0,IMG_2693.JPG,/home/nfs/data/nvme_datasets/Pictures_CFSB_leaf_damage/2025_09_15_Re4StRes_T1_DSV/IMG_2693.JPG,ok,,0.0,0.011883770978009259,"[3, 4, 3, 3]",/home/user/tabbakhab1/dev/project/outputs/dinov3_mixed_domain_adaptation/audit_100/003_dsv_asendorf_t1_bbch11_IMG_2693.jpg
4,dsv_asendorf_t1_bbch11,2025_09_15_Re4StRes_T1_DSV,img,img_b8043e78d56b00e15df4,IMG_2776.JPG,/home/nfs/data/nvme_datasets/Pictures_CFSB_leaf_damage/2025_09_15_Re4StRes_T1_DSV/IMG_2776.JPG,ok,,0.00602439597800926,0.02687355324074074,"[4, 4, 4, 4]",/home/user/tabbakhab1/dev/project/outputs/dinov3_mixed_domain_adaptation/audit_100/004_dsv_asendorf_t1_bbch11_IMG_2776.jpg
5,dsv_asendorf_t1_bbch11,2025_09_15_Re4StRes_T1_DSV,img,img_f8c58190b636f1de45fd,IMG_2859.JPG,/home/nfs/data/nvme_datasets/Pictures_CFSB_leaf_damage/2025_09_15_Re4StRes_T1_DSV/IMG_2859.JPG,ok,,0.0,0.07593677662037036,"[3, 4, 4, 3]",/home/user/tabbakhab1/dev/project/outputs/dinov3_mixed_domain_adaptation/audit_100/005_dsv_asendorf_t1_bbch11_IMG_2859.jpg
6,dsv_asendorf_t1_bbch11,2025_09_15_Re4StRes_T1_DSV,img,img_4f7d133a4e54155897d1,IMG_2944.JPG,/home/nfs/data/nvme_datasets/Pictures_CFSB_leaf_damage/2025_09_15_Re4StRes_T1_DSV/IMG_2944.JPG,ok,,0.0,0.06794569227430555,"[3, 3, 3, 3]",/home/user/tabbakhab1/dev/project/outputs/dinov3_mixed_domain_adaptation/audit_100/006_dsv_asendorf_t1_bbch11_IMG_2944.jpg
7,dsv_asendorf_t1_bbch11,2025_09_15_Re4StRes_T1_DSV,img,img_61c70d873ca1ddc6cdf9,IMG_3031.JPG,/home/nfs/data/nvme_datasets/Pictures_CFSB_leaf_damage/2025_09_15_Re4StRes_T1_DSV/IMG_3031.JPG,ok,,0.0,0.061869303385416664,"[4, 3, 3, 4]",/home/user/tabbakhab1/dev/project/outputs/dinov3_mixed_domain_adaptation/audit_100/007_dsv_asendorf_t1_bbch11_IMG_3031.jpg
8,dsv_asendorf_t1_bbch11,2025_09_15_Re4StRes_T1_DSV,img,img_40ea5369e403cf2b77ae,IMG_3118.JPG,/home/nfs/data/nvme_datasets/Pictures_CFSB_leaf_damage/2025_09_15_Re4StRes_T1_DSV/IMG_3118.JPG,ok,,0.0,0.03378861038773148,"[4, 3, 4, 3]",/home/user/tabbakhab1/dev/project/outputs/dinov3_mixed_domain_adaptation/audit_100/008_dsv_asendorf_t1_bbch11_IMG_3118.jpg
9,dsv_asendorf_t1_bbch11,2025_09_15_Re4StRes_T1_DSV,img,img_481dea3fcf2e58a0543f,IMG_3202.JPG,/home/nfs/data/nvme_datasets/Pictures_CFSB_leaf_damage/2025_09_15_Re4StRes_T1_DSV/IMG_3202.JPG,ok,,0.0,0.03774233217592592,"[4, 4, 3, 3]",/home/user/tabbakhab1/dev/project/outputs/dinov3_mixed_domain_adaptation/audit_100/009_dsv_asendorf_t1_bbch11_IMG_3202.jpg
10,dsv_asendorf_t1_bbch11,2025_09_15_Re4StRes_T1_DSV,img,img_b2e8bc615d80aa6a04da,IMG_3287.JPG,/home/nfs/data/nvme_datasets/Pictures_CFSB_leaf_damage/2025_09_15_Re4StRes_T1_DSV/IMG_3287.JPG,ok,,0.0,0.05099826388888889,"[4, 4, 4, 4]",/home/user/tabbakhab1/dev/project/outputs/dinov3_mixed_domain_adaptation/audit_100/010_dsv_asendorf_t1_bbch11_IMG_3287.jpg
11,dsv_asendorf_t1_bbch11,2025_09_15_Re4StRes_T1_DSV,img,img_e164880768d9e474eeb7,IMG_3371.JPG,/home/nfs/data/nvme_datasets/Pictures_CFSB_leaf_damage/2025_09_15_Re4StRes_T1_DSV/IMG_3371.JPG,ok,,0.0,0.036406340422453706,"[4, 3, 3, 3]",/home/user/tabbakhab1/dev/project/outputs/dinov3_mixed_domain_adaptation/audit_100/011_dsv_asendorf_t1_bbch11_IMG_3371.jpg
12,dsv_asendorf_t1_bbch11,2025_09_15_Re4StRes_T1_DSV,img,img_4e0158dd919cf00710d0,IMG_3456.JPG,/home/nfs/data/nvme_datasets/Pictures_CFSB_leaf_damage/2025_09_15_Re4StRes_T1_DSV/IMG_3456.JPG,ok,,0.0,0.09959807219328703,"[3, 4, 3, 3]",/home/user/tabbakhab1/dev/project/outputs/dinov3_mixed_domain_adaptation/audit_100/012_dsv_asendorf_t1_bbch11_IMG_3456.jpg
13,dsv_asendorf_t2_bbch15,2025_09_30_Res4StRes_T2_DSV,img,img_25ca0ccd2d736cfc3781,IMG_3475.JPG,/home/nfs/data/nvme_datasets/Pictures_CFSB_leaf_damage/2025_09_30_Res4StRes_T2_DSV/IMG_3475.JPG,ok,,0.0,0.22828278718171297,"[3, 3, 3, 3]",/home/user/tabbakhab1/dev/project/outputs/dinov3_mixed_domain_adaptation/audit_100/013_dsv_asendorf_t2_bbch15_IMG_3475.jpg
14,dsv_asendorf_t2_bbch15,2025_09_30_Res4StRes_T2_DSV,img,img_f21f0a365cdef726bb41,IMG_3557.JPG,/home/nfs/data/nvme_datasets/Pictures_CFSB_leaf_damage/2025_09_30_Res4StRes_T2_DSV/IMG_3557.JPG,ok,,0.06344039351851852,0.25373896846064814,"[3, 4, 4, 4]",/home/user/tabbakhab1/dev/project/outputs/dinov3_mixed_domain_adaptation/audit_100/014_dsv_asendorf_t2_bbch15_IMG_3557.jpg
15,dsv_asendorf_t2_bbch15,2025_09_30_Res4StRes_T2_DSV,img,img_e1e806d8d6f7b183a9d8,IMG_3638.JPG,/home/nfs/data/nvme_datasets/Pictures_CFSB_leaf_damage/2025_09_30_Res4StRes_T2_DSV/IMG_3638.JPG,ok,,0.07605432581018519,0.24100748697916666,"[3, 3, 4, 4]",/home/user/tabbakhab1/dev/project/outputs/dinov3_mixed_domain_adaptation/audit_100/015_dsv_asendorf_t2_bbch15_IMG_3638.jpg
16,dsv_asendorf_t2_bbch15,2025_09_30_Res4StRes_T2_DSV,img,img_df794a1d496d2d7d1d77,IMG_3722.JPG,/home/nfs/data/nvme_datasets/Pictures_CFSB_leaf_damage/2025_09_30_Res4StRes_T2_DSV/IMG_3722.JPG,ok,,0.15663881655092593,0.39332863136574076,"[4, 4, 3, 3]",/home/user/tabbakhab1/dev/project/outputs/dinov3_mixed_domain_adaptation/audit_100/016_dsv_asendorf_t2_bbch15_IMG_3722.jpg
17,dsv_asendorf_t2_bbch15,2025_09_30_Res4StRes_T2_DSV,img,img_ac4b05e883b19f70ff71,IMG_3804.JPG,/home/nfs/data/nvme_datasets/Pictures_CFSB_leaf_damage/2025_09_30_Res4StRes_T2_DSV/IMG_3804.JPG,ok,,0.3509205005787037,0.3843089916087963,"[4, 3, 4, 3]",/home/user/tabbakhab1/dev/project/outputs/dinov3_mixed_domain_adaptation/audit_100/017_dsv_asendorf_t2_bbch15_IMG_3804.jpg
18,dsv_asendorf_t2_bbch15,2025_09_30_Res4StRes_T2_DSV,img,img_25e4e827c1a08c301722,IMG_3886.JPG,/home/nfs/data/nvme_datasets/Pictures_CFSB_leaf_damage/2025_09_30_Res4StRes_T2_DSV/IMG_3886.JPG,ok,,0.036379213686342594,0.3228691948784722,"[3, 4, 3, 4]",/home/user/tabbakhab1/dev/project/outputs/dinov3_mixed_domain_adaptation/audit_100/018_dsv_asendorf_t2_bbch15_IMG_3886.jpg
19,dsv_asendorf_t2_bbch15,2025_09_30_Res4StRes_T2_DSV,img,img_21b7c834dff7d1bc6f81,IMG_3967.JPG,/home/nfs/data/nvme_datasets/Pictures_CFSB_leaf_damage/2025_09_30_Res4StRes_T2_DSV/IMG_3967.JPG,ok,,0.1317206488715278,0.48087339048032407,"[4, 3, 3, 3]",/home/user/tabbakhab1/dev/project/outputs/dinov3_mixed_domain_adaptation/audit_100/019_dsv_asendorf_t2_bbch15_IMG_3967.jpg
20,dsv_asendorf_t2_bbch15,2025_09_30_Res4StRes_T2_DSV,img,img_6f38c1d6522a0d95419d,IMG_4049.JPG,/home/nfs/data/nvme_datasets/Pictures_CFSB_leaf_damage/2025_09_30_Res4StRes_T2_DSV/IMG_4049.JPG,ok,,0.05522099247685185,0.23055239076967593,"[4, 3, 3, 3]",/home/user/tabbakhab1/dev/project/outputs/dinov3_mixed_domain_adaptation/audit_100/020_dsv_asendorf_t2_bbch15_IMG_4049.jpg
21,dsv_asendorf_t2_bbch15,2025_09_30_Res4StRes_T2_DSV,img,img_6e8e24fdb8c64d7cd97a,IMG_4131.JPG,/home/nfs/data/nvme_datasets/Pictures_CFSB_leaf_damage/2025_09_30_Res4StRes_T2_DSV/IMG_4131.JPG,ok,,0.05590368200231482,0.43547453703703703,"[3, 3, 3, 3]",/home/user/tabbakhab1/dev/project/outputs/dinov3_mixed_domain_adaptation/audit_100/021_dsv_asendorf_t2_bbch15_IMG_4131.jpg
22,dsv_asendorf_t2_bbch15,2025_09_30_Res4StRes_T2_DSV,img,img_fe6497ac24189e0735f6,IMG_4214.JPG,/home/nfs/data/nvme_datasets/Pictures_CFSB_leaf_damage/2025_09_30_Res4StRes_T2_DSV/IMG_4214.JPG,ok,,0.06842267071759259,0.48497404875578703,"[4, 4, 4, 3]",/home/user/tabbakhab1/dev/project/outputs/dinov3_mixed_domain_adaptation/audit_100/022_dsv_asendorf_t2_bbch15_IMG_4214.jpg
23,dsv_asendorf_t2_bbch15,2025_09_30_Res4StRes_T2_DSV,img,img_ae4ed38919b7bbc292ad,IMG_4295.JPG,/home/nfs/data/nvme_datasets/Pictures_CFSB_leaf_damage/2025_09_30_Res4StRes_T2_DSV/IMG_4295.JPG,ok,,0.0679660373263889,0.33412905092592593,"[4, 3, 4, 3]",/home/user/tabbakhab1/dev/project/outputs/dinov3_mixed_domain_adaptation/audit_100/023_dsv_asendorf_t2_bbch15_IMG_4295.jpg
24,dsv_asendorf_t2_bbch15,2025_09_30_Res4StRes_T2_DSV,img,img_6fd0b32767c817eaea3c,IMG_4377.JPG,/home/nfs/data/nvme_datasets/Pictures_CFSB_leaf_damage/2025_09_30_Res4StRes_T2_DSV/IMG_4377.JPG,ok,,0.1766628689236111,0.3335254810474537,"[4, 4, 4, 4]",/home/user/tabbakhab1/dev/project/outputs/dinov3_mixed_domain_adaptation/audit_100/024_dsv_asendorf_t2_bbch15_IMG_4377.jpg
25,gg_sulfur_bbch15,2025_10_14_RSFB-Phenotyping_GG_Sulfur_JLU,timestamp,img_49e5639660c51d016402,20251014_132055.jpg,/home/nfs/data/nvme_datasets/Pictures_CFSB_leaf_damage/2025_10_14_RSFB-Phenotyping_GG_Sulfur_JLU/2025_10_14_RSFB-Phenotyping_GG_Sulfur_JLU/20251014_132055.jpg,ok,,0.010308159722222222,0.022738986545138888,"[3, 4, 3, 3]",/home/user/tabbakhab1/dev/project/outputs/dinov3_mixed_domain_adaptation/audit_100/025_gg_sulfur_bbch15_20251014_132055.jpg
26,gg_sulfur_bbch15,2025_10_14_RSFB-Phenotyping_GG_Sulfur_JLU,timestamp,img_4fc76fe4bc9fb544c3f9,20251014_133203.jpg,/home/nfs/data/nvme_datasets/Pictures_CFSB_leaf_damage/2025_10_14_RSFB-Phenotyping_GG_Sulfur_JLU/2025_10_14_RSFB-Phenotyping_GG_Sulfur_JLU/20251014_133203.jpg,ok,,0.0,0.08020245587384259,"[4, 3, 4, 3]",/home/user/tabbakhab1/dev/project/outputs/dinov3_mixed_domain_adaptation/audit_100/026_gg_sulfur_bbch15_20251014_133203.jpg
27,gg_sulfur_bbch15,2025_10_14_RSFB-Phenotyping_GG_Sulfur_JLU,timestamp,img_43394d2ed49d8210984f,20251014_134807.jpg,/home/nfs/data/nvme_datasets/Pictures_CFSB_leaf_damage/2025_10_14_RSFB-Phenotyping_GG_Sulfur_JLU/2025_10_14_RSFB-Phenotyping_GG_Sulfur_JLU/20251014_134807.jpg,ok,,0.0,0.036801938657407406,"[3, 3, 4, 4]",/home/user/tabbakhab1/dev/project/outputs/dinov3_mixed_domain_adaptation/audit_100/027_gg_sulfur_bbch15_20251014_134807.jpg
28,gg_sulfur_bbch15,2025_10_14_RSFB-Phenotyping_GG_Sulfur_JLU,timestamp,img_b10d466e6c81000f6112,20251014_140135.jpg,/home/nfs/data/nvme_datasets/Pictures_CFSB_leaf_damage/2025_10_14_RSFB-Phenotyping_GG_Sulfur_JLU/2025_10_14_RSFB-Phenotyping_GG_Sulfur_JLU/20251014_140135.jpg,ok,,0.0,0.06736472800925926,"[4, 4, 4, 4]",/home/user/tabbakhab1/dev/project/outputs/dinov3_mixed_domain_adaptation/audit_100/028_gg_sulfur_bbch15_20251014_140135.jpg
29,gg_sulfur_bbch15,2025_10_14_RSFB-Phenotyping_GG_Sulfur_JLU,timestamp,img_fe1c5eefddcb2d414d76,20251014_142038.jpg,/home/nfs/data/nvme_datasets/Pictures_CFSB_leaf_damage/2025_10_14_RSFB-Phenotyping_GG_Sulfur_JLU/2025_10_14_RSFB-Phenotyping_GG_Sulfur_JLU/20251014_142038.jpg,ok,,0.0,0.06878209997106481,"[3, 3, 4, 4]",/home/user/tabbakhab1/dev/project/outputs/dinov3_mixed_domain_adaptation/audit_100/029_gg_sulfur_bbch15_20251014_142038.jpg
30,gg_sulfur_bbch15,2025_10_14_RSFB-Phenotyping_GG_Sulfur_JLU,timestamp,img_72d70748eee442a5e7e6,20251014_143249.jpg,/home/nfs/data/nvme_datasets/Pictures_CFSB_leaf_damage/2025_10_14_RSFB-Phenotyping_GG_Sulfur_JLU/2025_10_14_RSFB-Phenotyping_GG_Sulfur_JLU/20251014_143249.jpg,ok,,0.0,0.07048882378472222,"[3, 4, 3, 3]",/home/user/tabbakhab1/dev/project/outputs/dinov3_mixed_domain_adaptation/audit_100/030_gg_sulfur_bbch15_20251014_143249.jpg
31,gg_sulfur_bbch15,2025_10_14_RSFB-Phenotyping_GG_Sulfur_JLU,timestamp,img_d14d3dd7a5be3d22c464,20251014_144513.jpg,/home/nfs/data/nvme_datasets/Pictures_CFSB_leaf_damage/2025_10_14_RSFB-Phenotyping_GG_Sulfur_JLU/2025_10_14_RSFB-Phenotyping_GG_Sulfur_JLU/20251014_144513.jpg,ok,,0.0,0.04564977575231482,"[4, 3, 4, 4]",/home/user/tabbakhab1/dev/project/outputs/dinov3_mixed_domain_adaptation/audit_100/031_gg_sulfur_bbch15_20251014_144513.jpg
32,gg_sulfur_bbch15,2025_10_14_RSFB-Phenotyping_GG_Sulfur_JLU,timestamp,img_6b69bce3cf5278c2135a,20251014_145854.jpg,/home/nfs/data/nvme_datasets/Pictures_CFSB_leaf_damage/2025_10_14_RSFB-Phenotyping_GG_Sulfur_JLU/2025_10_14_RSFB-Phenotyping_GG_Sulfur_JLU/20251014_145854.jpg,ok,,0.0,0.003833912037037037,"[3, 3, 3, 4]",/home/user/tabbakhab1/dev/project/outputs/dinov3_mixed_domain_adaptation/audit_100/032_gg_sulfur_bbch15_20251014_145854.jpg
33,gg_sulfur_bbch15,2025_10_14_RSFB-Phenotyping_GG_Sulfur_JLU,timestamp,img_5d78f18a877ecf324ab9,20251014_160527.jpg,/home/nfs/data/nvme_datasets/Pictures_CFSB_leaf_damage/2025_10_14_RSFB-Phenotyping_GG_Sulfur_JLU/2025_10_14_RSFB-Phenotyping_GG_Sulfur_JLU/20251014_160527.jpg,ok,,0.0,0.05653663917824074,"[4, 4, 4, 4]",/home/user/tabbakhab1/dev/project/outputs/dinov3_mixed_domain_adaptation/audit_100/033_gg_sulfur_bbch15_20251014_160527.jpg
34,gg_sulfur_bbch15,2025_10_14_RSFB-Phenotyping_GG_Sulfur_JLU,timestamp,img_cfeafdbdb938a1f7c657,20251014_161727.jpg,/home/nfs/data/nvme_datasets/Pictures_CFSB_leaf_damage/2025_10_14_RSFB-Phenotyping_GG_Sulfur_JLU/2025_10_14_RSFB-Phenotyping_GG_Sulfur_JLU/20251014_161727.jpg,ok,,0.0,0.06965015552662036,"[3, 3, 3, 4]",/home/user/tabbakhab1/dev/project/outputs/dinov3_mixed_domain_adaptation/audit_100/034_gg_sulfur_bbch15_20251014_161727.jpg
35,gg_sulfur_bbch15,2025_10_14_RSFB-Phenotyping_GG_Sulfur_JLU,timestamp,img_3c2c8a3d91df28078856,20251014_163044.jpg,/home/nfs/data/nvme_datasets/Pictures_CFSB_leaf_damage/2025_10_14_RSFB-Phenotyping_GG_Sulfur_JLU/2025_10_14_RSFB-Phenotyping_GG_Sulfur_JLU/20251014_163044.jpg,ok,,0.0,0.07658103660300926,"[4, 3, 3, 3]",/home/user/tabbakhab1/dev/project/outputs/dinov3_mixed_domain_adaptation/audit_100/035_gg_sulfur_bbch15_20251014_163044.jpg
36,gg_sulfur_bbch15,2025_10_14_RSFB-Phenotyping_GG_Sulfur_JLU,timestamp,img_e94948e945fb0de28110,20251014_164240.jpg,/home/nfs/data/nvme_datasets/Pictures_CFSB_leaf_damage/2025_10_14_RSFB-Phenotyping_GG_Sulfur_JLU/2025_10_14_RSFB-Phenotyping_GG_Sulfur_JLU/20251014_164240.jpg,ok,,0.0,0.11473253038194445,"[4, 3, 3, 4]",/home/user/tabbakhab1/dev/project/outputs/dinov3_mixed_domain_adaptation/audit_100/036_gg_sulfur_bbch15_20251014_164240.jpg
37,gg_sulfur_bbch15,2025_10_14_RSFB-Phenotyping_GG_Sulfur_JLU,timestamp,img_ba9cd3c460583a87d552,20251014_165415.jpg,/home/nfs/data/nvme_datasets/Pictures_CFSB_leaf_damage/2025_10_14_RSFB-Phenotyping_GG_Sulfur_JLU/2025_10_14_RSFB-Phenotyping_GG_Sulfur_JLU/20251014_165415.jpg,ok,,0.0,0.04953794126157408,"[3, 3, 4, 3]",/home/user/tabbakhab1/dev/project/outputs/dinov3_mixed_domain_adaptation/audit_100/037_gg_sulfur_bbch15_20251014_165415.jpg
38,gg_sulfur_bbch15,2025_10_14_RSFB-Phenotyping_GG_Sulfur_JLU,timestamp,img_745887a85af93700163c,20251014_170614.jpg,/home/nfs/data/nvme_datasets/Pictures_CFSB_leaf_damage/2025_10_14_RSFB-Phenotyping_GG_Sulfur_JLU/2025_10_14_RSFB-Phenotyping_GG_Sulfur_JLU/20251014_170614.jpg,ok,,0.0,0.05471010561342592,"[3, 4, 3, 4]",/home/user/tabbakhab1/dev/project/outputs/dinov3_mixed_domain_adaptation/audit_100/038_gg_sulfur_bbch15_20251014_170614.jpg
39,gg_sulfur_bbch15,2025_10_14_RSFB-Phenotyping_GG_Sulfur_JLU,timestamp,img_001ec44b6b117a638b57,20251014_172052.jpg,/home/nfs/data/nvme_datasets/Pictures_CFSB_leaf_damage/2025_10_14_RSFB-Phenotyping_GG_Sulfur_JLU/2025_10_14_RSFB-Phenotyping_GG_Sulfur_JLU/20251014_172052.jpg,ok,,0.0,0.03525119357638889,"[4, 4, 3, 3]",/home/user/tabbakhab1/dev/project/outputs/dinov3_mixed_domain_adaptation/audit_100/039_gg_sulfur_bbch15_20251014_172052.jpg
40,gg_sulfur_bbch15,2025_10_14_RSFB-Phenotyping_GG_Sulfur_JLU,timestamp,img_43ecbccc7b7c2f922713,20251014_173305.jpg,/home/nfs/data/nvme_datasets/Pictures_CFSB_leaf_damage/2025_10_14_RSFB-Phenotyping_GG_Sulfur_JLU/2025_10_14_RSFB-Phenotyping_GG_Sulfur_JLU/20251014_173305.jpg,ok,,0.0,0.04983181423611111,"[3, 4, 4, 4]",/home/user/tabbakhab1/dev/project/outputs/dinov3_mixed_domain_adaptation/audit_100/040_gg_sulfur_bbch15_20251014_173305.jpg
41,gg_sulfur_bbch15,2025_10_14_RSFB-Phenotyping_GG_Sulfur_JLU,timestamp,img_043411c91c9c952332a3,20251014_174452.jpg,/home/nfs/data/nvme_datasets/Pictures_CFSB_leaf_damage/2025_10_14_RSFB-Phenotyping_GG_Sulfur_JLU/2025_10_14_RSFB-Phenotyping_GG_Sulfur_JLU/20251014_174452.jpg,ok,,0.0,0.08808277271412036,"[3, 4, 4, 3]",/home/user/tabbakhab1/dev/project/outputs/dinov3_mixed_domain_adaptation/audit_100/041_gg_sulfur_bbch15_20251014_174452.jpg
42,npzi_malchow_t1_bbch10,2025_09_12_RSFB_01_NPZi,timestamp,img_5294894da3408a35f306,20250912_080046.jpg,/home/nfs/data/nvme_datasets/Pictures_CFSB_leaf_damage/2025_09_12_RSFB_01_NPZi/2025_09_12_RSFB_01_NPZi/20250912_080046.jpg,ok,,0.0,0.03330032913773148,"[3, 3, 3, 3]",/home/user/tabbakhab1/dev/project/outputs/dinov3_mixed_domain_adaptation/audit_100/042_npzi_malchow_t1_bbch10_20250912_080046.jpg
43,npzi_malchow_t1_bbch10,2025_09_12_RSFB_01_NPZi,timestamp,img_3b509afb9a29c0687217,20250912_082717.jpg,/home/nfs/data/nvme_datasets/Pictures_CFSB_leaf_damage/2025_09_12_RSFB_01_NPZi/2025_09_12_RSFB_01_NPZi/20250912_082717.jpg,ok,,0.0,0.044178150318287035,"[3, 3, 4, 4]",/home/user/tabbakhab1/dev/project/outputs/dinov3_mixed_domain_adaptation/audit_100/043_npzi_malchow_t1_bbch10_20250912_082717.jpg
44,npzi_malchow_t1_bbch10,2025_09_12_RSFB_01_NPZi,timestamp,img_571c6f8b1ec89bd0a30d,20250912_084958.jpg,/home/nfs/data/nvme_datasets/Pictures_CFSB_leaf_damage/2025_09_12_RSFB_01_NPZi/2025_09_12_RSFB_01_NPZi/20250912_084958.jpg,ok,,0.08170798972800926,0.04145643446180555,"[3, 3, 4, 4]",/home/user/tabbakhab1/dev/project/outputs/dinov3_mixed_domain_adaptation/audit_100/044_npzi_malchow_t1_bbch10_20250912_084958.jpg
45,npzi_malchow_t1_bbch10,2025_09_12_RSFB_01_NPZi,timestamp,img_91cd6f2cab58d09fbfe8,20250912_095006.jpg,/home/nfs/data/nvme_datasets/Pictures_CFSB_leaf_damage/2025_09_12_RSFB_01_NPZi/2025_09_12_RSFB_01_NPZi/20250912_095006.jpg,ok,,0.04674840856481482,0.026830602575231483,"[4, 3, 4, 4]",/home/user/tabbakhab1/dev/project/outputs/dinov3_mixed_domain_adaptation/audit_100/045_npzi_malchow_t1_bbch10_20250912_095006.jpg
46,npzi_malchow_t1_bbch10,2025_09_12_RSFB_01_NPZi,timestamp,img_7db55c4faa2b5a004914,20250912_101434.jpg,/home/nfs/data/nvme_datasets/Pictures_CFSB_leaf_damage/2025_09_12_RSFB_01_NPZi/2025_09_12_RSFB_01_NPZi/20250912_101434.jpg,ok,,0.07355866608796297,0.05780029296875,"[4, 4, 3, 3]",/home/user/tabbakhab1/dev/project/outputs/dinov3_mixed_domain_adaptation/audit_100/046_npzi_malchow_t1_bbch10_20250912_101434.jpg
47,npzi_malchow_t1_bbch10,2025_09_12_RSFB_01_NPZi,timestamp,img_5da7b54393be52c46a9a,20250912_103838.jpg,/home/nfs/data/nvme_datasets/Pictures_CFSB_leaf_damage/2025_09_12_RSFB_01_NPZi/2025_09_12_RSFB_01_NPZi/20250912_103838.jpg,ok,,0.005995008680555556,0.02776873553240741,"[3, 4, 3, 4]",/home/user/tabbakhab1/dev/project/outputs/dinov3_mixed_domain_adaptation/audit_100/047_npzi_malchow_t1_bbch10_20250912_103838.jpg
48,npzi_malchow_t1_bbch10,2025_09_12_RSFB_01_NPZi,timestamp,img_2ec21c5e696d968170c5,20250912_110249.jpg,/home/nfs/data/nvme_datasets/Pictures_CFSB_leaf_damage/2025_09_12_RSFB_01_NPZi/2025_09_12_RSFB_01_NPZi/20250912_110249.jpg,ok,,0.0,0.04004358362268518,"[4, 3, 4, 4]",/home/user/tabbakhab1/dev/project/outputs/dinov3_mixed_domain_adaptation/audit_100/048_npzi_malchow_t1_bbch10_20250912_110249.jpg
49,npzi_malchow_t1_bbch10,2025_09_12_RSFB_01_NPZi,timestamp,img_2c36bd2316b4e189fef4,20250912_112752.jpg,/home/nfs/data/nvme_datasets/Pictures_CFSB_leaf_damage/2025_09_12_RSFB_01_NPZi/2025_09_12_RSFB_01_NPZi/20250912_112752.jpg,ok,,0.0,0.10413275824652778,"[3, 4, 4, 3]",/home/user/tabbakhab1/dev/project/outputs/dinov3_mixed_domain_adaptation/audit_100/049_npzi_malchow_t1_bbch10_20250912_112752.jpg
50,npzi_malchow_t1_bbch10,2025_09_12_RSFB_01_NPZi,timestamp,img_28698cf831b50e7d10a9,20250912_124848.jpg,/home/nfs/data/nvme_datasets/Pictures_CFSB_leaf_damage/2025_09_12_RSFB_01_NPZi/2025_09_12_RSFB_01_NPZi/20250912_124848.jpg,ok,,0.011140046296296295,0.04768202039930555,"[4, 4, 3, 3]",/home/user/tabbakhab1/dev/project/outputs/dinov3_mixed_domain_adaptation/audit_100/050_npzi_malchow_t1_bbch10_20250912_124848.jpg
51,npzi_malchow_t1_bbch10,2025_09_12_RSFB_01_NPZi,timestamp,img_9b80a955dd8f932d5a8c,20250912_131315.jpg,/home/nfs/data/nvme_datasets/Pictures_CFSB_leaf_damage/2025_09_12_RSFB_01_NPZi/2025_09_12_RSFB_01_NPZi/20250912_131315.jpg,ok,,0.010918511284722222,0.03514268663194445,"[4, 4, 3, 3]",/home/user/tabbakhab1/dev/project/outputs/dinov3_mixed_domain_adaptation/audit_100/051_npzi_malchow_t1_bbch10_20250912_131315.jpg
52,npzi_malchow_t1_bbch10,2025_09_12_RSFB_01_NPZi,timestamp,img_96125ddc483d17ae5989,20250912_133541.jpg,/home/nfs/data/nvme_datasets/Pictures_CFSB_leaf_damage/2025_09_12_RSFB_01_NPZi/2025_09_12_RSFB_01_NPZi/20250912_133541.jpg,ok,,0.0,0.02899395978009259,"[4, 4, 4, 3]",/home/user/tabbakhab1/dev/project/outputs/dinov3_mixed_domain_adaptation/audit_100/052_npzi_malchow_t1_bbch10_20250912_133541.jpg
53,npzi_malchow_t1_bbch10,2025_09_12_RSFB_01_NPZi,timestamp,img_46df36632b2f7c9b8b1a,20250912_135953.jpg,/home/nfs/data/nvme_datasets/Pictures_CFSB_leaf_damage/2025_09_12_RSFB_01_NPZi/2025_09_12_RSFB_01_NPZi/20250912_135953.jpg,ok,,0.0,0.032036675347222224,"[3, 4, 3, 3]",/home/user/tabbakhab1/dev/project/outputs/dinov3_mixed_domain_adaptation/audit_100/053_npzi_malchow_t1_bbch10_20250912_135953.jpg
54,npzi_malchow_t2_bbch13,2025_09_19_RSFB_02_NPZi,timestamp,img_91ed58fca950780ec0f3,20250919_082915.jpg,/home/nfs/data/nvme_datasets/Pictures_CFSB_leaf_damage/2025_09_19_RSFB_02_NPZi/2025_09_19_RSFB_02_NPZi/20250919_082915.jpg,ok,,0.006343135127314815,0.15466760706018517,"[3, 3, 4, 3]",/home/user/tabbakhab1/dev/project/outputs/dinov3_mixed_domain_adaptation/audit_100/054_npzi_malchow_t2_bbch13_20250919_082915.jpg
55,npzi_malchow_t2_bbch13,2025_09_19_RSFB_02_NPZi,timestamp,img_0b738d8371d628e3b253,20250919_085347.jpg,/home/nfs/data/nvme_datasets/Pictures_CFSB_leaf_damage/2025_09_19_RSFB_02_NPZi/2025_09_19_RSFB_02_NPZi/20250919_085347.jpg,ok,,0.06607620804398148,0.1527687355324074,"[4, 4, 4, 4]",/home/user/tabbakhab1/dev/project/outputs/dinov3_mixed_domain_adaptation/audit_100/055_npzi_malchow_t2_bbch13_20250919_085347.jpg
56,npzi_malchow_t2_bbch13,2025_09_19_RSFB_02_NPZi,timestamp,img_64bd6c45e39e04941d9f,20250919_091657.jpg,/home/nfs/data/nvme_datasets/Pictures_CFSB_leaf_damage/2025_09_19_RSFB_02_NPZi/2025_09_19_RSFB_02_NPZi/20250919_091657.jpg,ok,,0.012912326388888888,0.10282615379050926,"[4, 4, 3, 3]",/home/user/tabbakhab1/dev/project/outputs/dinov3_mixed_domain_adaptation/audit_100/056_npzi_malchow_t2_bbch13_20250919_091657.jpg
57,npzi_malchow_t2_bbch13,2025_09_19_RSFB_02_NPZi,timestamp,img_a155f7bf3b2447007f3e,20250919_094157.jpg,/home/nfs/data/nvme_datasets/Pictures_CFSB_leaf_damage/2025_09_19_RSFB_02_NPZi/2025_09_19_RSFB_02_NPZi/20250919_094157.jpg,ok,,0.020390263310185185,0.10195357711226852,"[4, 3, 3, 3]",/home/user/tabbakhab1/dev/project/outputs/dinov3_mixed_domain_adaptation/audit_100/057_npzi_malchow_t2_bbch13_20250919_094157.jpg
58,npzi_malchow_t2_bbch13,2025_09_19_RSFB_02_NPZi,timestamp,img_0606e9b40e6078cf5831,20250919_102817.jpg,/home/nfs/data/nvme_datasets/Pictures_CFSB_leaf_damage/2025_09_19_RSFB_02_NPZi/2025_09_19_RSFB_02_NPZi/20250919_102817.jpg,ok,,0.008027253327546295,0.0939624927662037,"[3, 4, 4, 4]",/home/user/tabbakhab1/dev/project/outputs/dinov3_mixed_domain_adaptation/audit_100/058_npzi_malchow_t2_bbch13_20250919_102817.jpg
59,npzi_malchow_t2_bbch13,2025_09_19_RSFB_02_NPZi,timestamp,img_2f432d2970426273f174,20250919_105224.jpg,/home/nfs/data/nvme_datasets/Pictures_CFSB_leaf_damage/2025_09_19_RSFB_02_NPZi/2025_09_19_RSFB_02_NPZi/20250919_105224.jpg,ok,,0.009602864583333334,0.021873191550925927,"[3, 3, 4, 4]",/home/user/tabbakhab1/dev/project/outputs/dinov3_mixed_domain_adaptation/audit_100/059_npzi_malchow_t2_bbch13_20250919_105224.jpg
60,npzi_malchow_t2_bbch13,2025_09_19_RSFB_02_NPZi,timestamp,img_740c96dac64c7edf0d6f,20250919_111730.jpg,/home/nfs/data/nvme_datasets/Pictures_CFSB_leaf_damage/2025_09_19_RSFB_02_NPZi/2025_09_19_RSFB_02_NPZi/20250919_111730.jpg,ok,,0.0,0.051726164641203706,"[4, 4, 4, 3]",/home/user/tabbakhab1/dev/project/outputs/dinov3_mixed_domain_adaptation/audit_100/060_npzi_malchow_t2_bbch13_20250919_111730.jpg
61,npzi_malchow_t2_bbch13,2025_09_19_RSFB_02_NPZi,timestamp,img_2c2ecda5586dbff22693,20250919_114225.jpg,/home/nfs/data/nvme_datasets/Pictures_CFSB_leaf_damage/2025_09_19_RSFB_02_NPZi/2025_09_19_RSFB_02_NPZi/20250919_114225.jpg,ok,,0.0067138671875,0.15338134765625,"[3, 3, 3, 3]",/home/user/tabbakhab1/dev/project/outputs/dinov3_mixed_domain_adaptation/audit_100/061_npzi_malchow_t2_bbch13_20250919_114225.jpg
62,npzi_malchow_t2_bbch13,2025_09_19_RSFB_02_NPZi,timestamp,img_1ea38ba3a4893ee02a17,20250919_131727.jpg,/home/nfs/data/nvme_datasets/Pictures_CFSB_leaf_damage/2025_09_19_RSFB_02_NPZi/2025_09_19_RSFB_02_NPZi/20250919_131727.jpg,ok,,0.0,0.06210892288773148,"[3, 3, 4, 4]",/home/user/tabbakhab1/dev/project/outputs/dinov3_mixed_domain_adaptation/audit_100/062_npzi_malchow_t2_bbch13_20250919_131727.jpg
63,npzi_malchow_t2_bbch13,2025_09_19_RSFB_02_NPZi,timestamp,img_0903b56984087f386dab,20250919_134434.jpg,/home/nfs/data/nvme_datasets/Pictures_CFSB_leaf_damage/2025_09_19_RSFB_02_NPZi/2025_09_19_RSFB_02_NPZi/20250919_134434.jpg,ok,,0.006302445023148148,0.13447627314814814,"[3, 4, 3, 4]",/home/user/tabbakhab1/dev/project/outputs/dinov3_mixed_domain_adaptation/audit_100/063_npzi_malchow_t2_bbch13_20250919_134434.jpg
64,npzi_malchow_t2_bbch13,2025_09_19_RSFB_02_NPZi,timestamp,img_4aa67fb06d975099571a,20250919_141254.jpg,/home/nfs/data/nvme_datasets/Pictures_CFSB_leaf_damage/2025_09_19_RSFB_02_NPZi/2025_09_19_RSFB_02_NPZi/20250919_141254.jpg,ok,,0.0,0.045918782552083336,"[3, 4, 4, 3]",/home/user/tabbakhab1/dev/project/outputs/dinov3_mixed_domain_adaptation/audit_100/064_npzi_malchow_t2_bbch13_20250919_141254.jpg
65,npzi_malchow_t2_bbch13,2025_09_19_RSFB_02_NPZi,timestamp,img_588c7e74f7d83a7d49b3,20250919_144458.jpg,/home/nfs/data/nvme_datasets/Pictures_CFSB_leaf_damage/2025_09_19_RSFB_02_NPZi/2025_09_19_RSFB_02_NPZi/20250919_144458.jpg,ok,,0.01303665726273148,0.07129584418402778,"[3, 4, 4, 3]",/home/user/tabbakhab1/dev/project/outputs/dinov3_mixed_domain_adaptation/audit_100/065_npzi_malchow_t2_bbch13_20250919_144458.jpg
66,rhh_insects_bbch13,2025_09_29_RSFB-Phenotyping_RHH1_JLU,timestamp,img_84c971d35cf7fbb19615,20250929_114321.jpg,/home/nfs/data/nvme_datasets/Pictures_CFSB_leaf_damage/2025_09_29_RSFB-Phenotyping_RHH1_JLU/2025_09_29_RSFB-Phenotyping_RHH1_JLU/20250929_114321.jpg,ok,,0.0,0.14007116247106483,"[3, 4, 4, 3]",/home/user/tabbakhab1/dev/project/outputs/dinov3_mixed_domain_adaptation/audit_100/066_rhh_insects_bbch13_20250929_114321.jpg
67,rhh_insects_bbch13,2025_09_29_RSFB-Phenotyping_RHH1_JLU,timestamp,img_c098acfd475ef6fa65e2,20250929_120128.jpg,/home/nfs/data/nvme_datasets/Pictures_CFSB_leaf_damage/2025_09_29_RSFB-Phenotyping_RHH1_JLU/2025_09_29_RSFB-Phenotyping_RHH1_JLU/20250929_120128.jpg,ok,,0.0,0.1986988208912037,"[4, 3, 3, 4]",/home/user/tabbakhab1/dev/project/outputs/dinov3_mixed_domain_adaptation/audit_100/067_rhh_insects_bbch13_20250929_120128.jpg
68,rhh_insects_bbch13,2025_09_29_RSFB-Phenotyping_RHH1_JLU,timestamp,img_6c1cfee4aaec8da0df9c,20250929_121517.jpg,/home/nfs/data/nvme_datasets/Pictures_CFSB_leaf_damage/2025_09_29_RSFB-Phenotyping_RHH1_JLU/2025_09_29_RSFB-Phenotyping_RHH1_JLU/20250929_121517.jpg,ok,,0.010721842447916666,0.06159351490162037,"[3, 3, 4, 4]",/home/user/tabbakhab1/dev/project/outputs/dinov3_mixed_domain_adaptation/audit_100/068_rhh_insects_bbch13_20250929_121517.jpg
69,rhh_insects_bbch13,2025_09_29_RSFB-Phenotyping_RHH1_JLU,timestamp,img_386835fb2ad4ebfa99d5,20250929_122916.jpg,/home/nfs/data/nvme_datasets/Pictures_CFSB_leaf_damage/2025_09_29_RSFB-Phenotyping_RHH1_JLU/2025_09_29_RSFB-Phenotyping_RHH1_JLU/20250929_122916.jpg,recovered_truncated,Recovered with Pillow truncated-image mode: image file is truncated (104 bytes not processed),0.008246527777777778,0.1998223198784722,"[3, 3, 4, 3]",/home/user/tabbakhab1/dev/project/outputs/dinov3_mixed_domain_adaptation/audit_100/069_rhh_insects_bbch13_20250929_122916.jpg
70,rhh_insects_bbch13,2025_09_29_RSFB-Phenotyping_RHH1_JLU,timestamp,img_993a2df9dae9457999ae,20250929_124749.jpg,/home/nfs/data/nvme_datasets/Pictures_CFSB_leaf_damage/2025_09_29_RSFB-Phenotyping_RHH1_JLU/2025_09_29_RSFB-Phenotyping_RHH1_JLU/20250929_124749.jpg,recovered_truncated,Recovered with Pillow truncated-image mode: image file is truncated (120 bytes not processed),0.0,0.07635498046875,"[4, 4, 3, 4]",/home/user/tabbakhab1/dev/project/outputs/dinov3_mixed_domain_adaptation/audit_100/070_rhh_insects_bbch13_20250929_124749.jpg
71,rhh_insects_bbch13,2025_09_29_RSFB-Phenotyping_RHH1_JLU,timestamp,img_c05582325e9e87e098c9,20250929_130416.jpg,/home/nfs/data/nvme_datasets/Pictures_CFSB_leaf_damage/2025_09_29_RSFB-Phenotyping_RHH1_JLU/2025_09_29_RSFB-Phenotyping_RHH1_JLU/20250929_130416.jpg,ok,,0.0,0.061821831597222224,"[3, 3, 3, 4]",/home/user/tabbakhab1/dev/project/outputs/dinov3_mixed_domain_adaptation/audit_100/071_rhh_insects_bbch13_20250929_130416.jpg
72,rhh_insects_bbch13,2025_09_29_RSFB-Phenotyping_RHH1_JLU,timestamp,img_234cd39b4b0ef221b5c7,20250929_131730.jpg,/home/nfs/data/nvme_datasets/Pictures_CFSB_leaf_damage/2025_09_29_RSFB-Phenotyping_RHH1_JLU/2025_09_29_RSFB-Phenotyping_RHH1_JLU/20250929_131730.jpg,ok,,0.007233796296296296,0.1605563693576389,"[4, 3, 3, 3]",/home/user/tabbakhab1/dev/project/outputs/dinov3_mixed_domain_adaptation/audit_100/072_rhh_insects_bbch13_20250929_131730.jpg
73,rhh_insects_bbch13,2025_09_29_RSFB-Phenotyping_RHH1_JLU,timestamp,img_6261a33f8e47dc2cb7c5,20250929_134911.jpg,/home/nfs/data/nvme_datasets/Pictures_CFSB_leaf_damage/2025_09_29_RSFB-Phenotyping_RHH1_JLU/2025_09_29_RSFB-Phenotyping_RHH1_JLU/20250929_134911.jpg,ok,,0.0,0.054807309751157406,"[3, 4, 3, 3]",/home/user/tabbakhab1/dev/project/outputs/dinov3_mixed_domain_adaptation/audit_100/073_rhh_insects_bbch13_20250929_134911.jpg
74,rhh_insects_bbch13,2025_09_29_RSFB-Phenotyping_RHH1_JLU,timestamp,img_e88dfa6bbbc482b3ba76,20250929_140350.jpg,/home/nfs/data/nvme_datasets/Pictures_CFSB_leaf_damage/2025_09_29_RSFB-Phenotyping_RHH1_JLU/2025_09_29_RSFB-Phenotyping_RHH1_JLU/20250929_140350.jpg,ok,,0.0,0.18809226707175927,"[3, 3, 4, 3]",/home/user/tabbakhab1/dev/project/outputs/dinov3_mixed_domain_adaptation/audit_100/074_rhh_insects_bbch13_20250929_140350.jpg
75,rhh_insects_bbch13,2025_09_29_RSFB-Phenotyping_RHH1_JLU,timestamp,img_17df1349d8a13c5f0e95,20250929_141815.jpg,/home/nfs/data/nvme_datasets/Pictures_CFSB_leaf_damage/2025_09_29_RSFB-Phenotyping_RHH1_JLU/2025_09_29_RSFB-Phenotyping_RHH1_JLU/20250929_141815.jpg,ok,,0.042329011140046294,0.07682969835069445,"[4, 4, 3, 4]",/home/user/tabbakhab1/dev/project/outputs/dinov3_mixed_domain_adaptation/audit_100/075_rhh_insects_bbch13_20250929_141815.jpg
76,rhh_insects_bbch13,2025_09_29_RSFB-Phenotyping_RHH1_JLU,timestamp,img_616762564a9e6eb7a431,20250929_144427.jpg,/home/nfs/data/nvme_datasets/Pictures_CFSB_leaf_damage/2025_09_29_RSFB-Phenotyping_RHH1_JLU/2025_09_29_RSFB-Phenotyping_RHH1_JLU/20250929_144427.jpg,ok,,0.0,0.18521683304398148,"[4, 4, 3, 4]",/home/user/tabbakhab1/dev/project/outputs/dinov3_mixed_domain_adaptation/audit_100/076_rhh_insects_bbch13_20250929_144427.jpg
77,wg_insects_t1_bbch10,2025_10_07_RSFB-Phenotyping_WG1_JLU,timestamp,img_af69597529e48c3d0605,20251007_122629.jpg,/home/nfs/data/nvme_datasets/Pictures_CFSB_leaf_damage/2025_10_07_RSFB-Phenotyping_WG1_JLU/2025_10_07_RSFB-Phenotyping_WG1_JLU/20251007_122629.jpg,ok,,0.0,0.007444028501157407,"[3, 4, 4, 3]",/home/user/tabbakhab1/dev/project/outputs/dinov3_mixed_domain_adaptation/audit_100/077_wg_insects_t1_bbch10_20251007_122629.jpg
78,wg_insects_t1_bbch10,2025_10_07_RSFB-Phenotyping_WG1_JLU,timestamp,img_ce6fbe86e047422e1a37,20251007_124910.jpg,/home/nfs/data/nvme_datasets/Pictures_CFSB_leaf_damage/2025_10_07_RSFB-Phenotyping_WG1_JLU/2025_10_07_RSFB-Phenotyping_WG1_JLU/20251007_124910.jpg,ok,,0.0,0.02833161530671296,"[4, 3, 3, 4]",/home/user/tabbakhab1/dev/project/outputs/dinov3_mixed_domain_adaptation/audit_100/078_wg_insects_t1_bbch10_20251007_124910.jpg
79,wg_insects_t1_bbch10,2025_10_07_RSFB-Phenotyping_WG1_JLU,timestamp,img_fb5c198ed1efdf819850,20251007_130612.jpg,/home/nfs/data/nvme_datasets/Pictures_CFSB_leaf_damage/2025_10_07_RSFB-Phenotyping_WG1_JLU/2025_10_07_RSFB-Phenotyping_WG1_JLU/20251007_130612.jpg,ok,,0.0,0.01024486400462963,"[4, 4, 3, 4]",/home/user/tabbakhab1/dev/project/outputs/dinov3_mixed_domain_adaptation/audit_100/079_wg_insects_t1_bbch10_20251007_130612.jpg
80,wg_insects_t1_bbch10,2025_10_07_RSFB-Phenotyping_WG1_JLU,timestamp,img_0dd546af1cc10ec070cb,20251007_132222.jpg,/home/nfs/data/nvme_datasets/Pictures_CFSB_leaf_damage/2025_10_07_RSFB-Phenotyping_WG1_JLU/2025_10_07_RSFB-Phenotyping_WG1_JLU/20251007_132222.jpg,ok,,0.06348560474537036,0.02220775462962963,"[4, 3, 4, 4]",/home/user/tabbakhab1/dev/project/outputs/dinov3_mixed_domain_adaptation/audit_100/080_wg_insects_t1_bbch10_20251007_132222.jpg
81,wg_insects_t1_bbch10,2025_10_07_RSFB-Phenotyping_WG1_JLU,timestamp,img_f5ad3ed4c143a2826c68,20251007_133946.jpg,/home/nfs/data/nvme_datasets/Pictures_CFSB_leaf_damage/2025_10_07_RSFB-Phenotyping_WG1_JLU/2025_10_07_RSFB-Phenotyping_WG1_JLU/20251007_133946.jpg,ok,,0.041594328703703706,0.01606354890046296,"[4, 3, 4, 4]",/home/user/tabbakhab1/dev/project/outputs/dinov3_mixed_domain_adaptation/audit_100/081_wg_insects_t1_bbch10_20251007_133946.jpg
82,wg_insects_t1_bbch10,2025_10_07_RSFB-Phenotyping_WG1_JLU,timestamp,img_5531bf80f23ddc02f2b0,20251007_135535.jpg,/home/nfs/data/nvme_datasets/Pictures_CFSB_leaf_damage/2025_10_07_RSFB-Phenotyping_WG1_JLU/2025_10_07_RSFB-Phenotyping_WG1_JLU/20251007_135535.jpg,ok,,0.0,0.009867350260416666,"[3, 4, 3, 3]",/home/user/tabbakhab1/dev/project/outputs/dinov3_mixed_domain_adaptation/audit_100/082_wg_insects_t1_bbch10_20251007_135535.jpg
83,wg_insects_t1_bbch10,2025_10_07_RSFB-Phenotyping_WG1_JLU,timestamp,img_d5a3460353fa469f09cd,20251007_140818.jpg,/home/nfs/data/nvme_datasets/Pictures_CFSB_leaf_damage/2025_10_07_RSFB-Phenotyping_WG1_JLU/2025_10_07_RSFB-Phenotyping_WG1_JLU/20251007_140818.jpg,ok,,0.007667824074074074,0.021751121238425927,"[3, 4, 4, 3]",/home/user/tabbakhab1/dev/project/outputs/dinov3_mixed_domain_adaptation/audit_100/083_wg_insects_t1_bbch10_20251007_140818.jpg
84,wg_insects_t1_bbch10,2025_10_07_RSFB-Phenotyping_WG1_JLU,timestamp,img_008154cc5e5f57fde847,20251007_142117.jpg,/home/nfs/data/nvme_datasets/Pictures_CFSB_leaf_damage/2025_10_07_RSFB-Phenotyping_WG1_JLU/2025_10_07_RSFB-Phenotyping_WG1_JLU/20251007_142117.jpg,ok,,0.0,0.008917914496527778,"[4, 4, 4, 4]",/home/user/tabbakhab1/dev/project/outputs/dinov3_mixed_domain_adaptation/audit_100/084_wg_insects_t1_bbch10_20251007_142117.jpg
85,wg_insects_t1_bbch10,2025_10_07_RSFB-Phenotyping_WG1_JLU,timestamp,img_76fc4d176643726e5e92,20251007_143450.jpg,/home/nfs/data/nvme_datasets/Pictures_CFSB_leaf_damage/2025_10_07_RSFB-Phenotyping_WG1_JLU/2025_10_07_RSFB-Phenotyping_WG1_JLU/20251007_143450.jpg,ok,,0.0,0.015532316984953705,"[4, 4, 3, 4]",/home/user/tabbakhab1/dev/project/outputs/dinov3_mixed_domain_adaptation/audit_100/085_wg_insects_t1_bbch10_20251007_143450.jpg
86,wg_insects_t1_bbch10,2025_10_07_RSFB-Phenotyping_WG1_JLU,timestamp,img_4696148d59cbde152f6a,20251007_153303.jpg,/home/nfs/data/nvme_datasets/Pictures_CFSB_leaf_damage/2025_10_07_RSFB-Phenotyping_WG1_JLU/2025_10_07_RSFB-Phenotyping_WG1_JLU/20251007_153303.jpg,ok,,0.0,0.03968867549189815,"[3, 3, 3, 3]",/home/user/tabbakhab1/dev/project/outputs/dinov3_mixed_domain_adaptation/audit_100/086_wg_insects_t1_bbch10_20251007_153303.jpg
87,wg_insects_t1_bbch10,2025_10_07_RSFB-Phenotyping_WG1_JLU,timestamp,img_2698e6420e371cdb3d23,20251007_154709.jpg,/home/nfs/data/nvme_datasets/Pictures_CFSB_leaf_damage/2025_10_07_RSFB-Phenotyping_WG1_JLU/2025_10_07_RSFB-Phenotyping_WG1_JLU/20251007_154709.jpg,ok,,0.0,0.005848072193287037,"[3, 3, 4, 4]",/home/user/tabbakhab1/dev/project/outputs/dinov3_mixed_domain_adaptation/audit_100/087_wg_insects_t1_bbch10_20251007_154709.jpg
88,wg_insects_t1_bbch10,2025_10_07_RSFB-Phenotyping_WG1_JLU,timestamp,img_b755e39d5e6a0f418db1,20251007_160007.jpg,/home/nfs/data/nvme_datasets/Pictures_CFSB_leaf_damage/2025_10_07_RSFB-Phenotyping_WG1_JLU/2025_10_07_RSFB-Phenotyping_WG1_JLU/20251007_160007.jpg,ok,,0.0,0.017734103732638888,"[4, 3, 4, 4]",/home/user/tabbakhab1/dev/project/outputs/dinov3_mixed_domain_adaptation/audit_100/088_wg_insects_t1_bbch10_20251007_160007.jpg
89,wg_insects_t2_first_bbch15,2025_10_20_RSFB-Phenotyping_WG2_FirstHalf_JLU,timestamp,img_830f217b762d18856451,20251020_112734.jpg,/home/nfs/data/nvme_datasets/Pictures_CFSB_leaf_damage/2025_10_20_RSFB-Phenotyping_WG2_FirstHalf_JLU/2025_10_20_RSFB-Phenotyping_WG2_FirstHalf_JLU/20251020_112734.jpg,ok,,0.014537669994212963,0.10280128761574074,"[4, 3, 4, 4]",/home/user/tabbakhab1/dev/project/outputs/dinov3_mixed_domain_adaptation/audit_100/089_wg_insects_t2_first_bbch15_20251020_112734.jpg
90,wg_insects_t2_first_bbch15,2025_10_20_RSFB-Phenotyping_WG2_FirstHalf_JLU,timestamp,img_4fdb85f59c9739543bdc,20251020_115138.jpg,/home/nfs/data/nvme_datasets/Pictures_CFSB_leaf_damage/2025_10_20_RSFB-Phenotyping_WG2_FirstHalf_JLU/2025_10_20_RSFB-Phenotyping_WG2_FirstHalf_JLU/20251020_115138.jpg,ok,,0.0,0.12022343388310185,"[3, 3, 4, 3]",/home/user/tabbakhab1/dev/project/outputs/dinov3_mixed_domain_adaptation/audit_100/090_wg_insects_t2_first_bbch15_20251020_115138.jpg
91,wg_insects_t2_first_bbch15,2025_10_20_RSFB-Phenotyping_WG2_FirstHalf_JLU,timestamp,img_ab0fc8d45ff02199a7d4,20251020_121332.jpg,/home/nfs/data/nvme_datasets/Pictures_CFSB_leaf_damage/2025_10_20_RSFB-Phenotyping_WG2_FirstHalf_JLU/2025_10_20_RSFB-Phenotyping_WG2_FirstHalf_JLU/20251020_121332.jpg,ok,,0.008544921875,0.0917087131076389,"[4, 4, 3, 4]",/home/user/tabbakhab1/dev/project/outputs/dinov3_mixed_domain_adaptation/audit_100/091_wg_insects_t2_first_bbch15_20251020_121332.jpg
92,wg_insects_t2_first_bbch15,2025_10_20_RSFB-Phenotyping_WG2_FirstHalf_JLU,timestamp,img_3b0a517fd184ecdbc23b,20251020_123619.jpg,/home/nfs/data/nvme_datasets/Pictures_CFSB_leaf_damage/2025_10_20_RSFB-Phenotyping_WG2_FirstHalf_JLU/2025_10_20_RSFB-Phenotyping_WG2_FirstHalf_JLU/20251020_123619.jpg,ok,,0.0,0.061957465277777776,"[3, 4, 3, 4]",/home/user/tabbakhab1/dev/project/outputs/dinov3_mixed_domain_adaptation/audit_100/092_wg_insects_t2_first_bbch15_20251020_123619.jpg
93,wg_insects_t2_first_bbch15,<dataset-root>,timestamp,img_3fbdc68a57330263fe7f,20251020_113029.jpg,/home/nfs/data/nvme_datasets/Pictures_CFSB_leaf_damage/20251020_113029.jpg,ok,,0.0,0.1676929615162037,"[4, 4, 4, 3]",/home/user/tabbakhab1/dev/project/outputs/dinov3_mixed_domain_adaptation/audit_100/093_wg_insects_t2_first_bbch15_20251020_113029.jpg
94,wg_insects_t2_second_bbch15,2025_10_24_RSFB-Phenotyping_WG2_SecondHalf_JLU,timestamp,img_dc7b85aa96dd198d5e9c,20251024_085111.jpg,/home/nfs/data/nvme_datasets/Pictures_CFSB_leaf_damage/2025_10_24_RSFB-Phenotyping_WG2_SecondHalf_JLU/2025_10_24_RSFB-Phenotyping_WG2_SecondHalf_JLU/20251024_085111.jpg,ok,,0.0,0.121826171875,"[3, 3, 3, 4]",/home/user/tabbakhab1/dev/project/outputs/dinov3_mixed_domain_adaptation/audit_100/094_wg_insects_t2_second_bbch15_20251024_085111.jpg
95,wg_insects_t2_second_bbch15,2025_10_24_RSFB-Phenotyping_WG2_SecondHalf_JLU,timestamp,img_8d316d3071e55e21c5d3,20251024_090442.jpg,/home/nfs/data/nvme_datasets/Pictures_CFSB_leaf_damage/2025_10_24_RSFB-Phenotyping_WG2_SecondHalf_JLU/2025_10_24_RSFB-Phenotyping_WG2_SecondHalf_JLU/20251024_090442.jpg,ok,,0.0,0.11084888599537036,"[4, 4, 4, 3]",/home/user/tabbakhab1/dev/project/outputs/dinov3_mixed_domain_adaptation/audit_100/095_wg_insects_t2_second_bbch15_20251024_090442.jpg
96,wg_insects_t2_second_bbch15,2025_10_24_RSFB-Phenotyping_WG2_SecondHalf_JLU,timestamp,img_8cfcb7456adbbe5b08a9,20251024_091837.jpg,/home/nfs/data/nvme_datasets/Pictures_CFSB_leaf_damage/2025_10_24_RSFB-Phenotyping_WG2_SecondHalf_JLU/2025_10_24_RSFB-Phenotyping_WG2_SecondHalf_JLU/20251024_091837.jpg,ok,,0.0,0.03617124204282408,"[3, 3, 3, 4]",/home/user/tabbakhab1/dev/project/outputs/dinov3_mixed_domain_adaptation/audit_100/096_wg_insects_t2_second_bbch15_20251024_091837.jpg
97,wg_insects_t2_second_bbch15,2025_10_24_RSFB-Phenotyping_WG2_SecondHalf_JLU,timestamp,img_38edcac09770e983ed13,20251024_093146.jpg,/home/nfs/data/nvme_datasets/Pictures_CFSB_leaf_damage/2025_10_24_RSFB-Phenotyping_WG2_SecondHalf_JLU/2025_10_24_RSFB-Phenotyping_WG2_SecondHalf_JLU/20251024_093146.jpg,ok,,0.0,0.10902461299189815,"[4, 3, 3, 3]",/home/user/tabbakhab1/dev/project/outputs/dinov3_mixed_domain_adaptation/audit_100/097_wg_insects_t2_second_bbch15_20251024_093146.jpg
98,wg_insects_t2_second_bbch15,2025_10_24_RSFB-Phenotyping_WG2_SecondHalf_JLU,timestamp,img_e4ca9a7b928e1a1ee192,20251024_094602.jpg,/home/nfs/data/nvme_datasets/Pictures_CFSB_leaf_damage/2025_10_24_RSFB-Phenotyping_WG2_SecondHalf_JLU/2025_10_24_RSFB-Phenotyping_WG2_SecondHalf_JLU/20251024_094602.jpg,ok,,0.0,0.1017162181712963,"[3, 4, 4, 3]",/home/user/tabbakhab1/dev/project/outputs/dinov3_mixed_domain_adaptation/audit_100/098_wg_insects_t2_second_bbch15_20251024_094602.jpg
99,wg_insects_t2_second_bbch15,2025_10_24_RSFB-Phenotyping_WG2_SecondHalf_JLU,timestamp,img_be5cad98d5ec2ef0c2bd,20251024_100004.jpg,/home/nfs/data/nvme_datasets/Pictures_CFSB_leaf_damage/2025_10_24_RSFB-Phenotyping_WG2_SecondHalf_JLU/2025_10_24_RSFB-Phenotyping_WG2_SecondHalf_JLU/20251024_100004.jpg,ok,,0.0842013888888889,0.06606038411458333,"[4, 4, 4, 4]",/home/user/tabbakhab1/dev/project/outputs/dinov3_mixed_domain_adaptation/audit_100/099_wg_insects_t2_second_bbch15_20251024_100004.jpg
100,wg_insects_t2_second_bbch15,2025_10_24_RSFB-Phenotyping_WG2_SecondHalf_JLU,timestamp,img_dd24832dcdd2e4b14781,20251024_101447.jpg,/home/nfs/data/nvme_datasets/Pictures_CFSB_leaf_damage/2025_10_24_RSFB-Phenotyping_WG2_SecondHalf_JLU/2025_10_24_RSFB-Phenotyping_WG2_SecondHalf_JLU/20251024_101447.jpg,ok,,0.01384593822337963,0.05992748119212963,"[4, 3, 3, 3]",/home/user/tabbakhab1/dev/project/outputs/dinov3_mixed_domain_adaptation/audit_100/100_wg_insects_t2_second_bbch15_20251024_101447.jpg
