filename,target,prediction,residual,source_image_path,processed_image_path
20251021_122843,12.25,6.875,-5.375,/home/nfs/data/nvme_datasets/Pictures_CFSB_leaf_damage/RSFB-Phenotyping_training_set/RSFB-Phenotyping_training_set/20251021_122843.jpg,/home/user/tabbakhab1/dev/project/cache/grid_crops_1400/20251021_122843_643ef81e1d6f.jpg
20251021_123838,4.75,11.3203125,6.5703125,/home/nfs/data/nvme_datasets/Pictures_CFSB_leaf_damage/RSFB-Phenotyping_training_set/RSFB-Phenotyping_training_set/20251021_123838.jpg,/home/user/tabbakhab1/dev/project/cache/grid_crops_1400/20251021_123838_c974a6c0d054.jpg
20251021_121858,44.0,8.1484375,-35.851562,/home/nfs/data/nvme_datasets/Pictures_CFSB_leaf_damage/RSFB-Phenotyping_training_set/RSFB-Phenotyping_training_set/20251021_121858.jpg,/home/user/tabbakhab1/dev/project/cache/grid_crops_1400/20251021_121858_95a0673b7b0f.jpg
20251021_162459,1.5,5.4609375,3.9609375,/home/nfs/data/nvme_datasets/Pictures_CFSB_leaf_damage/RSFB-Phenotyping_training_set/RSFB-Phenotyping_training_set/20251021_162459.jpg,/home/user/tabbakhab1/dev/project/cache/grid_crops_1400/20251021_162459_1c3d9fefe70e.jpg
20251021_162013,1.0,4.6640625,3.6640625,/home/nfs/data/nvme_datasets/Pictures_CFSB_leaf_damage/RSFB-Phenotyping_training_set/RSFB-Phenotyping_training_set/20251021_162013.jpg,/home/user/tabbakhab1/dev/project/cache/grid_crops_1400/20251021_162013_3a4a5f0ca881.jpg
20251021_132836,7.5,9.3203125,1.8203125,/home/nfs/data/nvme_datasets/Pictures_CFSB_leaf_damage/RSFB-Phenotyping_training_set/RSFB-Phenotyping_training_set/20251021_132836.jpg,/home/user/tabbakhab1/dev/project/cache/grid_crops_1400/20251021_132836_0bd361ca6d4b.jpg
20251021_132147,6.5,4.1835938,-2.3164062,/home/nfs/data/nvme_datasets/Pictures_CFSB_leaf_damage/RSFB-Phenotyping_training_set/RSFB-Phenotyping_training_set/20251021_132147.jpg,/home/user/tabbakhab1/dev/project/cache/grid_crops_1400/20251021_132147_839a42cd0fd3.jpg
20251021_121100,19.5,8.8671875,-10.6328125,/home/nfs/data/nvme_datasets/Pictures_CFSB_leaf_damage/RSFB-Phenotyping_training_set/RSFB-Phenotyping_training_set/20251021_121100.jpg,/home/user/tabbakhab1/dev/project/cache/grid_crops_1400/20251021_121100_01fa56052ad9.jpg
20251021_160342,8.75,10.71875,1.96875,/home/nfs/data/nvme_datasets/Pictures_CFSB_leaf_damage/RSFB-Phenotyping_training_set/RSFB-Phenotyping_training_set/20251021_160342.jpg,/home/user/tabbakhab1/dev/project/cache/grid_crops_1400/20251021_160342_344adead2492.jpg
20251021_123809,4.75,4.0,-0.75,/home/nfs/data/nvme_datasets/Pictures_CFSB_leaf_damage/RSFB-Phenotyping_training_set/RSFB-Phenotyping_training_set/20251021_123809.jpg,/home/user/tabbakhab1/dev/project/cache/grid_crops_1400/20251021_123809_99a44efdc296.jpg
20251021_124030,1.5,5.4570312,3.9570312,/home/nfs/data/nvme_datasets/Pictures_CFSB_leaf_damage/RSFB-Phenotyping_training_set/RSFB-Phenotyping_training_set/20251021_124030.jpg,/home/user/tabbakhab1/dev/project/cache/grid_crops_1400/20251021_124030_e6cf4a2b2ed0.jpg
20251021_162400,0.75,4.8984375,4.1484375,/home/nfs/data/nvme_datasets/Pictures_CFSB_leaf_damage/RSFB-Phenotyping_training_set/RSFB-Phenotyping_training_set/20251021_162400.jpg,/home/user/tabbakhab1/dev/project/cache/grid_crops_1400/20251021_162400_2827933de763.jpg
20251021_161432,3.25,4.1640625,0.9140625,/home/nfs/data/nvme_datasets/Pictures_CFSB_leaf_damage/RSFB-Phenotyping_training_set/RSFB-Phenotyping_training_set/20251021_161432.jpg,/home/user/tabbakhab1/dev/project/cache/grid_crops_1400/20251021_161432_773e897a8ded.jpg
20251021_162121,3.0,7.5429688,4.5429688,/home/nfs/data/nvme_datasets/Pictures_CFSB_leaf_damage/RSFB-Phenotyping_training_set/RSFB-Phenotyping_training_set/20251021_162121.jpg,/home/user/tabbakhab1/dev/project/cache/grid_crops_1400/20251021_162121_2dcdc6874d00.jpg
20251021_162816,1.75,8.171875,6.421875,/home/nfs/data/nvme_datasets/Pictures_CFSB_leaf_damage/RSFB-Phenotyping_training_set/RSFB-Phenotyping_training_set/20251021_162816.jpg,/home/user/tabbakhab1/dev/project/cache/grid_crops_1400/20251021_162816_ae01d94cdc72.jpg
20251021_161816,2.5,4.3242188,1.8242188,/home/nfs/data/nvme_datasets/Pictures_CFSB_leaf_damage/RSFB-Phenotyping_training_set/RSFB-Phenotyping_training_set/20251021_161816.jpg,/home/user/tabbakhab1/dev/project/cache/grid_crops_1400/20251021_161816_40cc563bb4e3.jpg
20251021_130515,15.75,4.7929688,-10.957031,/home/nfs/data/nvme_datasets/Pictures_CFSB_leaf_damage/RSFB-Phenotyping_training_set/RSFB-Phenotyping_training_set/20251021_130515.jpg,/home/user/tabbakhab1/dev/project/cache/grid_crops_1400/20251021_130515_e68db87c27b1.jpg
20251021_124556,8.75,4.3554688,-4.3945312,/home/nfs/data/nvme_datasets/Pictures_CFSB_leaf_damage/RSFB-Phenotyping_training_set/RSFB-Phenotyping_training_set/20251021_124556.jpg,/home/user/tabbakhab1/dev/project/cache/grid_crops_1400/20251021_124556_0c25b8e5b8cf.jpg
20251021_162027,5.05,5.4023438,0.35234356,/home/nfs/data/nvme_datasets/Pictures_CFSB_leaf_damage/RSFB-Phenotyping_training_set/RSFB-Phenotyping_training_set/20251021_162027.jpg,/home/user/tabbakhab1/dev/project/cache/grid_crops_1400/20251021_162027_533f05176c38.jpg
20251021_124023,2.75,4.2226562,1.4726562,/home/nfs/data/nvme_datasets/Pictures_CFSB_leaf_damage/RSFB-Phenotyping_training_set/RSFB-Phenotyping_training_set/20251021_124023.jpg,/home/user/tabbakhab1/dev/project/cache/grid_crops_1400/20251021_124023_2244b4fa2246.jpg
20251021_120858,10.25,6.5429688,-3.7070312,/home/nfs/data/nvme_datasets/Pictures_CFSB_leaf_damage/RSFB-Phenotyping_training_set/RSFB-Phenotyping_training_set/20251021_120858.jpg,/home/user/tabbakhab1/dev/project/cache/grid_crops_1400/20251021_120858_ee2c8ce33d05.jpg
20251021_163014,18.75,7.6875,-11.0625,/home/nfs/data/nvme_datasets/Pictures_CFSB_leaf_damage/RSFB-Phenotyping_training_set/RSFB-Phenotyping_training_set/20251021_163014.jpg,/home/user/tabbakhab1/dev/project/cache/grid_crops_1400/20251021_163014_94f3b73227b3.jpg
20251021_121149,16.0,11.65625,-4.34375,/home/nfs/data/nvme_datasets/Pictures_CFSB_leaf_damage/RSFB-Phenotyping_training_set/RSFB-Phenotyping_training_set/20251021_121149.jpg,/home/user/tabbakhab1/dev/project/cache/grid_crops_1400/20251021_121149_615608260352.jpg
20251021_151843,28.0,8.828125,-19.171875,/home/nfs/data/nvme_datasets/Pictures_CFSB_leaf_damage/RSFB-Phenotyping_training_set/RSFB-Phenotyping_training_set/20251021_151843.jpg,/home/user/tabbakhab1/dev/project/cache/grid_crops_1400/20251021_151843_0bfb548c1d0c.jpg
20251021_123915,14.25,11.7578125,-2.4921875,/home/nfs/data/nvme_datasets/Pictures_CFSB_leaf_damage/RSFB-Phenotyping_training_set/RSFB-Phenotyping_training_set/20251021_123915.jpg,/home/user/tabbakhab1/dev/project/cache/grid_crops_1400/20251021_123915_f9896949ca57.jpg
20251021_132117,4.25,7.6875,3.4375,/home/nfs/data/nvme_datasets/Pictures_CFSB_leaf_damage/RSFB-Phenotyping_training_set/RSFB-Phenotyping_training_set/20251021_132117.jpg,/home/user/tabbakhab1/dev/project/cache/grid_crops_1400/20251021_132117_5c2e4e24c870.jpg
20251021_162332,8.5,12.7109375,4.2109375,/home/nfs/data/nvme_datasets/Pictures_CFSB_leaf_damage/RSFB-Phenotyping_training_set/RSFB-Phenotyping_training_set/20251021_162332.jpg,/home/user/tabbakhab1/dev/project/cache/grid_crops_1400/20251021_162332_fd82131e6dcc.jpg
20251021_123858,13.5,5.7109375,-7.7890625,/home/nfs/data/nvme_datasets/Pictures_CFSB_leaf_damage/RSFB-Phenotyping_training_set/RSFB-Phenotyping_training_set/20251021_123858.jpg,/home/user/tabbakhab1/dev/project/cache/grid_crops_1400/20251021_123858_2760b0b0f582.jpg
20251021_121804,12.75,10.0078125,-2.7421875,/home/nfs/data/nvme_datasets/Pictures_CFSB_leaf_damage/RSFB-Phenotyping_training_set/RSFB-Phenotyping_training_set/20251021_121804.jpg,/home/user/tabbakhab1/dev/project/cache/grid_crops_1400/20251021_121804_85f0e1ea4a4b.jpg
20251021_131138,3.0,5.2578125,2.2578125,/home/nfs/data/nvme_datasets/Pictures_CFSB_leaf_damage/RSFB-Phenotyping_training_set/RSFB-Phenotyping_training_set/20251021_131138.jpg,/home/user/tabbakhab1/dev/project/cache/grid_crops_1400/20251021_131138_7a31e67bf101.jpg
20251021_125125,1.55,8.03125,6.48125,/home/nfs/data/nvme_datasets/Pictures_CFSB_leaf_damage/RSFB-Phenotyping_training_set/RSFB-Phenotyping_training_set/20251021_125125.jpg,/home/user/tabbakhab1/dev/project/cache/grid_crops_1400/20251021_125125_114aee04dbb7.jpg
20251021_151533,1.5,3.3886719,1.8886719,/home/nfs/data/nvme_datasets/Pictures_CFSB_leaf_damage/RSFB-Phenotyping_training_set/RSFB-Phenotyping_training_set/20251021_151533.jpg,/home/user/tabbakhab1/dev/project/cache/grid_crops_1400/20251021_151533_86a7375e3aab.jpg
20251021_124852,3.25,4.8515625,1.6015625,/home/nfs/data/nvme_datasets/Pictures_CFSB_leaf_damage/RSFB-Phenotyping_training_set/RSFB-Phenotyping_training_set/20251021_124852.jpg,/home/user/tabbakhab1/dev/project/cache/grid_crops_1400/20251021_124852_d6f54ceafec8.jpg
20251021_161402,4.5,6.4296875,1.9296875,/home/nfs/data/nvme_datasets/Pictures_CFSB_leaf_damage/RSFB-Phenotyping_training_set/RSFB-Phenotyping_training_set/20251021_161402.jpg,/home/user/tabbakhab1/dev/project/cache/grid_crops_1400/20251021_161402_a3dc6f3bb17f.jpg
20251021_121345,13.0,7.0078125,-5.9921875,/home/nfs/data/nvme_datasets/Pictures_CFSB_leaf_damage/RSFB-Phenotyping_training_set/RSFB-Phenotyping_training_set/20251021_121345.jpg,/home/user/tabbakhab1/dev/project/cache/grid_crops_1400/20251021_121345_5a55e2a1c461.jpg
20251021_122314,3.5,5.5195312,2.0195312,/home/nfs/data/nvme_datasets/Pictures_CFSB_leaf_damage/RSFB-Phenotyping_training_set/RSFB-Phenotyping_training_set/20251021_122314.jpg,/home/user/tabbakhab1/dev/project/cache/grid_crops_1400/20251021_122314_7e7be3a0f599.jpg
20251021_161010,1.5,6.4570312,4.9570312,/home/nfs/data/nvme_datasets/Pictures_CFSB_leaf_damage/RSFB-Phenotyping_training_set/RSFB-Phenotyping_training_set/20251021_161010.jpg,/home/user/tabbakhab1/dev/project/cache/grid_crops_1400/20251021_161010_50b20ad7bbc9.jpg
20251021_162958,11.75,13.1328125,1.3828125,/home/nfs/data/nvme_datasets/Pictures_CFSB_leaf_damage/RSFB-Phenotyping_training_set/RSFB-Phenotyping_training_set/20251021_162958.jpg,/home/user/tabbakhab1/dev/project/cache/grid_crops_1400/20251021_162958_acfeb3468cdd.jpg
20251021_154700,2.25,7.9726562,5.7226562,/home/nfs/data/nvme_datasets/Pictures_CFSB_leaf_damage/RSFB-Phenotyping_training_set/RSFB-Phenotyping_training_set/20251021_154700.jpg,/home/user/tabbakhab1/dev/project/cache/grid_crops_1400/20251021_154700_9bbd5a7c6ea0.jpg
20251021_125811,6.25,10.609375,4.359375,/home/nfs/data/nvme_datasets/Pictures_CFSB_leaf_damage/RSFB-Phenotyping_training_set/RSFB-Phenotyping_training_set/20251021_125811.jpg,/home/user/tabbakhab1/dev/project/cache/grid_crops_1400/20251021_125811_4ed28a1b7ced.jpg
20251021_154058,2.25,7.78125,5.53125,/home/nfs/data/nvme_datasets/Pictures_CFSB_leaf_damage/RSFB-Phenotyping_training_set/RSFB-Phenotyping_training_set/20251021_154058.jpg,/home/user/tabbakhab1/dev/project/cache/grid_crops_1400/20251021_154058_2fa7781f32ed.jpg
20251021_151943,2.25,6.71875,4.46875,/home/nfs/data/nvme_datasets/Pictures_CFSB_leaf_damage/RSFB-Phenotyping_training_set/RSFB-Phenotyping_training_set/20251021_151943.jpg,/home/user/tabbakhab1/dev/project/cache/grid_crops_1400/20251021_151943_d63d660207fd.jpg
20251021_130338,14.75,7.8007812,-6.9492188,/home/nfs/data/nvme_datasets/Pictures_CFSB_leaf_damage/RSFB-Phenotyping_training_set/RSFB-Phenotyping_training_set/20251021_130338.jpg,/home/user/tabbakhab1/dev/project/cache/grid_crops_1400/20251021_130338_a9c4d6e5e1d2.jpg
20251021_130942,9.5,7.2148438,-2.2851562,/home/nfs/data/nvme_datasets/Pictures_CFSB_leaf_damage/RSFB-Phenotyping_training_set/RSFB-Phenotyping_training_set/20251021_130942.jpg,/home/user/tabbakhab1/dev/project/cache/grid_crops_1400/20251021_130942_118c7bd4c5cf.jpg
20251021_155710,18.25,5.3046875,-12.9453125,/home/nfs/data/nvme_datasets/Pictures_CFSB_leaf_damage/RSFB-Phenotyping_training_set/RSFB-Phenotyping_training_set/20251021_155710.jpg,/home/user/tabbakhab1/dev/project/cache/grid_crops_1400/20251021_155710_316a9adbba84.jpg
20251021_125208,2.25,11.8203125,9.5703125,/home/nfs/data/nvme_datasets/Pictures_CFSB_leaf_damage/RSFB-Phenotyping_training_set/RSFB-Phenotyping_training_set/20251021_125208.jpg,/home/user/tabbakhab1/dev/project/cache/grid_crops_1400/20251021_125208_577b7b026045.jpg
20251021_154436,2.5,6.4375,3.9375,/home/nfs/data/nvme_datasets/Pictures_CFSB_leaf_damage/RSFB-Phenotyping_training_set/RSFB-Phenotyping_training_set/20251021_154436.jpg,/home/user/tabbakhab1/dev/project/cache/grid_crops_1400/20251021_154436_f17c8ae19475.jpg
20251021_123831,3.75,8.4453125,4.6953125,/home/nfs/data/nvme_datasets/Pictures_CFSB_leaf_damage/RSFB-Phenotyping_training_set/RSFB-Phenotyping_training_set/20251021_123831.jpg,/home/user/tabbakhab1/dev/project/cache/grid_crops_1400/20251021_123831_700b5c2366a5.jpg
20251021_124506,9.0,5.9375,-3.0625,/home/nfs/data/nvme_datasets/Pictures_CFSB_leaf_damage/RSFB-Phenotyping_training_set/RSFB-Phenotyping_training_set/20251021_124506.jpg,/home/user/tabbakhab1/dev/project/cache/grid_crops_1400/20251021_124506_9392e77e7308.jpg
20251021_125346,7.0,4.7578125,-2.2421875,/home/nfs/data/nvme_datasets/Pictures_CFSB_leaf_damage/RSFB-Phenotyping_training_set/RSFB-Phenotyping_training_set/20251021_125346.jpg,/home/user/tabbakhab1/dev/project/cache/grid_crops_1400/20251021_125346_475124edd3b4.jpg
20251021_161705,17.0,8.609375,-8.390625,/home/nfs/data/nvme_datasets/Pictures_CFSB_leaf_damage/RSFB-Phenotyping_training_set/RSFB-Phenotyping_training_set/20251021_161705.jpg,/home/user/tabbakhab1/dev/project/cache/grid_crops_1400/20251021_161705_0b9c89955020.jpg
20251021_153356,7.75,5.4296875,-2.3203125,/home/nfs/data/nvme_datasets/Pictures_CFSB_leaf_damage/RSFB-Phenotyping_training_set/RSFB-Phenotyping_training_set/20251021_153356.jpg,/home/user/tabbakhab1/dev/project/cache/grid_crops_1400/20251021_153356_ed718d53caac.jpg
20251021_131721,3.0,3.1210938,0.12109375,/home/nfs/data/nvme_datasets/Pictures_CFSB_leaf_damage/RSFB-Phenotyping_training_set/RSFB-Phenotyping_training_set/20251021_131721.jpg,/home/user/tabbakhab1/dev/project/cache/grid_crops_1400/20251021_131721_7d82cbe12488.jpg
20251021_161525,4.75,4.484375,-0.265625,/home/nfs/data/nvme_datasets/Pictures_CFSB_leaf_damage/RSFB-Phenotyping_training_set/RSFB-Phenotyping_training_set/20251021_161525.jpg,/home/user/tabbakhab1/dev/project/cache/grid_crops_1400/20251021_161525_50033ebe8020.jpg
20251021_132518,5.0,7.5429688,2.5429688,/home/nfs/data/nvme_datasets/Pictures_CFSB_leaf_damage/RSFB-Phenotyping_training_set/RSFB-Phenotyping_training_set/20251021_132518.jpg,/home/user/tabbakhab1/dev/project/cache/grid_crops_1400/20251021_132518_ae2bd7615860.jpg
20251021_125635,0.0,7.9765625,7.9765625,/home/nfs/data/nvme_datasets/Pictures_CFSB_leaf_damage/RSFB-Phenotyping_training_set/RSFB-Phenotyping_training_set/20251021_125635.jpg,/home/user/tabbakhab1/dev/project/cache/grid_crops_1400/20251021_125635_3368e9186768.jpg
20251021_124048,5.25,5.0351562,-0.21484375,/home/nfs/data/nvme_datasets/Pictures_CFSB_leaf_damage/RSFB-Phenotyping_training_set/RSFB-Phenotyping_training_set/20251021_124048.jpg,/home/user/tabbakhab1/dev/project/cache/grid_crops_1400/20251021_124048_60a72c85842a.jpg
20251021_162202,2.0,8.7890625,6.7890625,/home/nfs/data/nvme_datasets/Pictures_CFSB_leaf_damage/RSFB-Phenotyping_training_set/RSFB-Phenotyping_training_set/20251021_162202.jpg,/home/user/tabbakhab1/dev/project/cache/grid_crops_1400/20251021_162202_cbe1017b40e5.jpg
20251021_123500,7.0,6.6171875,-0.3828125,/home/nfs/data/nvme_datasets/Pictures_CFSB_leaf_damage/RSFB-Phenotyping_training_set/RSFB-Phenotyping_training_set/20251021_123500.jpg,/home/user/tabbakhab1/dev/project/cache/grid_crops_1400/20251021_123500_972dc3001b66.jpg
20251021_130115,8.5,16.25,7.75,/home/nfs/data/nvme_datasets/Pictures_CFSB_leaf_damage/RSFB-Phenotyping_training_set/RSFB-Phenotyping_training_set/20251021_130115.jpg,/home/user/tabbakhab1/dev/project/cache/grid_crops_1400/20251021_130115_94205b3cd695.jpg
20251021_154427,6.5,4.0859375,-2.4140625,/home/nfs/data/nvme_datasets/Pictures_CFSB_leaf_damage/RSFB-Phenotyping_training_set/RSFB-Phenotyping_training_set/20251021_154427.jpg,/home/user/tabbakhab1/dev/project/cache/grid_crops_1400/20251021_154427_8b6f4b3bcf97.jpg
20251021_154716,5.25,6.5507812,1.3007812,/home/nfs/data/nvme_datasets/Pictures_CFSB_leaf_damage/RSFB-Phenotyping_training_set/RSFB-Phenotyping_training_set/20251021_154716.jpg,/home/user/tabbakhab1/dev/project/cache/grid_crops_1400/20251021_154716_6812c29e4a18.jpg
20251021_162906,4.25,4.1757812,-0.07421875,/home/nfs/data/nvme_datasets/Pictures_CFSB_leaf_damage/RSFB-Phenotyping_training_set/RSFB-Phenotyping_training_set/20251021_162906.jpg,/home/user/tabbakhab1/dev/project/cache/grid_crops_1400/20251021_162906_c8a3bdd427b0.jpg
20251021_131002,3.75,6.6484375,2.8984375,/home/nfs/data/nvme_datasets/Pictures_CFSB_leaf_damage/RSFB-Phenotyping_training_set/RSFB-Phenotyping_training_set/20251021_131002.jpg,/home/user/tabbakhab1/dev/project/cache/grid_crops_1400/20251021_131002_ffb5629177bf.jpg
20251021_124134,7.25,7.4960938,0.24609375,/home/nfs/data/nvme_datasets/Pictures_CFSB_leaf_damage/RSFB-Phenotyping_training_set/RSFB-Phenotyping_training_set/20251021_124134.jpg,/home/user/tabbakhab1/dev/project/cache/grid_crops_1400/20251021_124134_500d6895ab37.jpg
20251021_154753,3.5,5.1171875,1.6171875,/home/nfs/data/nvme_datasets/Pictures_CFSB_leaf_damage/RSFB-Phenotyping_training_set/RSFB-Phenotyping_training_set/20251021_154753.jpg,/home/user/tabbakhab1/dev/project/cache/grid_crops_1400/20251021_154753_a8e4044295f7.jpg
20251021_133005,24.5,11.6328125,-12.8671875,/home/nfs/data/nvme_datasets/Pictures_CFSB_leaf_damage/RSFB-Phenotyping_training_set/RSFB-Phenotyping_training_set/20251021_133005.jpg,/home/user/tabbakhab1/dev/project/cache/grid_crops_1400/20251021_133005_184b3d41305d.jpg
20251021_162800,3.75,3.8496094,0.099609375,/home/nfs/data/nvme_datasets/Pictures_CFSB_leaf_damage/RSFB-Phenotyping_training_set/RSFB-Phenotyping_training_set/20251021_162800.jpg,/home/user/tabbakhab1/dev/project/cache/grid_crops_1400/20251021_162800_9279b7c07f8b.jpg
20251021_132559,14.5,4.984375,-9.515625,/home/nfs/data/nvme_datasets/Pictures_CFSB_leaf_damage/RSFB-Phenotyping_training_set/RSFB-Phenotyping_training_set/20251021_132559.jpg,/home/user/tabbakhab1/dev/project/cache/grid_crops_1400/20251021_132559_d610adba2cdb.jpg
20251021_160615,2.0,5.6757812,3.6757812,/home/nfs/data/nvme_datasets/Pictures_CFSB_leaf_damage/RSFB-Phenotyping_training_set/RSFB-Phenotyping_training_set/20251021_160615.jpg,/home/user/tabbakhab1/dev/project/cache/grid_crops_1400/20251021_160615_7ba860e7bcec.jpg
20251021_162506,5.0,4.3476562,-0.65234375,/home/nfs/data/nvme_datasets/Pictures_CFSB_leaf_damage/RSFB-Phenotyping_training_set/RSFB-Phenotyping_training_set/20251021_162506.jpg,/home/user/tabbakhab1/dev/project/cache/grid_crops_1400/20251021_162506_ae8893504382.jpg
20251021_121253,8.5,13.234375,4.734375,/home/nfs/data/nvme_datasets/Pictures_CFSB_leaf_damage/RSFB-Phenotyping_training_set/RSFB-Phenotyping_training_set/20251021_121253.jpg,/home/user/tabbakhab1/dev/project/cache/grid_crops_1400/20251021_121253_f96f2f24c014.jpg
20251021_130316,4.0,14.75,10.75,/home/nfs/data/nvme_datasets/Pictures_CFSB_leaf_damage/RSFB-Phenotyping_training_set/RSFB-Phenotyping_training_set/20251021_130316.jpg,/home/user/tabbakhab1/dev/project/cache/grid_crops_1400/20251021_130316_49c03bc74270.jpg
20251021_160632,1.75,10.1796875,8.4296875,/home/nfs/data/nvme_datasets/Pictures_CFSB_leaf_damage/RSFB-Phenotyping_training_set/RSFB-Phenotyping_training_set/20251021_160632.jpg,/home/user/tabbakhab1/dev/project/cache/grid_crops_1400/20251021_160632_fbdb85a8f650.jpg
20251021_121432,17.0,5.7070312,-11.292969,/home/nfs/data/nvme_datasets/Pictures_CFSB_leaf_damage/RSFB-Phenotyping_training_set/RSFB-Phenotyping_training_set/20251021_121432.jpg,/home/user/tabbakhab1/dev/project/cache/grid_crops_1400/20251021_121432_8dcb51d421ab.jpg
20251021_160958,3.5,5.78125,2.28125,/home/nfs/data/nvme_datasets/Pictures_CFSB_leaf_damage/RSFB-Phenotyping_training_set/RSFB-Phenotyping_training_set/20251021_160958.jpg,/home/user/tabbakhab1/dev/project/cache/grid_crops_1400/20251021_160958_d4a97dc709c3.jpg
20251021_155331,6.0,12.4921875,6.4921875,/home/nfs/data/nvme_datasets/Pictures_CFSB_leaf_damage/RSFB-Phenotyping_training_set/RSFB-Phenotyping_training_set/20251021_155331.jpg,/home/user/tabbakhab1/dev/project/cache/grid_crops_1400/20251021_155331_b4a9085e9b35.jpg
20251021_122853,9.25,7.7578125,-1.4921875,/home/nfs/data/nvme_datasets/Pictures_CFSB_leaf_damage/RSFB-Phenotyping_training_set/RSFB-Phenotyping_training_set/20251021_122853.jpg,/home/user/tabbakhab1/dev/project/cache/grid_crops_1400/20251021_122853_1fa874c624cd.jpg
20251021_131954,3.0,5.8203125,2.8203125,/home/nfs/data/nvme_datasets/Pictures_CFSB_leaf_damage/RSFB-Phenotyping_training_set/RSFB-Phenotyping_training_set/20251021_131954.jpg,/home/user/tabbakhab1/dev/project/cache/grid_crops_1400/20251021_131954_1e455b06019e.jpg
20251021_161143,7.25,9.5,2.25,/home/nfs/data/nvme_datasets/Pictures_CFSB_leaf_damage/RSFB-Phenotyping_training_set/RSFB-Phenotyping_training_set/20251021_161143.jpg,/home/user/tabbakhab1/dev/project/cache/grid_crops_1400/20251021_161143_77e6347c457f.jpg
20251021_155308,0.75,3.8613281,3.1113281,/home/nfs/data/nvme_datasets/Pictures_CFSB_leaf_damage/RSFB-Phenotyping_training_set/RSFB-Phenotyping_training_set/20251021_155308.jpg,/home/user/tabbakhab1/dev/project/cache/grid_crops_1400/20251021_155308_1b0d754e5467.jpg
20251021_153136,8.5,5.4296875,-3.0703125,/home/nfs/data/nvme_datasets/Pictures_CFSB_leaf_damage/RSFB-Phenotyping_training_set/RSFB-Phenotyping_training_set/20251021_153136.jpg,/home/user/tabbakhab1/dev/project/cache/grid_crops_1400/20251021_153136_81a055e2d084.jpg
20251021_154443,3.75,6.9921875,3.2421875,/home/nfs/data/nvme_datasets/Pictures_CFSB_leaf_damage/RSFB-Phenotyping_training_set/RSFB-Phenotyping_training_set/20251021_154443.jpg,/home/user/tabbakhab1/dev/project/cache/grid_crops_1400/20251021_154443_fda77ebe3442.jpg
20251021_161301,1.5,3.1210938,1.6210938,/home/nfs/data/nvme_datasets/Pictures_CFSB_leaf_damage/RSFB-Phenotyping_training_set/RSFB-Phenotyping_training_set/20251021_161301.jpg,/home/user/tabbakhab1/dev/project/cache/grid_crops_1400/20251021_161301_a1cb5b9f83ae.jpg
20251021_121624,9.75,13.2421875,3.4921875,/home/nfs/data/nvme_datasets/Pictures_CFSB_leaf_damage/RSFB-Phenotyping_training_set/RSFB-Phenotyping_training_set/20251021_121624.jpg,/home/user/tabbakhab1/dev/project/cache/grid_crops_1400/20251021_121624_39d188ecff1e.jpg
20251021_161318,6.75,6.125,-0.625,/home/nfs/data/nvme_datasets/Pictures_CFSB_leaf_damage/RSFB-Phenotyping_training_set/RSFB-Phenotyping_training_set/20251021_161318.jpg,/home/user/tabbakhab1/dev/project/cache/grid_crops_1400/20251021_161318_145e1c44a987.jpg
20251021_160943,5.75,3.7207031,-2.0292969,/home/nfs/data/nvme_datasets/Pictures_CFSB_leaf_damage/RSFB-Phenotyping_training_set/RSFB-Phenotyping_training_set/20251021_160943.jpg,/home/user/tabbakhab1/dev/project/cache/grid_crops_1400/20251021_160943_0da2756bb960.jpg
20251021_130410,2.0,3.71875,1.71875,/home/nfs/data/nvme_datasets/Pictures_CFSB_leaf_damage/RSFB-Phenotyping_training_set/RSFB-Phenotyping_training_set/20251021_130410.jpg,/home/user/tabbakhab1/dev/project/cache/grid_crops_1400/20251021_130410_af655e96a7d2.jpg
20251021_122423,1.75,7.484375,5.734375,/home/nfs/data/nvme_datasets/Pictures_CFSB_leaf_damage/RSFB-Phenotyping_training_set/RSFB-Phenotyping_training_set/20251021_122423.jpg,/home/user/tabbakhab1/dev/project/cache/grid_crops_1400/20251021_122423_968fa137f2df.jpg
20251021_162416,0.75,4.109375,3.359375,/home/nfs/data/nvme_datasets/Pictures_CFSB_leaf_damage/RSFB-Phenotyping_training_set/RSFB-Phenotyping_training_set/20251021_162416.jpg,/home/user/tabbakhab1/dev/project/cache/grid_crops_1400/20251021_162416_758b02bf309d.jpg
20251021_125744,2.0,9.1640625,7.1640625,/home/nfs/data/nvme_datasets/Pictures_CFSB_leaf_damage/RSFB-Phenotyping_training_set/RSFB-Phenotyping_training_set/20251021_125744.jpg,/home/user/tabbakhab1/dev/project/cache/grid_crops_1400/20251021_125744_76a086827fd2.jpg
20251021_125600,4.75,7.1367188,2.3867188,/home/nfs/data/nvme_datasets/Pictures_CFSB_leaf_damage/RSFB-Phenotyping_training_set/RSFB-Phenotyping_training_set/20251021_125600.jpg,/home/user/tabbakhab1/dev/project/cache/grid_crops_1400/20251021_125600_6c47b3cdc3f8.jpg
20251021_161250,3.25,4.234375,0.984375,/home/nfs/data/nvme_datasets/Pictures_CFSB_leaf_damage/RSFB-Phenotyping_training_set/RSFB-Phenotyping_training_set/20251021_161250.jpg,/home/user/tabbakhab1/dev/project/cache/grid_crops_1400/20251021_161250_017ff6d315ef.jpg
20251021_155512,8.0,6.59375,-1.40625,/home/nfs/data/nvme_datasets/Pictures_CFSB_leaf_damage/RSFB-Phenotyping_training_set/RSFB-Phenotyping_training_set/20251021_155512.jpg,/home/user/tabbakhab1/dev/project/cache/grid_crops_1400/20251021_155512_c56e3abcb09e.jpg
20251021_161615,19.75,5.484375,-14.265625,/home/nfs/data/nvme_datasets/Pictures_CFSB_leaf_damage/RSFB-Phenotyping_training_set/RSFB-Phenotyping_training_set/20251021_161615.jpg,/home/user/tabbakhab1/dev/project/cache/grid_crops_1400/20251021_161615_3f89db3b4b55.jpg
20251021_154954,2.5,5.8007812,3.3007812,/home/nfs/data/nvme_datasets/Pictures_CFSB_leaf_damage/RSFB-Phenotyping_training_set/RSFB-Phenotyping_training_set/20251021_154954.jpg,/home/user/tabbakhab1/dev/project/cache/grid_crops_1400/20251021_154954_7ecb6b30edf7.jpg
20251021_121504,10.5,5.7460938,-4.7539062,/home/nfs/data/nvme_datasets/Pictures_CFSB_leaf_damage/RSFB-Phenotyping_training_set/RSFB-Phenotyping_training_set/20251021_121504.jpg,/home/user/tabbakhab1/dev/project/cache/grid_crops_1400/20251021_121504_6b23e2165653.jpg
20251021_155044,3.0,4.390625,1.390625,/home/nfs/data/nvme_datasets/Pictures_CFSB_leaf_damage/RSFB-Phenotyping_training_set/RSFB-Phenotyping_training_set/20251021_155044.jpg,/home/user/tabbakhab1/dev/project/cache/grid_crops_1400/20251021_155044_4b9d70f3b845.jpg
20251021_122516,25.0,9.4453125,-15.5546875,/home/nfs/data/nvme_datasets/Pictures_CFSB_leaf_damage/RSFB-Phenotyping_training_set/RSFB-Phenotyping_training_set/20251021_122516.jpg,/home/user/tabbakhab1/dev/project/cache/grid_crops_1400/20251021_122516_3a363b75b094.jpg
20251021_162856,9.0,8.609375,-0.390625,/home/nfs/data/nvme_datasets/Pictures_CFSB_leaf_damage/RSFB-Phenotyping_training_set/RSFB-Phenotyping_training_set/20251021_162856.jpg,/home/user/tabbakhab1/dev/project/cache/grid_crops_1400/20251021_162856_e913eb8d00f3.jpg
20251021_125405,19.5,5.8945312,-13.605469,/home/nfs/data/nvme_datasets/Pictures_CFSB_leaf_damage/RSFB-Phenotyping_training_set/RSFB-Phenotyping_training_set/20251021_125405.jpg,/home/user/tabbakhab1/dev/project/cache/grid_crops_1400/20251021_125405_cb39579cf79a.jpg
20251021_154331,2.25,7.9882812,5.7382812,/home/nfs/data/nvme_datasets/Pictures_CFSB_leaf_damage/RSFB-Phenotyping_training_set/RSFB-Phenotyping_training_set/20251021_154331.jpg,/home/user/tabbakhab1/dev/project/cache/grid_crops_1400/20251021_154331_88a7d4ef9fb3.jpg
20251021_160745,7.75,8.9609375,1.2109375,/home/nfs/data/nvme_datasets/Pictures_CFSB_leaf_damage/RSFB-Phenotyping_training_set/RSFB-Phenotyping_training_set/20251021_160745.jpg,/home/user/tabbakhab1/dev/project/cache/grid_crops_1400/20251021_160745_3a17a804e47a.jpg
20251021_123050,3.5,4.6445312,1.1445312,/home/nfs/data/nvme_datasets/Pictures_CFSB_leaf_damage/RSFB-Phenotyping_training_set/RSFB-Phenotyping_training_set/20251021_123050.jpg,/home/user/tabbakhab1/dev/project/cache/grid_crops_1400/20251021_123050_3810c3eb0143.jpg
20251021_131011,1.5,5.0078125,3.5078125,/home/nfs/data/nvme_datasets/Pictures_CFSB_leaf_damage/RSFB-Phenotyping_training_set/RSFB-Phenotyping_training_set/20251021_131011.jpg,/home/user/tabbakhab1/dev/project/cache/grid_crops_1400/20251021_131011_2fb7deb23bce.jpg
20251021_162646,13.5,6.296875,-7.203125,/home/nfs/data/nvme_datasets/Pictures_CFSB_leaf_damage/RSFB-Phenotyping_training_set/RSFB-Phenotyping_training_set/20251021_162646.jpg,/home/user/tabbakhab1/dev/project/cache/grid_crops_1400/20251021_162646_533f3304fe46.jpg
20251021_161150,1.0,5.5234375,4.5234375,/home/nfs/data/nvme_datasets/Pictures_CFSB_leaf_damage/RSFB-Phenotyping_training_set/RSFB-Phenotyping_training_set/20251021_161150.jpg,/home/user/tabbakhab1/dev/project/cache/grid_crops_1400/20251021_161150_59d0919e53b9.jpg
20251021_121618,23.25,14.390625,-8.859375,/home/nfs/data/nvme_datasets/Pictures_CFSB_leaf_damage/RSFB-Phenotyping_training_set/RSFB-Phenotyping_training_set/20251021_121618.jpg,/home/user/tabbakhab1/dev/project/cache/grid_crops_1400/20251021_121618_cd2569cec626.jpg
20251021_121327,9.75,9.3671875,-0.3828125,/home/nfs/data/nvme_datasets/Pictures_CFSB_leaf_damage/RSFB-Phenotyping_training_set/RSFB-Phenotyping_training_set/20251021_121327.jpg,/home/user/tabbakhab1/dev/project/cache/grid_crops_1400/20251021_121327_1de4af801afb.jpg
20251021_123625,4.25,7.0859375,2.8359375,/home/nfs/data/nvme_datasets/Pictures_CFSB_leaf_damage/RSFB-Phenotyping_training_set/RSFB-Phenotyping_training_set/20251021_123625.jpg,/home/user/tabbakhab1/dev/project/cache/grid_crops_1400/20251021_123625_cff223994a08.jpg
20251021_131146,5.0,3.9199219,-1.0800781,/home/nfs/data/nvme_datasets/Pictures_CFSB_leaf_damage/RSFB-Phenotyping_training_set/RSFB-Phenotyping_training_set/20251021_131146.jpg,/home/user/tabbakhab1/dev/project/cache/grid_crops_1400/20251021_131146_5f6cad1ad622.jpg
20251021_124309,8.25,7.5703125,-0.6796875,/home/nfs/data/nvme_datasets/Pictures_CFSB_leaf_damage/RSFB-Phenotyping_training_set/RSFB-Phenotyping_training_set/20251021_124309.jpg,/home/user/tabbakhab1/dev/project/cache/grid_crops_1400/20251021_124309_b6d24312520f.jpg
20251021_121810,9.5,9.6015625,0.1015625,/home/nfs/data/nvme_datasets/Pictures_CFSB_leaf_damage/RSFB-Phenotyping_training_set/RSFB-Phenotyping_training_set/20251021_121810.jpg,/home/user/tabbakhab1/dev/project/cache/grid_crops_1400/20251021_121810_d53ba77f07c4.jpg
20251021_124154,11.5,13.4453125,1.9453125,/home/nfs/data/nvme_datasets/Pictures_CFSB_leaf_damage/RSFB-Phenotyping_training_set/RSFB-Phenotyping_training_set/20251021_124154.jpg,/home/user/tabbakhab1/dev/project/cache/grid_crops_1400/20251021_124154_0d87000f675e.jpg
20251021_155534,18.75,9.953125,-8.796875,/home/nfs/data/nvme_datasets/Pictures_CFSB_leaf_damage/RSFB-Phenotyping_training_set/RSFB-Phenotyping_training_set/20251021_155534.jpg,/home/user/tabbakhab1/dev/project/cache/grid_crops_1400/20251021_155534_44500bfaac0c.jpg
20251021_152521,1.6,4.09375,2.49375,/home/nfs/data/nvme_datasets/Pictures_CFSB_leaf_damage/RSFB-Phenotyping_training_set/RSFB-Phenotyping_training_set/20251021_152521.jpg,/home/user/tabbakhab1/dev/project/cache/grid_crops_1400/20251021_152521_92bb40f8bd38.jpg
20251021_131803,2.25,4.53125,2.28125,/home/nfs/data/nvme_datasets/Pictures_CFSB_leaf_damage/RSFB-Phenotyping_training_set/RSFB-Phenotyping_training_set/20251021_131803.jpg,/home/user/tabbakhab1/dev/project/cache/grid_crops_1400/20251021_131803_f0a99101a51d.jpg
20251021_162630,17.25,6.9570312,-10.292969,/home/nfs/data/nvme_datasets/Pictures_CFSB_leaf_damage/RSFB-Phenotyping_training_set/RSFB-Phenotyping_training_set/20251021_162630.jpg,/home/user/tabbakhab1/dev/project/cache/grid_crops_1400/20251021_162630_60d63bd59358.jpg
20251021_124605,27.5,11.4765625,-16.023438,/home/nfs/data/nvme_datasets/Pictures_CFSB_leaf_damage/RSFB-Phenotyping_training_set/RSFB-Phenotyping_training_set/20251021_124605.jpg,/home/user/tabbakhab1/dev/project/cache/grid_crops_1400/20251021_124605_79506eacdad0.jpg
20251021_154210,11.5,8.03125,-3.46875,/home/nfs/data/nvme_datasets/Pictures_CFSB_leaf_damage/RSFB-Phenotyping_training_set/RSFB-Phenotyping_training_set/20251021_154210.jpg,/home/user/tabbakhab1/dev/project/cache/grid_crops_1400/20251021_154210_6837e4ee1573.jpg
20251021_160732,1.25,7.0390625,5.7890625,/home/nfs/data/nvme_datasets/Pictures_CFSB_leaf_damage/RSFB-Phenotyping_training_set/RSFB-Phenotyping_training_set/20251021_160732.jpg,/home/user/tabbakhab1/dev/project/cache/grid_crops_1400/20251021_160732_dca0ecde4f26.jpg
20251021_155541,11.5,7.6445312,-3.8554688,/home/nfs/data/nvme_datasets/Pictures_CFSB_leaf_damage/RSFB-Phenotyping_training_set/RSFB-Phenotyping_training_set/20251021_155541.jpg,/home/user/tabbakhab1/dev/project/cache/grid_crops_1400/20251021_155541_24a94edb2658.jpg
20251021_155347,9.75,8.484375,-1.265625,/home/nfs/data/nvme_datasets/Pictures_CFSB_leaf_damage/RSFB-Phenotyping_training_set/RSFB-Phenotyping_training_set/20251021_155347.jpg,/home/user/tabbakhab1/dev/project/cache/grid_crops_1400/20251021_155347_36b4f3c889c9.jpg
20251021_151633,8.0,4.5,-3.5,/home/nfs/data/nvme_datasets/Pictures_CFSB_leaf_damage/RSFB-Phenotyping_training_set/RSFB-Phenotyping_training_set/20251021_151633.jpg,/home/user/tabbakhab1/dev/project/cache/grid_crops_1400/20251021_151633_8a9aaa691f95.jpg
20251021_131646,5.5,15.875,10.375,/home/nfs/data/nvme_datasets/Pictures_CFSB_leaf_damage/RSFB-Phenotyping_training_set/RSFB-Phenotyping_training_set/20251021_131646.jpg,/home/user/tabbakhab1/dev/project/cache/grid_crops_1400/20251021_131646_883f15ae8dc5.jpg
20251021_124920,4.0,6.1367188,2.1367188,/home/nfs/data/nvme_datasets/Pictures_CFSB_leaf_damage/RSFB-Phenotyping_training_set/RSFB-Phenotyping_training_set/20251021_124920.jpg,/home/user/tabbakhab1/dev/project/cache/grid_crops_1400/20251021_124920_39d19cd04063.jpg
20251021_151403,5.25,3.6992188,-1.5507812,/home/nfs/data/nvme_datasets/Pictures_CFSB_leaf_damage/RSFB-Phenotyping_training_set/RSFB-Phenotyping_training_set/20251021_151403.jpg,/home/user/tabbakhab1/dev/project/cache/grid_crops_1400/20251021_151403_61c2f93e9acb.jpg
20251021_130935,5.5,5.5820312,0.08203125,/home/nfs/data/nvme_datasets/Pictures_CFSB_leaf_damage/RSFB-Phenotyping_training_set/RSFB-Phenotyping_training_set/20251021_130935.jpg,/home/user/tabbakhab1/dev/project/cache/grid_crops_1400/20251021_130935_ec3f75825a00.jpg
20251021_120939,20.25,9.015625,-11.234375,/home/nfs/data/nvme_datasets/Pictures_CFSB_leaf_damage/RSFB-Phenotyping_training_set/RSFB-Phenotyping_training_set/20251021_120939.jpg,/home/user/tabbakhab1/dev/project/cache/grid_crops_1400/20251021_120939_7442e5992521.jpg
20251021_125148,2.0,5.4140625,3.4140625,/home/nfs/data/nvme_datasets/Pictures_CFSB_leaf_damage/RSFB-Phenotyping_training_set/RSFB-Phenotyping_training_set/20251021_125148.jpg,/home/user/tabbakhab1/dev/project/cache/grid_crops_1400/20251021_125148_7b7dfc47f59a.jpg
20251021_122502,15.0,9.8046875,-5.1953125,/home/nfs/data/nvme_datasets/Pictures_CFSB_leaf_damage/RSFB-Phenotyping_training_set/RSFB-Phenotyping_training_set/20251021_122502.jpg,/home/user/tabbakhab1/dev/project/cache/grid_crops_1400/20251021_122502_fc9b8be9a8d2.jpg
20251021_121320,13.5,7.1953125,-6.3046875,/home/nfs/data/nvme_datasets/Pictures_CFSB_leaf_damage/RSFB-Phenotyping_training_set/RSFB-Phenotyping_training_set/20251021_121320.jpg,/home/user/tabbakhab1/dev/project/cache/grid_crops_1400/20251021_121320_8fa45a883c8b.jpg
20251021_163055,2.0,3.4335938,1.4335938,/home/nfs/data/nvme_datasets/Pictures_CFSB_leaf_damage/RSFB-Phenotyping_training_set/RSFB-Phenotyping_training_set/20251021_163055.jpg,/home/user/tabbakhab1/dev/project/cache/grid_crops_1400/20251021_163055_d4824aa26333.jpg
20251021_155758,0.0,3.7773438,3.7773438,/home/nfs/data/nvme_datasets/Pictures_CFSB_leaf_damage/RSFB-Phenotyping_training_set/RSFB-Phenotyping_training_set/20251021_155758.jpg,/home/user/tabbakhab1/dev/project/cache/grid_crops_1400/20251021_155758_2a68f9d71d3e.jpg
20251021_120926,21.25,10.4453125,-10.8046875,/home/nfs/data/nvme_datasets/Pictures_CFSB_leaf_damage/RSFB-Phenotyping_training_set/RSFB-Phenotyping_training_set/20251021_120926.jpg,/home/user/tabbakhab1/dev/project/cache/grid_crops_1400/20251021_120926_fe4270cffc29.jpg
20251021_160133,4.0,9.4296875,5.4296875,/home/nfs/data/nvme_datasets/Pictures_CFSB_leaf_damage/RSFB-Phenotyping_training_set/RSFB-Phenotyping_training_set/20251021_160133.jpg,/home/user/tabbakhab1/dev/project/cache/grid_crops_1400/20251021_160133_925c2d294379.jpg
20251021_123220,7.0,5.0546875,-1.9453125,/home/nfs/data/nvme_datasets/Pictures_CFSB_leaf_damage/RSFB-Phenotyping_training_set/RSFB-Phenotyping_training_set/20251021_123220.jpg,/home/user/tabbakhab1/dev/project/cache/grid_crops_1400/20251021_123220_5e8c2b716bf5.jpg
20251021_125035,5.25,5.0507812,-0.19921875,/home/nfs/data/nvme_datasets/Pictures_CFSB_leaf_damage/RSFB-Phenotyping_training_set/RSFB-Phenotyping_training_set/20251021_125035.jpg,/home/user/tabbakhab1/dev/project/cache/grid_crops_1400/20251021_125035_4b7264311f52.jpg
20251021_154614,4.25,7.1796875,2.9296875,/home/nfs/data/nvme_datasets/Pictures_CFSB_leaf_damage/RSFB-Phenotyping_training_set/RSFB-Phenotyping_training_set/20251021_154614.jpg,/home/user/tabbakhab1/dev/project/cache/grid_crops_1400/20251021_154614_9bc552abf8d0.jpg
20251021_155407,0.75,5.0820312,4.3320312,/home/nfs/data/nvme_datasets/Pictures_CFSB_leaf_damage/RSFB-Phenotyping_training_set/RSFB-Phenotyping_training_set/20251021_155407.jpg,/home/user/tabbakhab1/dev/project/cache/grid_crops_1400/20251021_155407_9fa941dd70a7.jpg
20251021_121704,2.0,8.46875,6.46875,/home/nfs/data/nvme_datasets/Pictures_CFSB_leaf_damage/RSFB-Phenotyping_training_set/RSFB-Phenotyping_training_set/20251021_121704.jpg,/home/user/tabbakhab1/dev/project/cache/grid_crops_1400/20251021_121704_8b1fb7b9c4c5.jpg
20251021_131634,1.25,6.6679688,5.4179688,/home/nfs/data/nvme_datasets/Pictures_CFSB_leaf_damage/RSFB-Phenotyping_training_set/RSFB-Phenotyping_training_set/20251021_131634.jpg,/home/user/tabbakhab1/dev/project/cache/grid_crops_1400/20251021_131634_d24611705dca.jpg
20251021_151952,4.25,3.484375,-0.765625,/home/nfs/data/nvme_datasets/Pictures_CFSB_leaf_damage/RSFB-Phenotyping_training_set/RSFB-Phenotyping_training_set/20251021_151952.jpg,/home/user/tabbakhab1/dev/project/cache/grid_crops_1400/20251021_151952_5560ee49d03e.jpg
20251021_121633,3.25,7.8789062,4.6289062,/home/nfs/data/nvme_datasets/Pictures_CFSB_leaf_damage/RSFB-Phenotyping_training_set/RSFB-Phenotyping_training_set/20251021_121633.jpg,/home/user/tabbakhab1/dev/project/cache/grid_crops_1400/20251021_121633_e6ec629852f7.jpg
20251021_121034,17.5,10.6953125,-6.8046875,/home/nfs/data/nvme_datasets/Pictures_CFSB_leaf_damage/RSFB-Phenotyping_training_set/RSFB-Phenotyping_training_set/20251021_121034.jpg,/home/user/tabbakhab1/dev/project/cache/grid_crops_1400/20251021_121034_ff064bedf266.jpg
20251021_162057,4.5,4.765625,0.265625,/home/nfs/data/nvme_datasets/Pictures_CFSB_leaf_damage/RSFB-Phenotyping_training_set/RSFB-Phenotyping_training_set/20251021_162057.jpg,/home/user/tabbakhab1/dev/project/cache/grid_crops_1400/20251021_162057_fe4f4b2c02bd.jpg
20251021_125003,2.65,6.3085938,3.6585937,/home/nfs/data/nvme_datasets/Pictures_CFSB_leaf_damage/RSFB-Phenotyping_training_set/RSFB-Phenotyping_training_set/20251021_125003.jpg,/home/user/tabbakhab1/dev/project/cache/grid_crops_1400/20251021_125003_601a9cf125f4.jpg
20251021_151731,3.25,5.5273438,2.2773438,/home/nfs/data/nvme_datasets/Pictures_CFSB_leaf_damage/RSFB-Phenotyping_training_set/RSFB-Phenotyping_training_set/20251021_151731.jpg,/home/user/tabbakhab1/dev/project/cache/grid_crops_1400/20251021_151731_d6eccfed8ca1.jpg
20251021_162321,1.7,4.6484375,2.9484375,/home/nfs/data/nvme_datasets/Pictures_CFSB_leaf_damage/RSFB-Phenotyping_training_set/RSFB-Phenotyping_training_set/20251021_162321.jpg,/home/user/tabbakhab1/dev/project/cache/grid_crops_1400/20251021_162321_59ef0cf87240.jpg
20251021_125215,27.5,9.8046875,-17.695312,/home/nfs/data/nvme_datasets/Pictures_CFSB_leaf_damage/RSFB-Phenotyping_training_set/RSFB-Phenotyping_training_set/20251021_125215.jpg,/home/user/tabbakhab1/dev/project/cache/grid_crops_1400/20251021_125215_ffe2444939dd.jpg
20251021_125129,0.9,5.2539062,4.353906,/home/nfs/data/nvme_datasets/Pictures_CFSB_leaf_damage/RSFB-Phenotyping_training_set/RSFB-Phenotyping_training_set/20251021_125129.jpg,/home/user/tabbakhab1/dev/project/cache/grid_crops_1400/20251021_125129_908c630a7645.jpg
20251021_161028,2.75,3.53125,0.78125,/home/nfs/data/nvme_datasets/Pictures_CFSB_leaf_damage/RSFB-Phenotyping_training_set/RSFB-Phenotyping_training_set/20251021_161028.jpg,/home/user/tabbakhab1/dev/project/cache/grid_crops_1400/20251021_161028_f8545659dd6c.jpg
20251021_160658,1.5,6.9960938,5.4960938,/home/nfs/data/nvme_datasets/Pictures_CFSB_leaf_damage/RSFB-Phenotyping_training_set/RSFB-Phenotyping_training_set/20251021_160658.jpg,/home/user/tabbakhab1/dev/project/cache/grid_crops_1400/20251021_160658_fe0f6342cf31.jpg
20251021_162313,1.75,4.3710938,2.6210938,/home/nfs/data/nvme_datasets/Pictures_CFSB_leaf_damage/RSFB-Phenotyping_training_set/RSFB-Phenotyping_training_set/20251021_162313.jpg,/home/user/tabbakhab1/dev/project/cache/grid_crops_1400/20251021_162313_a303d296bd70.jpg
20251021_163044,4.0,5.703125,1.703125,/home/nfs/data/nvme_datasets/Pictures_CFSB_leaf_damage/RSFB-Phenotyping_training_set/RSFB-Phenotyping_training_set/20251021_163044.jpg,/home/user/tabbakhab1/dev/project/cache/grid_crops_1400/20251021_163044_a3419bd69ae4.jpg
20251021_160541,3.75,5.9023438,2.1523438,/home/nfs/data/nvme_datasets/Pictures_CFSB_leaf_damage/RSFB-Phenotyping_training_set/RSFB-Phenotyping_training_set/20251021_160541.jpg,/home/user/tabbakhab1/dev/project/cache/grid_crops_1400/20251021_160541_1a7fc0287f7e.jpg
