filename,target,prediction,base_prediction,local_correction,base_absolute_error,residual,absolute_error,plant_count,mask_coverage,cell_attention_normalized_entropy,plant_attention_normalized_entropy,top_cell_index,top_cell_weight,top_plant_index,top_plant_weight,input_mode,source_image_path,processed_image_path,mask_path,feature_cache_path,cell_0_weight,cell_1_weight,cell_2_weight,cell_3_weight,plant_00_weight,plant_00_cell,plant_01_weight,plant_01_cell,plant_02_weight,plant_02_cell,plant_03_weight,plant_03_cell,plant_04_weight,plant_04_cell,plant_05_weight,plant_05_cell,plant_06_weight,plant_06_cell,plant_07_weight,plant_07_cell,plant_08_weight,plant_08_cell,plant_09_weight,plant_09_cell,plant_10_weight,plant_10_cell,plant_11_weight,plant_11_cell,plant_12_weight,plant_12_cell,plant_13_weight,plant_13_cell,plant_14_weight,plant_14_cell,plant_15_weight,plant_15_cell,plant_16_weight,plant_16_cell,plant_17_weight,plant_17_cell,plant_18_weight,plant_18_cell,plant_19_weight,plant_19_cell,plot_group_id,arm,seed
2025_09_15_Re4StRes_T1_DSV/IMG_2554.JPG,1.0,1.9268975,0.92685604,1.0000415,0.07314396,0.9268975,0.9268975,12,1.0,0.9962043549322852,0.9123833638003704,1,0.29464555,2,0.23745975,raw_full_image,/home/nfs/data/nvme_datasets/Pictures_CFSB_leaf_damage/2025_09_15_Re4StRes_T1_DSV/IMG_2554.JPG,/home/nfs/data/nvme_datasets/Pictures_CFSB_leaf_damage/2025_09_15_Re4StRes_T1_DSV/IMG_2554.JPG,/home/user/tabbakhab1/dev/project/cache/sam3_masks_hierarchical_three_view/IMG_2554_6b0f6555892b30d8.png,cache/dinov3_hierarchical_three_view_features_adapted_routed/IMG_2554_6b0f6555892b30d8.npz,0.23924811,0.29464555,0.22864658,0.23745973,0.045712776,1,0.043584958,0,0.23745975,3,0.047796313,1,0.0553854,2,0.0652483,2,0.053778846,2,0.059434574,0,0.05423405,2,0.089914024,0,0.04631457,0,0.20113648,1,0.0,-1,0.0,-1,0.0,-1,0.0,-1,0.0,-1,0.0,-1,0.0,-1,0.0,-1,plot_c86a34c84012b2a6cd5e,synthetic,46
2025_09_15_Re4StRes_T1_DSV/IMG_2561.JPG,5.0,2.4594135,2.0592384,0.4001751,2.9407616,-2.5405865,2.5405865,11,1.0,0.9957319493983052,0.9283206120432635,0,0.2870563,4,0.23131183,raw_full_image,/home/nfs/data/nvme_datasets/Pictures_CFSB_leaf_damage/2025_09_15_Re4StRes_T1_DSV/IMG_2561.JPG,/home/nfs/data/nvme_datasets/Pictures_CFSB_leaf_damage/2025_09_15_Re4StRes_T1_DSV/IMG_2561.JPG,/home/user/tabbakhab1/dev/project/cache/sam3_masks_hierarchical_three_view/IMG_2561_71f846a8ac9da5c2.png,cache/dinov3_hierarchical_three_view_features_adapted_routed/IMG_2561_71f846a8ac9da5c2.npz,0.2870563,0.2640168,0.23131181,0.21761507,0.17075284,0,0.11630347,0,0.09283998,3,0.06289916,3,0.23131183,2,0.03907336,1,0.056639485,1,0.07711581,1,0.061875958,3,0.045274485,1,0.04591368,1,0.0,-1,0.0,-1,0.0,-1,0.0,-1,0.0,-1,0.0,-1,0.0,-1,0.0,-1,0.0,-1,plot_b876a7c031c3da996880,synthetic,46
2025_09_15_Re4StRes_T1_DSV/IMG_2570.JPG,2.0,3.4551575,2.4925933,0.96256423,0.4925933,1.4551575,1.4551575,12,1.0,0.998595570291514,0.980669953233268,3,0.26279795,5,0.117271446,raw_full_image,/home/nfs/data/nvme_datasets/Pictures_CFSB_leaf_damage/2025_09_15_Re4StRes_T1_DSV/IMG_2570.JPG,/home/nfs/data/nvme_datasets/Pictures_CFSB_leaf_damage/2025_09_15_Re4StRes_T1_DSV/IMG_2570.JPG,/home/user/tabbakhab1/dev/project/cache/sam3_masks_hierarchical_three_view/IMG_2570_80617020157cb1fa.png,cache/dinov3_hierarchical_three_view_features_adapted_routed/IMG_2570_80617020157cb1fa.npz,0.22397463,0.25313613,0.2600913,0.26279795,0.071336895,2,0.097796954,2,0.06365577,3,0.03986713,1,0.09656541,1,0.117271446,0,0.039750777,1,0.09095746,2,0.07695281,1,0.08746302,3,0.10670319,0,0.11167918,3,0.0,-1,0.0,-1,0.0,-1,0.0,-1,0.0,-1,0.0,-1,0.0,-1,0.0,-1,plot_3bd91170ed2167071221,synthetic,46
2025_09_15_Re4StRes_T1_DSV/IMG_2575.JPG,12.0,1.3461819,0.50373554,0.8424463,11.496264,-10.653818,10.653818,12,1.0,0.9985416340198576,0.9514437727668104,1,0.26360467,5,0.19855636,raw_full_image,/home/nfs/data/nvme_datasets/Pictures_CFSB_leaf_damage/2025_09_15_Re4StRes_T1_DSV/IMG_2575.JPG,/home/nfs/data/nvme_datasets/Pictures_CFSB_leaf_damage/2025_09_15_Re4StRes_T1_DSV/IMG_2575.JPG,/home/user/tabbakhab1/dev/project/cache/sam3_masks_hierarchical_three_view/IMG_2575_4bc0f7b6b815842b.png,cache/dinov3_hierarchical_three_view_features_adapted_routed/IMG_2575_4bc0f7b6b815842b.npz,0.24913214,0.26360467,0.2626936,0.22456959,0.06413726,2,0.052333795,1,0.0715206,3,0.07044128,0,0.044483677,1,0.19855636,2,0.048170164,1,0.060920455,1,0.10016044,0,0.057696585,1,0.07853041,0,0.15304899,3,0.0,-1,0.0,-1,0.0,-1,0.0,-1,0.0,-1,0.0,-1,0.0,-1,0.0,-1,plot_c5c4cbd994bc130ff116,synthetic,46
2025_09_15_Re4StRes_T1_DSV/IMG_2593.JPG,10.0,2.492723,1.58564,0.90708303,8.41436,-7.507277,7.507277,16,1.0,0.9976539900892988,0.8958818090745031,0,0.27122533,4,0.24133922,raw_full_image,/home/nfs/data/nvme_datasets/Pictures_CFSB_leaf_damage/2025_09_15_Re4StRes_T1_DSV/IMG_2593.JPG,/home/nfs/data/nvme_datasets/Pictures_CFSB_leaf_damage/2025_09_15_Re4StRes_T1_DSV/IMG_2593.JPG,/home/user/tabbakhab1/dev/project/cache/sam3_masks_hierarchical_three_view/IMG_2593_e2a9aa612abe30d1.png,cache/dinov3_hierarchical_three_view_features_adapted_routed/IMG_2593_e2a9aa612abe30d1.npz,0.27122533,0.2213013,0.26613414,0.24133922,0.060173478,2,0.01671485,0,0.05907536,2,0.05363807,0,0.24133922,3,0.030364053,0,0.020076744,0,0.033036448,0,0.02967167,0,0.120432936,1,0.06508367,2,0.08180165,2,0.035623338,0,0.027270956,0,0.024829209,0,0.10086836,1,0.0,-1,0.0,-1,0.0,-1,0.0,-1,plot_40371a1af2798543b978,synthetic,46
2025_09_15_Re4StRes_T1_DSV/IMG_2596.JPG,5.0,1.7190962,1.1764231,0.5426731,3.823577,-3.2809038,3.2809038,19,1.0,0.9960212369237604,0.989315993070988,1,0.27587718,9,0.08527945,raw_full_image,/home/nfs/data/nvme_datasets/Pictures_CFSB_leaf_damage/2025_09_15_Re4StRes_T1_DSV/IMG_2596.JPG,/home/nfs/data/nvme_datasets/Pictures_CFSB_leaf_damage/2025_09_15_Re4StRes_T1_DSV/IMG_2596.JPG,/home/user/tabbakhab1/dev/project/cache/sam3_masks_hierarchical_three_view/IMG_2596_09bc55be119a2857.png,cache/dinov3_hierarchical_three_view_features_adapted_routed/IMG_2596_09bc55be119a2857.npz,0.23294213,0.27587718,0.21611325,0.27506745,0.045505106,3,0.035534885,0,0.062610626,3,0.06640352,2,0.06443029,2,0.044065688,0,0.04211187,0,0.038772386,1,0.056977917,3,0.08527945,2,0.06298396,3,0.06324744,1,0.055928845,0,0.037940364,1,0.044615585,1,0.046989832,3,0.05530084,0,0.060814366,1,0.030487033,1,0.0,-1,plot_2d323249f2cdbc401337,synthetic,46
2025_09_15_Re4StRes_T1_DSV/IMG_2597.JPG,4.0,2.2128644,1.2567248,0.95613956,2.7432752,-1.7871356,1.7871356,16,1.0,0.9924151865277582,0.944351373914904,1,0.30120537,2,0.20303775,raw_full_image,/home/nfs/data/nvme_datasets/Pictures_CFSB_leaf_damage/2025_09_15_Re4StRes_T1_DSV/IMG_2597.JPG,/home/nfs/data/nvme_datasets/Pictures_CFSB_leaf_damage/2025_09_15_Re4StRes_T1_DSV/IMG_2597.JPG,/home/user/tabbakhab1/dev/project/cache/sam3_masks_hierarchical_three_view/IMG_2597_6a76e275deb6f621.png,cache/dinov3_hierarchical_three_view_features_adapted_routed/IMG_2597_6a76e275deb6f621.npz,0.23326781,0.30120537,0.20303774,0.26248902,0.042900145,0,0.044517767,3,0.20303775,2,0.042114258,1,0.0368097,3,0.04238754,3,0.044545542,0,0.041927323,1,0.07257864,1,0.050321277,3,0.08229935,0,0.042787533,3,0.10623967,1,0.045665212,3,0.063522816,0,0.038345516,1,0.0,-1,0.0,-1,0.0,-1,0.0,-1,plot_2d323249f2cdbc401337,synthetic,46
2025_09_15_Re4StRes_T1_DSV/IMG_2600.JPG,7.0,3.1119466,2.0231643,1.0887823,4.9768357,-3.8880534,3.8880534,16,1.0,0.993472480868896,0.9507131853396236,1,0.30508187,13,0.18759564,raw_full_image,/home/nfs/data/nvme_datasets/Pictures_CFSB_leaf_damage/2025_09_15_Re4StRes_T1_DSV/IMG_2600.JPG,/home/nfs/data/nvme_datasets/Pictures_CFSB_leaf_damage/2025_09_15_Re4StRes_T1_DSV/IMG_2600.JPG,/home/user/tabbakhab1/dev/project/cache/sam3_masks_hierarchical_three_view/IMG_2600_8cd216227f46c8f9.png,cache/dinov3_hierarchical_three_view_features_adapted_routed/IMG_2600_8cd216227f46c8f9.npz,0.22559392,0.30508187,0.2179563,0.25136787,0.080453016,3,0.0565924,1,0.0262518,0,0.036881305,3,0.030315416,0,0.049775813,0,0.060893845,1,0.03420015,0,0.060149014,2,0.041742638,0,0.0917088,2,0.06265132,3,0.07138224,3,0.18759564,1,0.066098504,2,0.04330811,0,0.0,-1,0.0,-1,0.0,-1,0.0,-1,plot_7e3914ccf642d49c8258,synthetic,46
2025_09_15_Re4StRes_T1_DSV/IMG_2602.JPG,3.0,3.0283346,2.1734653,0.85486937,0.82653475,0.028334618,0.028334618,19,1.0,0.9993975278033844,0.9634662390364428,0,0.2605067,6,0.14341827,raw_full_image,/home/nfs/data/nvme_datasets/Pictures_CFSB_leaf_damage/2025_09_15_Re4StRes_T1_DSV/IMG_2602.JPG,/home/nfs/data/nvme_datasets/Pictures_CFSB_leaf_damage/2025_09_15_Re4StRes_T1_DSV/IMG_2602.JPG,/home/user/tabbakhab1/dev/project/cache/sam3_masks_hierarchical_three_view/IMG_2602_a8f4383f16ac0fde.png,cache/dinov3_hierarchical_three_view_features_adapted_routed/IMG_2602_a8f4383f16ac0fde.npz,0.2605067,0.2598272,0.24118304,0.23848309,0.09776477,2,0.040179264,1,0.040186066,0,0.04631691,1,0.05113242,0,0.03425,3,0.14341827,2,0.073384926,1,0.034513082,0,0.02882399,0,0.026081134,0,0.045802522,3,0.046506256,3,0.02934009,0,0.063393176,3,0.04093716,1,0.050429918,0,0.059008934,1,0.048531145,3,0.0,-1,plot_4c75cf4fe53b689660ca,synthetic,46
2025_09_15_Re4StRes_T1_DSV/IMG_2606.JPG,18.0,3.4952133,2.6132164,0.88199687,15.386784,-14.5047865,14.5047865,19,1.0,0.9980126759139162,0.9627182850710784,1,0.273956,5,0.112282306,raw_full_image,/home/nfs/data/nvme_datasets/Pictures_CFSB_leaf_damage/2025_09_15_Re4StRes_T1_DSV/IMG_2606.JPG,/home/nfs/data/nvme_datasets/Pictures_CFSB_leaf_damage/2025_09_15_Re4StRes_T1_DSV/IMG_2606.JPG,/home/user/tabbakhab1/dev/project/cache/sam3_masks_hierarchical_three_view/IMG_2606_6ac68d9acd7d1724.png,cache/dinov3_hierarchical_three_view_features_adapted_routed/IMG_2606_6ac68d9acd7d1724.npz,0.22258298,0.273956,0.25588942,0.24757157,0.03250156,3,0.08317894,2,0.097090684,2,0.06656227,3,0.023637773,1,0.112282306,0,0.03608689,1,0.06435452,0,0.026003182,1,0.044447385,2,0.024818916,1,0.06648279,3,0.045946177,0,0.04303926,1,0.028415736,1,0.08202498,3,0.04090089,1,0.05105339,1,0.031172423,2,0.0,-1,plot_5a26296d1fb3d29bbb28,synthetic,46
2025_09_15_Re4StRes_T1_DSV/IMG_2616.JPG,14.0,5.624278,4.786221,0.83805704,9.213779,-8.375722,8.375722,20,1.0,0.9825650023347376,0.9581920821054244,3,0.34151998,6,0.12424532,raw_full_image,/home/nfs/data/nvme_datasets/Pictures_CFSB_leaf_damage/2025_09_15_Re4StRes_T1_DSV/IMG_2616.JPG,/home/nfs/data/nvme_datasets/Pictures_CFSB_leaf_damage/2025_09_15_Re4StRes_T1_DSV/IMG_2616.JPG,/home/user/tabbakhab1/dev/project/cache/sam3_masks_hierarchical_three_view/IMG_2616_e676cb7a85d90b52.png,cache/dinov3_hierarchical_three_view_features_adapted_routed/IMG_2616_e676cb7a85d90b52.npz,0.18989427,0.22648518,0.24210057,0.34151998,0.040395867,3,0.029690813,1,0.03810415,3,0.02932593,0,0.10088042,2,0.039894316,0,0.12424532,3,0.048068967,1,0.024314955,3,0.054967195,0,0.023134569,1,0.03003884,0,0.04663923,1,0.037992958,3,0.035668,0,0.042504713,1,0.036446903,1,0.04345288,2,0.09776727,2,0.076466724,3,plot_9b875862086dac6bd729,synthetic,46
2025_09_15_Re4StRes_T1_DSV/IMG_2640.JPG,45.0,7.4048166,6.877355,0.5274615,38.122646,-37.595184,37.595184,20,1.0,0.9839690324683886,0.9738445668997056,3,0.34034652,2,0.09743296,raw_full_image,/home/nfs/data/nvme_datasets/Pictures_CFSB_leaf_damage/2025_09_15_Re4StRes_T1_DSV/IMG_2640.JPG,/home/nfs/data/nvme_datasets/Pictures_CFSB_leaf_damage/2025_09_15_Re4StRes_T1_DSV/IMG_2640.JPG,/home/user/tabbakhab1/dev/project/cache/sam3_masks_hierarchical_three_view/IMG_2640_2668ebbde3a4be12.png,cache/dinov3_hierarchical_three_view_features_adapted_routed/IMG_2640_2668ebbde3a4be12.npz,0.21521242,0.24233426,0.20210682,0.34034652,0.04484958,1,0.04947076,3,0.09743296,3,0.06835202,0,0.051924594,2,0.06008399,0,0.031506542,2,0.077201,1,0.035163574,0,0.089732796,3,0.05161283,0,0.045577567,2,0.034971297,1,0.023205964,3,0.04072887,2,0.021993114,3,0.03236925,2,0.03132963,1,0.053982764,1,0.05851093,3,plot_8fcd736eda326263efa9,synthetic,46
2025_09_15_Re4StRes_T1_DSV/IMG_2650.JPG,2.0,2.6360965,1.5039649,1.1321316,0.4960351,0.6360965,0.6360965,20,1.0,0.9907389969453037,0.9894771286458768,3,0.31286538,17,0.0860764,raw_full_image,/home/nfs/data/nvme_datasets/Pictures_CFSB_leaf_damage/2025_09_15_Re4StRes_T1_DSV/IMG_2650.JPG,/home/nfs/data/nvme_datasets/Pictures_CFSB_leaf_damage/2025_09_15_Re4StRes_T1_DSV/IMG_2650.JPG,/home/user/tabbakhab1/dev/project/cache/sam3_masks_hierarchical_three_view/IMG_2650_7e5163a3666ee4f8.png,cache/dinov3_hierarchical_three_view_features_adapted_routed/IMG_2650_7e5163a3666ee4f8.npz,0.21522762,0.25862145,0.21328548,0.31286538,0.033293214,0,0.050928257,2,0.035875138,1,0.044584688,0,0.048357416,3,0.040301546,0,0.051468182,3,0.04502185,3,0.048797347,2,0.05240052,1,0.0387986,1,0.051310375,0,0.06278231,2,0.045737814,0,0.036472715,1,0.050777584,2,0.04765767,1,0.0860764,3,0.047416855,1,0.08194155,3,plot_f42d982b26d6135b33d5,synthetic,46
2025_09_15_Re4StRes_T1_DSV/IMG_2666.JPG,40.0,2.5521116,1.7689548,0.7831569,38.231045,-37.447887,37.447887,20,1.0,0.9940602295822576,0.963655239235673,1,0.3067491,5,0.15403791,raw_full_image,/home/nfs/data/nvme_datasets/Pictures_CFSB_leaf_damage/2025_09_15_Re4StRes_T1_DSV/IMG_2666.JPG,/home/nfs/data/nvme_datasets/Pictures_CFSB_leaf_damage/2025_09_15_Re4StRes_T1_DSV/IMG_2666.JPG,/home/user/tabbakhab1/dev/project/cache/sam3_masks_hierarchical_three_view/IMG_2666_01906dc15df892c1.png,cache/dinov3_hierarchical_three_view_features_adapted_routed/IMG_2666_01906dc15df892c1.npz,0.2302862,0.3067491,0.23396398,0.22900072,0.040673982,1,0.03504675,1,0.05255316,0,0.037868153,2,0.02413304,3,0.15403791,1,0.03057235,3,0.027548801,1,0.06070118,0,0.047770787,0,0.045069996,2,0.049441673,1,0.033547454,2,0.029415287,3,0.06616208,2,0.069261074,0,0.05424553,3,0.046768527,3,0.04386599,3,0.051316295,2,plot_fa485d2f45bfc9148558,synthetic,46
2025_09_15_Re4StRes_T1_DSV/IMG_2667.JPG,10.0,1.6235919,0.5225854,1.1010065,9.477415,-8.376408,8.376408,20,1.0,0.9979053458524036,0.953316754938472,1,0.27288958,0,0.12251935,raw_full_image,/home/nfs/data/nvme_datasets/Pictures_CFSB_leaf_damage/2025_09_15_Re4StRes_T1_DSV/IMG_2667.JPG,/home/nfs/data/nvme_datasets/Pictures_CFSB_leaf_damage/2025_09_15_Re4StRes_T1_DSV/IMG_2667.JPG,/home/user/tabbakhab1/dev/project/cache/sam3_masks_hierarchical_three_view/IMG_2667_86dff11957c0bf7f.png,cache/dinov3_hierarchical_three_view_features_adapted_routed/IMG_2667_86dff11957c0bf7f.npz,0.24130338,0.27288958,0.22363491,0.26217213,0.12251935,2,0.03440579,1,0.018326739,3,0.101115555,2,0.08688414,0,0.03695687,1,0.03615554,3,0.03462257,1,0.03735056,1,0.045092408,1,0.054896843,1,0.029564546,1,0.08552164,0,0.0688976,0,0.017962247,3,0.03465483,3,0.030415643,3,0.05599214,3,0.027546978,3,0.041118003,3,plot_fa485d2f45bfc9148558,synthetic,46
2025_09_15_Re4StRes_T1_DSV/IMG_2671.JPG,8.0,5.2836018,4.1692443,1.1143575,3.8307557,-2.7163982,2.7163982,20,1.0,0.9947699047935328,0.9631806750252044,2,0.30009216,9,0.115790166,raw_full_image,/home/nfs/data/nvme_datasets/Pictures_CFSB_leaf_damage/2025_09_15_Re4StRes_T1_DSV/IMG_2671.JPG,/home/nfs/data/nvme_datasets/Pictures_CFSB_leaf_damage/2025_09_15_Re4StRes_T1_DSV/IMG_2671.JPG,/home/user/tabbakhab1/dev/project/cache/sam3_masks_hierarchical_three_view/IMG_2671_6441e25b503cb5aa.png,cache/dinov3_hierarchical_three_view_features_adapted_routed/IMG_2671_6441e25b503cb5aa.npz,0.21783948,0.23762499,0.30009216,0.24444339,0.03027473,0,0.027249964,2,0.032510255,2,0.034244303,1,0.055191685,3,0.07346153,3,0.03163025,0,0.032768015,2,0.029721633,2,0.115790166,3,0.1062576,0,0.07234979,2,0.032482486,2,0.026427023,2,0.046583,2,0.03942984,1,0.049676895,0,0.071970165,1,0.04977245,1,0.04220824,1,plot_875009e20325d359d8c9,synthetic,46
2025_09_15_Re4StRes_T1_DSV/IMG_2695.JPG,1.0,1.0424318,0.4331441,0.60928774,0.5668559,0.04243183,0.04243183,14,1.0,0.9922494825473256,0.937048752959722,3,0.30529964,9,0.17607446,raw_full_image,/home/nfs/data/nvme_datasets/Pictures_CFSB_leaf_damage/2025_09_15_Re4StRes_T1_DSV/IMG_2695.JPG,/home/nfs/data/nvme_datasets/Pictures_CFSB_leaf_damage/2025_09_15_Re4StRes_T1_DSV/IMG_2695.JPG,/home/user/tabbakhab1/dev/project/cache/sam3_masks_hierarchical_three_view/IMG_2695_9eb09423a0ecb8ac.png,cache/dinov3_hierarchical_three_view_features_adapted_routed/IMG_2695_9eb09423a0ecb8ac.npz,0.21208812,0.22108023,0.26153195,0.30529964,0.02637494,2,0.059111785,3,0.1047896,1,0.07011342,3,0.10148155,0,0.110606596,0,0.025994064,2,0.11629067,1,0.029258525,2,0.17607446,3,0.043454688,2,0.04784776,2,0.04978267,2,0.038819335,2,0.0,-1,0.0,-1,0.0,-1,0.0,-1,0.0,-1,0.0,-1,plot_ec431a420c01c755bc8f,synthetic,46
2025_09_15_Re4StRes_T1_DSV/IMG_2698.JPG,7.0,1.3598952,0.21980953,1.1400857,6.7801905,-5.640105,5.640105,20,1.0,0.994904890252168,0.976866972103574,2,0.29618365,8,0.10699025,raw_full_image,/home/nfs/data/nvme_datasets/Pictures_CFSB_leaf_damage/2025_09_15_Re4StRes_T1_DSV/IMG_2698.JPG,/home/nfs/data/nvme_datasets/Pictures_CFSB_leaf_damage/2025_09_15_Re4StRes_T1_DSV/IMG_2698.JPG,/home/user/tabbakhab1/dev/project/cache/sam3_masks_hierarchical_three_view/IMG_2698_64b9a89a6b9a80ed.png,cache/dinov3_hierarchical_three_view_features_adapted_routed/IMG_2698_64b9a89a6b9a80ed.npz,0.24407971,0.24715427,0.29618365,0.21258233,0.029006125,2,0.06689035,3,0.046558127,3,0.032011885,0,0.02978872,0,0.06300593,1,0.029510787,0,0.049360525,1,0.10699025,2,0.05384413,1,0.090328805,2,0.0435144,0,0.032675717,2,0.041938134,1,0.054527156,3,0.039005548,1,0.037182767,2,0.044606704,3,0.051398892,0,0.057855032,0,plot_988fee0f83b74284189c,synthetic,46
2025_09_15_Re4StRes_T1_DSV/IMG_2704.JPG,1.0,2.1666021,1.2136602,0.9529419,0.21366024,1.1666021,1.1666021,17,1.0,0.9959451937437276,0.9609472143522396,0,0.28777334,9,0.119032755,raw_full_image,/home/nfs/data/nvme_datasets/Pictures_CFSB_leaf_damage/2025_09_15_Re4StRes_T1_DSV/IMG_2704.JPG,/home/nfs/data/nvme_datasets/Pictures_CFSB_leaf_damage/2025_09_15_Re4StRes_T1_DSV/IMG_2704.JPG,/home/user/tabbakhab1/dev/project/cache/sam3_masks_hierarchical_three_view/IMG_2704_37fcdc690deb23e3.png,cache/dinov3_hierarchical_three_view_features_adapted_routed/IMG_2704_37fcdc690deb23e3.npz,0.28777334,0.21570824,0.25848946,0.23802891,0.029875118,2,0.06061211,1,0.029047003,2,0.100003526,1,0.05206968,0,0.10500335,3,0.040965553,2,0.022817565,3,0.05509261,1,0.119032755,0,0.03503459,3,0.08843244,2,0.02800191,3,0.059857365,0,0.047171514,3,0.05681354,0,0.07016939,2,0.0,-1,0.0,-1,0.0,-1,plot_067d70ac047c7beabc7b,synthetic,46
2025_09_15_Re4StRes_T1_DSV/IMG_2722.JPG,3.0,1.9418082,1.4190545,0.5227537,1.5809455,-1.0581918,1.0581918,9,1.0,0.9810623233971886,0.8806231850951953,3,0.3419968,8,0.25828335,raw_full_image,/home/nfs/data/nvme_datasets/Pictures_CFSB_leaf_damage/2025_09_15_Re4StRes_T1_DSV/IMG_2722.JPG,/home/nfs/data/nvme_datasets/Pictures_CFSB_leaf_damage/2025_09_15_Re4StRes_T1_DSV/IMG_2722.JPG,/home/user/tabbakhab1/dev/project/cache/sam3_masks_hierarchical_three_view/IMG_2722_5ae6a59eb4c562cc.png,cache/dinov3_hierarchical_three_view_features_adapted_routed/IMG_2722_5ae6a59eb4c562cc.npz,0.20529154,0.25828335,0.19442831,0.3419968,0.20529154,0,0.038961466,2,0.04452801,2,0.044338636,2,0.21562852,3,0.0666002,2,0.049174916,3,0.07719336,3,0.25828335,1,0.0,-1,0.0,-1,0.0,-1,0.0,-1,0.0,-1,0.0,-1,0.0,-1,0.0,-1,0.0,-1,0.0,-1,0.0,-1,plot_4d7cf47fcb2fb6abd413,synthetic,46
2025_09_15_Re4StRes_T1_DSV/IMG_2726.JPG,8.0,3.297398,3.282157,0.015241146,4.717843,-4.702602,4.702602,7,1.0,0.9625560282870236,0.8700697632731288,3,0.38117793,3,0.38117793,raw_full_image,/home/nfs/data/nvme_datasets/Pictures_CFSB_leaf_damage/2025_09_15_Re4StRes_T1_DSV/IMG_2726.JPG,/home/nfs/data/nvme_datasets/Pictures_CFSB_leaf_damage/2025_09_15_Re4StRes_T1_DSV/IMG_2726.JPG,/home/user/tabbakhab1/dev/project/cache/sam3_masks_hierarchical_three_view/IMG_2726_b9425d2a7c173518.png,cache/dinov3_hierarchical_three_view_features_adapted_routed/IMG_2726_b9425d2a7c173518.npz,0.17278442,0.2591958,0.18684186,0.38117793,0.041484065,1,0.17278442,0,0.08903694,2,0.38117793,3,0.09780493,2,0.048447102,1,0.16926464,1,0.0,-1,0.0,-1,0.0,-1,0.0,-1,0.0,-1,0.0,-1,0.0,-1,0.0,-1,0.0,-1,0.0,-1,0.0,-1,0.0,-1,0.0,-1,plot_4b6225fbc993b063f5b7,synthetic,46
2025_09_15_Re4StRes_T1_DSV/IMG_2728.JPG,1.0,1.3029833,0.7131672,0.5898161,0.2868328,0.30298328,0.30298328,13,1.0,0.998928781230836,0.9676564069894305,0,0.26407877,10,0.119814195,raw_full_image,/home/nfs/data/nvme_datasets/Pictures_CFSB_leaf_damage/2025_09_15_Re4StRes_T1_DSV/IMG_2728.JPG,/home/nfs/data/nvme_datasets/Pictures_CFSB_leaf_damage/2025_09_15_Re4StRes_T1_DSV/IMG_2728.JPG,/home/user/tabbakhab1/dev/project/cache/sam3_masks_hierarchical_three_view/IMG_2728_97397a705091c781.png,cache/dinov3_hierarchical_three_view_features_adapted_routed/IMG_2728_97397a705091c781.npz,0.26407877,0.23659208,0.2361747,0.26315445,0.043162204,3,0.09619339,0,0.10309429,0,0.07148471,2,0.033335086,3,0.077599145,2,0.03423753,3,0.0647911,0,0.08709086,2,0.11075143,3,0.119814195,1,0.11677789,1,0.04166821,3,0.0,-1,0.0,-1,0.0,-1,0.0,-1,0.0,-1,0.0,-1,0.0,-1,plot_d49e9b4578f7759ad81d,synthetic,46
2025_09_15_Re4StRes_T1_DSV/IMG_2734.JPG,2.0,1.7214632,1.3491302,0.37233305,0.65086985,-0.2785368,0.2785368,9,1.0,0.9860745632340624,0.8917532687071862,2,0.3298278,5,0.32982776,raw_full_image,/home/nfs/data/nvme_datasets/Pictures_CFSB_leaf_damage/2025_09_15_Re4StRes_T1_DSV/IMG_2734.JPG,/home/nfs/data/nvme_datasets/Pictures_CFSB_leaf_damage/2025_09_15_Re4StRes_T1_DSV/IMG_2734.JPG,/home/user/tabbakhab1/dev/project/cache/sam3_masks_hierarchical_three_view/IMG_2734_c237e78928541ac5.png,cache/dinov3_hierarchical_three_view_features_adapted_routed/IMG_2734_c237e78928541ac5.npz,0.19971085,0.2170421,0.3298278,0.2534193,0.09245332,0,0.10725749,0,0.028332647,3,0.032310806,3,0.12415044,1,0.32982776,2,0.09289165,1,0.067736864,3,0.12503898,3,0.0,-1,0.0,-1,0.0,-1,0.0,-1,0.0,-1,0.0,-1,0.0,-1,0.0,-1,0.0,-1,0.0,-1,0.0,-1,plot_01b5efb889367fd80c37,synthetic,46
2025_09_15_Re4StRes_T1_DSV/IMG_2738.JPG,5.0,4.157296,3.5455637,0.6117325,1.4544363,-0.8427038,0.8427038,11,1.0,0.9824060677680398,0.8191328693679341,2,0.32598165,2,0.28328925,raw_full_image,/home/nfs/data/nvme_datasets/Pictures_CFSB_leaf_damage/2025_09_15_Re4StRes_T1_DSV/IMG_2738.JPG,/home/nfs/data/nvme_datasets/Pictures_CFSB_leaf_damage/2025_09_15_Re4StRes_T1_DSV/IMG_2738.JPG,/home/user/tabbakhab1/dev/project/cache/sam3_masks_hierarchical_three_view/IMG_2738_cc2df34aad6d7965.png,cache/dinov3_hierarchical_three_view_features_adapted_routed/IMG_2738_cc2df34aad6d7965.npz,0.19511828,0.19892794,0.32598165,0.27997217,0.1085434,3,0.016622245,3,0.28328925,2,0.19892794,1,0.014987316,3,0.042692404,2,0.019647872,3,0.19511828,0,0.042689823,3,0.050546627,3,0.026934862,3,0.0,-1,0.0,-1,0.0,-1,0.0,-1,0.0,-1,0.0,-1,0.0,-1,0.0,-1,0.0,-1,plot_12108390b536c4fafa2e,synthetic,46
2025_09_15_Re4StRes_T1_DSV/IMG_2740.JPG,17.0,1.9322581,0.94036436,0.99189377,16.059635,-15.067741,15.067741,20,1.0,0.9983632568390156,0.9446136710148404,3,0.26516813,2,0.13466059,raw_full_image,/home/nfs/data/nvme_datasets/Pictures_CFSB_leaf_damage/2025_09_15_Re4StRes_T1_DSV/IMG_2740.JPG,/home/nfs/data/nvme_datasets/Pictures_CFSB_leaf_damage/2025_09_15_Re4StRes_T1_DSV/IMG_2740.JPG,/home/user/tabbakhab1/dev/project/cache/sam3_masks_hierarchical_three_view/IMG_2740_61a74af7d34d0df8.png,cache/dinov3_hierarchical_three_view_features_adapted_routed/IMG_2740_61a74af7d34d0df8.npz,0.2599293,0.25272065,0.22218189,0.26516813,0.056523584,3,0.020322172,2,0.13466059,0,0.023356166,2,0.04164922,1,0.041713998,1,0.12526871,0,0.040051587,1,0.020847397,2,0.045671314,1,0.02736863,2,0.049210895,3,0.037015855,1,0.037821524,2,0.02788082,2,0.060503405,3,0.037139483,2,0.027445704,2,0.09893025,3,0.046618696,1,plot_ae063f69796c01a65a5c,synthetic,46
2025_09_15_Re4StRes_T1_DSV/IMG_2741.JPG,6.0,1.5478392,0.6707039,0.8771353,5.329296,-4.452161,4.452161,15,1.0,0.996644861259934,0.9316770774096892,3,0.2856514,0,0.2220453,raw_full_image,/home/nfs/data/nvme_datasets/Pictures_CFSB_leaf_damage/2025_09_15_Re4StRes_T1_DSV/IMG_2741.JPG,/home/nfs/data/nvme_datasets/Pictures_CFSB_leaf_damage/2025_09_15_Re4StRes_T1_DSV/IMG_2741.JPG,/home/user/tabbakhab1/dev/project/cache/sam3_masks_hierarchical_three_view/IMG_2741_5f8f8d755253d054.png,cache/dinov3_hierarchical_three_view_features_adapted_routed/IMG_2741_5f8f8d755253d054.npz,0.23464769,0.25765565,0.2220453,0.2856514,0.2220453,2,0.036354233,1,0.06980767,0,0.061686028,3,0.096234635,3,0.074254416,3,0.053476304,3,0.075650916,0,0.029336322,1,0.089189105,0,0.050871175,1,0.027894305,1,0.0433814,1,0.031316523,1,0.038501702,1,0.0,-1,0.0,-1,0.0,-1,0.0,-1,0.0,-1,plot_ae063f69796c01a65a5c,synthetic,46
2025_09_15_Re4StRes_T1_DSV/IMG_2745.JPG,2.0,3.0257697,2.1596613,0.8661084,0.1596613,1.0257697,1.0257697,9,1.0,0.992348208837274,0.9411713622501108,2,0.2894089,8,0.20274141,raw_full_image,/home/nfs/data/nvme_datasets/Pictures_CFSB_leaf_damage/2025_09_15_Re4StRes_T1_DSV/IMG_2745.JPG,/home/nfs/data/nvme_datasets/Pictures_CFSB_leaf_damage/2025_09_15_Re4StRes_T1_DSV/IMG_2745.JPG,/home/user/tabbakhab1/dev/project/cache/sam3_masks_hierarchical_three_view/IMG_2745_2a054555bceec067.png,cache/dinov3_hierarchical_three_view_features_adapted_routed/IMG_2745_2a054555bceec067.npz,0.19903685,0.2335617,0.2894089,0.27799255,0.123341165,1,0.05469766,3,0.19903685,0,0.06143178,1,0.1510396,3,0.08666746,2,0.04878876,1,0.072255276,3,0.20274141,2,0.0,-1,0.0,-1,0.0,-1,0.0,-1,0.0,-1,0.0,-1,0.0,-1,0.0,-1,0.0,-1,0.0,-1,0.0,-1,plot_fa88e8aaf0b2e4ce53ce,synthetic,46
2025_09_15_Re4StRes_T1_DSV/IMG_2758.JPG,3.0,2.8482838,2.9037137,-0.055429935,0.0962863,-0.15171623,0.15171623,13,1.0,0.9938318204774114,0.9557011046732222,3,0.28449193,0,0.15952976,raw_full_image,/home/nfs/data/nvme_datasets/Pictures_CFSB_leaf_damage/2025_09_15_Re4StRes_T1_DSV/IMG_2758.JPG,/home/nfs/data/nvme_datasets/Pictures_CFSB_leaf_damage/2025_09_15_Re4StRes_T1_DSV/IMG_2758.JPG,/home/user/tabbakhab1/dev/project/cache/sam3_masks_hierarchical_three_view/IMG_2758_4c9e4d47334d3aab.png,cache/dinov3_hierarchical_three_view_features_adapted_routed/IMG_2758_4c9e4d47334d3aab.npz,0.23884964,0.20229869,0.27435973,0.28449193,0.15952976,0,0.036707032,1,0.02812585,2,0.11983325,2,0.059478022,3,0.071723334,2,0.056326598,1,0.079319894,0,0.062012088,1,0.047252968,1,0.09000563,3,0.13500828,3,0.054677315,2,0.0,-1,0.0,-1,0.0,-1,0.0,-1,0.0,-1,0.0,-1,0.0,-1,plot_0638fea60d60117179b5,synthetic,46
2025_09_15_Re4StRes_T1_DSV/IMG_2766.JPG,2.0,0.5969577,0.11138153,0.48557615,1.8886185,-1.4030423,1.4030423,13,1.0,0.9890259520308652,0.91505473668583,2,0.32184508,11,0.24367993,raw_full_image,/home/nfs/data/nvme_datasets/Pictures_CFSB_leaf_damage/2025_09_15_Re4StRes_T1_DSV/IMG_2766.JPG,/home/nfs/data/nvme_datasets/Pictures_CFSB_leaf_damage/2025_09_15_Re4StRes_T1_DSV/IMG_2766.JPG,/home/user/tabbakhab1/dev/project/cache/sam3_masks_hierarchical_three_view/IMG_2766_471d95de9bc74e14.png,cache/dinov3_hierarchical_three_view_features_adapted_routed/IMG_2766_471d95de9bc74e14.npz,0.20121889,0.24367993,0.32184508,0.2332561,0.09594464,3,0.13731146,3,0.040209617,2,0.03560137,0,0.041193735,0,0.038256716,2,0.10276131,2,0.04478378,0,0.059760373,2,0.041351248,0,0.038288757,0,0.24367993,1,0.08085705,2,0.0,-1,0.0,-1,0.0,-1,0.0,-1,0.0,-1,0.0,-1,0.0,-1,plot_4e337111532d455af776,synthetic,46
2025_09_15_Re4StRes_T1_DSV/IMG_2775.JPG,4.0,5.3090706,4.008483,1.3005877,0.008482933,1.3090706,1.3090706,20,1.0,0.9865437059968706,0.9070486591332964,0,0.33185577,0,0.2172545,raw_full_image,/home/nfs/data/nvme_datasets/Pictures_CFSB_leaf_damage/2025_09_15_Re4StRes_T1_DSV/IMG_2775.JPG,/home/nfs/data/nvme_datasets/Pictures_CFSB_leaf_damage/2025_09_15_Re4StRes_T1_DSV/IMG_2775.JPG,/home/user/tabbakhab1/dev/project/cache/sam3_masks_hierarchical_three_view/IMG_2775_78e8eea0ad768fe6.png,cache/dinov3_hierarchical_three_view_features_adapted_routed/IMG_2775_78e8eea0ad768fe6.npz,0.33185577,0.23137958,0.1995541,0.23721053,0.2172545,0,0.114701554,3,0.031077748,2,0.046455856,0,0.06086738,1,0.038540117,1,0.027587546,2,0.03240715,1,0.050545525,3,0.034985524,2,0.07196346,3,0.016101614,1,0.068145424,0,0.023020627,1,0.016378688,1,0.024435835,2,0.020970713,1,0.042173598,2,0.023093302,1,0.039293874,2,plot_e4ebac91f2d79ec081b7,synthetic,46
2025_09_15_Re4StRes_T1_DSV/IMG_2785.JPG,11.0,4.8167543,3.7512,1.0655544,7.2488003,-6.1832457,6.1832457,20,1.0,0.99007479431016,0.9415164926915408,2,0.32392615,3,0.1299535,raw_full_image,/home/nfs/data/nvme_datasets/Pictures_CFSB_leaf_damage/2025_09_15_Re4StRes_T1_DSV/IMG_2785.JPG,/home/nfs/data/nvme_datasets/Pictures_CFSB_leaf_damage/2025_09_15_Re4StRes_T1_DSV/IMG_2785.JPG,/home/user/tabbakhab1/dev/project/cache/sam3_masks_hierarchical_three_view/IMG_2785_35e19126400bd6ca.png,cache/dinov3_hierarchical_three_view_features_adapted_routed/IMG_2785_35e19126400bd6ca.npz,0.22591451,0.22539675,0.32392615,0.22476265,0.055335134,0,0.10743339,2,0.02355024,1,0.1299535,2,0.045340355,1,0.042309243,3,0.018531332,1,0.06499816,3,0.016437843,1,0.017074313,1,0.033352774,1,0.017494705,1,0.045738842,0,0.046794277,3,0.01976478,1,0.08653925,2,0.052798696,0,0.07066097,3,0.07204183,0,0.033850405,1,plot_588a5e4f50bc05cd2744,synthetic,46
2025_09_15_Re4StRes_T1_DSV/IMG_2790.JPG,1.0,1.2044091,0.5238433,0.68056583,0.4761567,0.20440912,0.20440912,15,1.0,0.9983088716525628,0.9545241221553996,3,0.27165845,5,0.14209308,raw_full_image,/home/nfs/data/nvme_datasets/Pictures_CFSB_leaf_damage/2025_09_15_Re4StRes_T1_DSV/IMG_2790.JPG,/home/nfs/data/nvme_datasets/Pictures_CFSB_leaf_damage/2025_09_15_Re4StRes_T1_DSV/IMG_2790.JPG,/home/user/tabbakhab1/dev/project/cache/sam3_masks_hierarchical_three_view/IMG_2790_d58a9243b1d59c6b.png,cache/dinov3_hierarchical_three_view_features_adapted_routed/IMG_2790_d58a9243b1d59c6b.npz,0.25424656,0.25004813,0.22404683,0.27165845,0.021408098,2,0.048628747,3,0.018593196,2,0.107955076,1,0.0888159,0,0.14209308,1,0.0690153,3,0.02806277,2,0.06661702,0,0.081427105,3,0.072587326,3,0.05616939,2,0.044326197,2,0.055487204,2,0.09881365,0,0.0,-1,0.0,-1,0.0,-1,0.0,-1,0.0,-1,plot_decf5592092ca2554caf,synthetic,46
2025_09_15_Re4StRes_T1_DSV/IMG_2796.JPG,1.0,1.1996341,0.16614485,1.0334892,0.83385515,0.19963408,0.19963408,19,1.0,0.9742829104816394,0.942061843905576,2,0.36962616,18,0.11991337,raw_full_image,/home/nfs/data/nvme_datasets/Pictures_CFSB_leaf_damage/2025_09_15_Re4StRes_T1_DSV/IMG_2796.JPG,/home/nfs/data/nvme_datasets/Pictures_CFSB_leaf_damage/2025_09_15_Re4StRes_T1_DSV/IMG_2796.JPG,/home/user/tabbakhab1/dev/project/cache/sam3_masks_hierarchical_three_view/IMG_2796_7d1cb2fffa759329.png,cache/dinov3_hierarchical_three_view_features_adapted_routed/IMG_2796_7d1cb2fffa759329.npz,0.21989305,0.19724022,0.36962616,0.21324061,0.10893147,3,0.017079873,2,0.048452787,1,0.04624679,1,0.037126586,0,0.10430914,3,0.041791823,0,0.039313953,2,0.026567508,2,0.044182677,0,0.015745036,2,0.042569675,0,0.054222286,0,0.07052781,2,0.018523982,2,0.10254064,1,0.030714447,2,0.031240202,2,0.11991337,2,0.0,-1,plot_b4f665cae11a1867c3fa,synthetic,46
2025_09_15_Re4StRes_T1_DSV/IMG_2807.JPG,2.0,1.690495,0.9320464,0.7584486,1.0679536,-0.309505,0.309505,18,1.0,0.9905721808165476,0.9705159487179982,1,0.31671277,15,0.1254617,raw_full_image,/home/nfs/data/nvme_datasets/Pictures_CFSB_leaf_damage/2025_09_15_Re4StRes_T1_DSV/IMG_2807.JPG,/home/nfs/data/nvme_datasets/Pictures_CFSB_leaf_damage/2025_09_15_Re4StRes_T1_DSV/IMG_2807.JPG,/home/user/tabbakhab1/dev/project/cache/sam3_masks_hierarchical_three_view/IMG_2807_10e683becab8a075.png,cache/dinov3_hierarchical_three_view_features_adapted_routed/IMG_2807_10e683becab8a075.npz,0.22495162,0.31671277,0.24937327,0.20896232,0.034206487,1,0.07046383,3,0.0377521,0,0.0628268,3,0.036362913,2,0.024137713,1,0.06190819,0,0.07567171,3,0.045504637,0,0.031866707,1,0.051117677,2,0.038431287,0,0.042944033,1,0.041355442,0,0.07808646,2,0.1254617,1,0.08380624,2,0.05809614,1,0.0,-1,0.0,-1,plot_57ca9ea9ad1127350a7a,synthetic,46
2025_09_15_Re4StRes_T1_DSV/IMG_2812.JPG,1.0,3.383901,2.2596955,1.1242054,1.2596955,2.383901,2.383901,20,1.0,0.9908039556686165,0.9744201201637306,3,0.319232,8,0.118719675,raw_full_image,/home/nfs/data/nvme_datasets/Pictures_CFSB_leaf_damage/2025_09_15_Re4StRes_T1_DSV/IMG_2812.JPG,/home/nfs/data/nvme_datasets/Pictures_CFSB_leaf_damage/2025_09_15_Re4StRes_T1_DSV/IMG_2812.JPG,/home/user/tabbakhab1/dev/project/cache/sam3_masks_hierarchical_three_view/IMG_2812_902247d4cc8dcc70.png,cache/dinov3_hierarchical_three_view_features_adapted_routed/IMG_2812_902247d4cc8dcc70.npz,0.24024513,0.21655901,0.22396383,0.319232,0.030546775,0,0.05975509,3,0.038129702,2,0.033080075,0,0.066757925,3,0.044153254,1,0.056592543,2,0.06710735,2,0.118719675,3,0.04598049,3,0.024689902,0,0.028018814,3,0.052364465,1,0.037772212,0,0.051724035,1,0.029415937,0,0.047154527,0,0.06831726,1,0.06213425,2,0.037585713,0,plot_c63973f869024d2007d6,synthetic,46
2025_09_15_Re4StRes_T1_DSV/IMG_2813.JPG,4.0,2.2831655,1.5478754,0.73529005,2.4521246,-1.7168345,1.7168345,19,1.0,0.9940947534927952,0.9696522342963972,2,0.30538106,7,0.1072881,raw_full_image,/home/nfs/data/nvme_datasets/Pictures_CFSB_leaf_damage/2025_09_15_Re4StRes_T1_DSV/IMG_2813.JPG,/home/nfs/data/nvme_datasets/Pictures_CFSB_leaf_damage/2025_09_15_Re4StRes_T1_DSV/IMG_2813.JPG,/home/user/tabbakhab1/dev/project/cache/sam3_masks_hierarchical_three_view/IMG_2813_92cde09ee94ee5cd.png,cache/dinov3_hierarchical_three_view_features_adapted_routed/IMG_2813_92cde09ee94ee5cd.npz,0.23945343,0.23365758,0.30538106,0.22150797,0.03203843,0,0.042523563,0,0.08445645,1,0.07235794,2,0.026072342,3,0.04277101,0,0.036684744,3,0.1072881,2,0.0261603,3,0.033718377,0,0.034961987,0,0.06650226,1,0.07387028,2,0.08269885,1,0.051864695,2,0.029867364,3,0.036461256,3,0.053440057,0,0.06626195,3,0.0,-1,plot_c63973f869024d2007d6,synthetic,46
2025_09_15_Re4StRes_T1_DSV/IMG_2818.JPG,5.0,2.1206956,1.3173995,0.8032961,3.6826005,-2.8793044,2.8793044,20,1.0,0.984152002058693,0.8930036156708042,3,0.32631707,5,0.22439198,raw_full_image,/home/nfs/data/nvme_datasets/Pictures_CFSB_leaf_damage/2025_09_15_Re4StRes_T1_DSV/IMG_2818.JPG,/home/nfs/data/nvme_datasets/Pictures_CFSB_leaf_damage/2025_09_15_Re4StRes_T1_DSV/IMG_2818.JPG,/home/user/tabbakhab1/dev/project/cache/sam3_masks_hierarchical_three_view/IMG_2818_f0a57ed52814ae79.png,cache/dinov3_hierarchical_three_view_features_adapted_routed/IMG_2818_f0a57ed52814ae79.npz,0.1907463,0.27010947,0.21282716,0.32631707,0.018278714,1,0.06338381,2,0.014872874,1,0.10192511,3,0.03706754,0,0.22439198,3,0.03864472,1,0.01950736,1,0.014306252,1,0.055157192,2,0.034869436,0,0.07782515,1,0.042797558,0,0.015759906,1,0.021463962,1,0.037406377,0,0.030428791,1,0.019021755,1,0.09428615,2,0.0386054,0,plot_ff22be3ef1b30dc11796,synthetic,46
2025_09_15_Re4StRes_T1_DSV/IMG_2823.JPG,3.0,1.9031672,1.3737035,0.52946377,1.6262965,-1.0968328,1.0968328,20,1.0,0.9952124996361968,0.9848465863451682,2,0.29753056,19,0.09032553,raw_full_image,/home/nfs/data/nvme_datasets/Pictures_CFSB_leaf_damage/2025_09_15_Re4StRes_T1_DSV/IMG_2823.JPG,/home/nfs/data/nvme_datasets/Pictures_CFSB_leaf_damage/2025_09_15_Re4StRes_T1_DSV/IMG_2823.JPG,/home/user/tabbakhab1/dev/project/cache/sam3_masks_hierarchical_three_view/IMG_2823_bff105e769cab277.png,cache/dinov3_hierarchical_three_view_features_adapted_routed/IMG_2823_bff105e769cab277.npz,0.22852454,0.2237382,0.29753056,0.2502067,0.045296993,0,0.04950813,3,0.03317875,0,0.051982954,1,0.079751424,2,0.04306424,3,0.06811189,1,0.03771846,0,0.047889438,1,0.034026563,0,0.035374913,2,0.035355102,2,0.0699331,3,0.036497742,0,0.05672362,2,0.04180602,0,0.05575392,1,0.038158026,3,0.049543217,3,0.09032553,2,plot_463fbe86ab5f5a3963dd,synthetic,46
2025_09_15_Re4StRes_T1_DSV/IMG_2828.JPG,1.0,1.6607552,1.2712522,0.389503,0.27125216,0.66075516,0.66075516,20,1.0,0.9964494996491016,0.9541853410066462,3,0.2917579,13,0.16500469,raw_full_image,/home/nfs/data/nvme_datasets/Pictures_CFSB_leaf_damage/2025_09_15_Re4StRes_T1_DSV/IMG_2828.JPG,/home/nfs/data/nvme_datasets/Pictures_CFSB_leaf_damage/2025_09_15_Re4StRes_T1_DSV/IMG_2828.JPG,/home/user/tabbakhab1/dev/project/cache/sam3_masks_hierarchical_three_view/IMG_2828_a074c8ba05172a96.png,cache/dinov3_hierarchical_three_view_features_adapted_routed/IMG_2828_a074c8ba05172a96.npz,0.23324193,0.24729018,0.22770995,0.2917579,0.0452426,3,0.04008424,0,0.0321027,2,0.033445213,1,0.043017946,3,0.033927083,1,0.030687725,0,0.049911916,0,0.038492724,3,0.04839464,1,0.042103723,2,0.09286671,1,0.038656533,1,0.16500469,3,0.036784075,0,0.03437132,2,0.03856933,0,0.033658773,2,0.037204664,0,0.08547343,2,plot_cdc03d060fabf9cda7b5,synthetic,46
2025_09_15_Re4StRes_T1_DSV/IMG_2832.JPG,18.0,2.1232991,1.3615103,0.76178885,16.638489,-15.876701,15.876701,20,1.0,0.9940648979495096,0.9776864913828396,3,0.2910916,5,0.13141312,raw_full_image,/home/nfs/data/nvme_datasets/Pictures_CFSB_leaf_damage/2025_09_15_Re4StRes_T1_DSV/IMG_2832.JPG,/home/nfs/data/nvme_datasets/Pictures_CFSB_leaf_damage/2025_09_15_Re4StRes_T1_DSV/IMG_2832.JPG,/home/user/tabbakhab1/dev/project/cache/sam3_masks_hierarchical_three_view/IMG_2832_f1d78bc5084cf845.png,cache/dinov3_hierarchical_three_view_features_adapted_routed/IMG_2832_f1d78bc5084cf845.npz,0.25622392,0.2019575,0.250727,0.2910916,0.050927904,1,0.054599132,1,0.04306602,0,0.044703037,2,0.063510865,2,0.13141312,3,0.065984,0,0.0397175,3,0.048131023,1,0.049578693,0,0.033219308,2,0.043801337,3,0.03061499,3,0.031488363,2,0.037975706,2,0.045557763,0,0.052037455,0,0.048299443,1,0.045544643,3,0.039829724,2,plot_043f66e99d1614656004,synthetic,46
2025_09_15_Re4StRes_T1_DSV/IMG_2834.JPG,3.0,2.3029633,1.4373527,0.8656106,1.5626473,-0.69703674,0.69703674,20,1.0,0.9954506709155022,0.9678838917890176,0,0.29014614,14,0.095042415,raw_full_image,/home/nfs/data/nvme_datasets/Pictures_CFSB_leaf_damage/2025_09_15_Re4StRes_T1_DSV/IMG_2834.JPG,/home/nfs/data/nvme_datasets/Pictures_CFSB_leaf_damage/2025_09_15_Re4StRes_T1_DSV/IMG_2834.JPG,/home/user/tabbakhab1/dev/project/cache/sam3_masks_hierarchical_three_view/IMG_2834_7965fba9accb088c.png,cache/dinov3_hierarchical_three_view_features_adapted_routed/IMG_2834_7965fba9accb088c.npz,0.29014614,0.21104115,0.25235802,0.2464547,0.07499121,3,0.07784513,0,0.024739614,2,0.035558637,2,0.06811694,0,0.04128797,1,0.080735736,0,0.07642109,3,0.023866877,1,0.029165635,1,0.03783376,2,0.027646469,1,0.040580485,2,0.027093513,1,0.095042415,3,0.06344833,0,0.049602885,2,0.031801693,1,0.030178996,1,0.06404263,2,plot_043f66e99d1614656004,synthetic,46
2025_09_15_Re4StRes_T1_DSV/IMG_2844.JPG,1.0,2.1044407,1.4029508,0.7014899,0.40295076,1.1044407,1.1044407,20,1.0,0.9986274607503286,0.9825870223289276,1,0.27596977,6,0.098030224,raw_full_image,/home/nfs/data/nvme_datasets/Pictures_CFSB_leaf_damage/2025_09_15_Re4StRes_T1_DSV/IMG_2844.JPG,/home/nfs/data/nvme_datasets/Pictures_CFSB_leaf_damage/2025_09_15_Re4StRes_T1_DSV/IMG_2844.JPG,/home/user/tabbakhab1/dev/project/cache/sam3_masks_hierarchical_three_view/IMG_2844_37e3524b92340c3b.png,cache/dinov3_hierarchical_three_view_features_adapted_routed/IMG_2844_37e3524b92340c3b.npz,0.24504226,0.27596977,0.24441195,0.23457602,0.06998117,3,0.05569799,2,0.06654886,1,0.058169793,1,0.03665112,1,0.04116601,0,0.098030224,3,0.03111966,0,0.03830198,2,0.03602341,0,0.06656462,3,0.048120543,2,0.049801417,2,0.038513876,0,0.02693053,0,0.032734927,0,0.06200973,1,0.052490026,2,0.05259028,1,0.038553864,0,plot_f0879f07e7b82b6cbf3c,synthetic,46
2025_09_15_Re4StRes_T1_DSV/IMG_2858.JPG,2.0,3.3263702,2.4377708,0.8885994,0.43777084,1.3263702,1.3263702,20,1.0,0.9924120732534116,0.9487895829365022,3,0.2930424,0,0.13438337,raw_full_image,/home/nfs/data/nvme_datasets/Pictures_CFSB_leaf_damage/2025_09_15_Re4StRes_T1_DSV/IMG_2858.JPG,/home/nfs/data/nvme_datasets/Pictures_CFSB_leaf_damage/2025_09_15_Re4StRes_T1_DSV/IMG_2858.JPG,/home/user/tabbakhab1/dev/project/cache/sam3_masks_hierarchical_three_view/IMG_2858_eef221ba137d2d3f.png,cache/dinov3_hierarchical_three_view_features_adapted_routed/IMG_2858_eef221ba137d2d3f.npz,0.26485136,0.24714988,0.19495632,0.2930424,0.13438337,1,0.102716945,3,0.05349244,3,0.0343423,2,0.056289677,0,0.021855345,0,0.11276654,1,0.037442002,0,0.048443384,2,0.022863489,0,0.03275277,2,0.023917804,0,0.03881276,3,0.033521872,2,0.045896005,2,0.044320107,3,0.049717408,0,0.05370016,3,0.02723609,0,0.025529582,0,plot_49332c73775f577459b5,synthetic,46
2025_09_15_Re4StRes_T1_DSV/IMG_2859.JPG,9.0,1.5617638,0.8230524,0.73871136,8.176948,-7.438236,7.438236,20,1.0,0.9995641056403862,0.9760581489916196,1,0.25753844,17,0.08128033,raw_full_image,/home/nfs/data/nvme_datasets/Pictures_CFSB_leaf_damage/2025_09_15_Re4StRes_T1_DSV/IMG_2859.JPG,/home/nfs/data/nvme_datasets/Pictures_CFSB_leaf_damage/2025_09_15_Re4StRes_T1_DSV/IMG_2859.JPG,/home/user/tabbakhab1/dev/project/cache/sam3_masks_hierarchical_three_view/IMG_2859_1a1ea7fd763f0a74.png,cache/dinov3_hierarchical_three_view_features_adapted_routed/IMG_2859_1a1ea7fd763f0a74.npz,0.23606297,0.25753844,0.24946526,0.25693336,0.051245544,1,0.07992931,0,0.0753558,0,0.031823896,2,0.02532956,2,0.029826684,2,0.06648778,3,0.046408683,3,0.080777876,0,0.06275657,3,0.058008473,1,0.0237613,2,0.047288045,1,0.046617012,1,0.027814988,2,0.029959613,2,0.03736544,2,0.08128033,3,0.043583766,2,0.05437935,1,plot_ebd4356cb69020d146d3,synthetic,46
2025_09_15_Re4StRes_T1_DSV/IMG_2863.JPG,1.0,1.3071756,0.28801298,1.0191627,0.711987,0.30717564,0.30717564,20,1.0,0.991387310998495,0.9713201666153878,2,0.30078503,11,0.15431361,raw_full_image,/home/nfs/data/nvme_datasets/Pictures_CFSB_leaf_damage/2025_09_15_Re4StRes_T1_DSV/IMG_2863.JPG,/home/nfs/data/nvme_datasets/Pictures_CFSB_leaf_damage/2025_09_15_Re4StRes_T1_DSV/IMG_2863.JPG,/home/user/tabbakhab1/dev/project/cache/sam3_masks_hierarchical_three_view/IMG_2863_ae88dbe81356a178.png,cache/dinov3_hierarchical_three_view_features_adapted_routed/IMG_2863_ae88dbe81356a178.npz,0.23489308,0.19705525,0.30078503,0.26726666,0.0336583,0,0.04453253,1,0.045041688,1,0.036117733,3,0.040169936,2,0.040374245,0,0.05363261,1,0.04753201,3,0.03991112,0,0.037487615,3,0.051990483,2,0.15431361,2,0.032693084,0,0.03961654,0,0.048639778,0,0.054641433,3,0.044566818,3,0.05431099,2,0.053848416,1,0.046921037,3,plot_f0c559e92e25adfd20fd,synthetic,46
2025_09_15_Re4StRes_T1_DSV/IMG_2866.JPG,1.0,2.726224,1.8151193,0.9111047,0.81511927,1.726224,1.726224,18,1.0,0.9989716126271404,0.9466658108488072,0,0.269114,6,0.14957339,raw_full_image,/home/nfs/data/nvme_datasets/Pictures_CFSB_leaf_damage/2025_09_15_Re4StRes_T1_DSV/IMG_2866.JPG,/home/nfs/data/nvme_datasets/Pictures_CFSB_leaf_damage/2025_09_15_Re4StRes_T1_DSV/IMG_2866.JPG,/home/user/tabbakhab1/dev/project/cache/sam3_masks_hierarchical_three_view/IMG_2866_c7d858be47476ee5.png,cache/dinov3_hierarchical_three_view_features_adapted_routed/IMG_2866_c7d858be47476ee5.npz,0.269114,0.23187327,0.24641581,0.25259694,0.0213087,3,0.023880376,3,0.04433987,1,0.052451286,0,0.0757991,0,0.09509907,0,0.14957339,2,0.03245882,1,0.07763121,3,0.033337995,1,0.045764517,0,0.04360176,3,0.025290284,3,0.026700953,3,0.076402545,1,0.034183677,3,0.09684243,2,0.04533405,1,0.0,-1,0.0,-1,plot_d7b8935e967a38afc8af,synthetic,46
2025_09_15_Re4StRes_T1_DSV/IMG_2874.JPG,1.0,0.69176626,0.51498365,0.17678261,0.48501635,-0.30823374,0.30823374,14,1.0,0.9972335475672828,0.9647533838013608,3,0.273234,9,0.15326333,raw_full_image,/home/nfs/data/nvme_datasets/Pictures_CFSB_leaf_damage/2025_09_15_Re4StRes_T1_DSV/IMG_2874.JPG,/home/nfs/data/nvme_datasets/Pictures_CFSB_leaf_damage/2025_09_15_Re4StRes_T1_DSV/IMG_2874.JPG,/home/user/tabbakhab1/dev/project/cache/sam3_masks_hierarchical_three_view/IMG_2874_df7b52f2d7245abe.png,cache/dinov3_hierarchical_three_view_features_adapted_routed/IMG_2874_df7b52f2d7245abe.npz,0.21856426,0.24119614,0.2670056,0.273234,0.040117677,3,0.04092053,3,0.08532189,1,0.038932487,3,0.07965882,1,0.1098441,0,0.10872015,0,0.048500597,2,0.076215446,1,0.15326333,3,0.04584295,2,0.05838683,2,0.053586427,2,0.060688797,2,0.0,-1,0.0,-1,0.0,-1,0.0,-1,0.0,-1,0.0,-1,plot_d2d9c664f2153b1e0828,synthetic,46
2025_09_15_Re4StRes_T1_DSV/IMG_2876.JPG,6.0,2.5664515,1.8810163,0.6854353,4.1189837,-3.4335485,3.4335485,20,1.0,0.9984111157578556,0.9479085249774184,3,0.27740887,1,0.15224852,raw_full_image,/home/nfs/data/nvme_datasets/Pictures_CFSB_leaf_damage/2025_09_15_Re4StRes_T1_DSV/IMG_2876.JPG,/home/nfs/data/nvme_datasets/Pictures_CFSB_leaf_damage/2025_09_15_Re4StRes_T1_DSV/IMG_2876.JPG,/home/user/tabbakhab1/dev/project/cache/sam3_masks_hierarchical_three_view/IMG_2876_cf3dbad72e6f9672.png,cache/dinov3_hierarchical_three_view_features_adapted_routed/IMG_2876_cf3dbad72e6f9672.npz,0.23327711,0.24066852,0.24864553,0.27740887,0.026411394,1,0.15224852,0,0.06182893,2,0.02661073,1,0.031645894,2,0.027706845,1,0.08179077,3,0.027971689,2,0.0763269,1,0.0355357,3,0.026675873,2,0.03357963,3,0.024360834,2,0.027577722,1,0.047867555,2,0.05653281,3,0.028294755,2,0.05603491,1,0.081028596,0,0.06996996,3,plot_d2d9c664f2153b1e0828,synthetic,46
2025_09_15_Re4StRes_T1_DSV/IMG_2882.JPG,1.0,0.9151983,0.3118105,0.60338783,0.6881895,-0.084801674,0.084801674,18,1.0,0.9968833136647808,0.985572127602111,3,0.28705302,6,0.09654148,raw_full_image,/home/nfs/data/nvme_datasets/Pictures_CFSB_leaf_damage/2025_09_15_Re4StRes_T1_DSV/IMG_2882.JPG,/home/nfs/data/nvme_datasets/Pictures_CFSB_leaf_damage/2025_09_15_Re4StRes_T1_DSV/IMG_2882.JPG,/home/user/tabbakhab1/dev/project/cache/sam3_masks_hierarchical_three_view/IMG_2882_e0d9a15b06d0d6fd.png,cache/dinov3_hierarchical_three_view_features_adapted_routed/IMG_2882_e0d9a15b06d0d6fd.npz,0.25115407,0.22409979,0.23769312,0.28705302,0.083692506,0,0.043483973,2,0.032750033,3,0.04247588,1,0.042953946,1,0.046389572,2,0.09654148,0,0.06157063,3,0.044989657,2,0.07561037,3,0.039660502,1,0.046360992,1,0.07092008,0,0.048870232,2,0.06831031,3,0.048811674,3,0.053959694,2,0.052648477,1,0.0,-1,0.0,-1,plot_d89a8bcf8d0d7729813c,synthetic,46
2025_09_15_Re4StRes_T1_DSV/IMG_2883.JPG,1.0,1.8572984,0.88029766,0.9770007,0.11970234,0.8572984,0.8572984,20,1.0,0.998394679166883,0.9637554173898436,2,0.2776182,15,0.10996082,raw_full_image,/home/nfs/data/nvme_datasets/Pictures_CFSB_leaf_damage/2025_09_15_Re4StRes_T1_DSV/IMG_2883.JPG,/home/nfs/data/nvme_datasets/Pictures_CFSB_leaf_damage/2025_09_15_Re4StRes_T1_DSV/IMG_2883.JPG,/home/user/tabbakhab1/dev/project/cache/sam3_masks_hierarchical_three_view/IMG_2883_ca7dfc4f6ae554dd.png,cache/dinov3_hierarchical_three_view_features_adapted_routed/IMG_2883_ca7dfc4f6ae554dd.npz,0.24396312,0.24624734,0.2776182,0.23217139,0.058541488,3,0.052376486,3,0.025565436,1,0.042058993,1,0.04187315,3,0.03457825,0,0.036516353,1,0.081802435,2,0.026280038,1,0.036750767,0,0.07938026,3,0.046753593,0,0.02295039,1,0.032053486,1,0.041963656,0,0.10996082,2,0.026233803,1,0.03458884,1,0.08585495,2,0.08391684,0,plot_9d01cfe64d34d5079290,synthetic,46
2025_09_15_Re4StRes_T1_DSV/IMG_2893.JPG,1.0,0.65299654,0.6350064,0.017990112,0.36499357,-0.34700346,0.34700346,12,1.0,0.9955725722404872,0.9575297661464752,3,0.2972909,3,0.1489947,raw_full_image,/home/nfs/data/nvme_datasets/Pictures_CFSB_leaf_damage/2025_09_15_Re4StRes_T1_DSV/IMG_2893.JPG,/home/nfs/data/nvme_datasets/Pictures_CFSB_leaf_damage/2025_09_15_Re4StRes_T1_DSV/IMG_2893.JPG,/home/user/tabbakhab1/dev/project/cache/sam3_masks_hierarchical_three_view/IMG_2893_5407cda79b1683e1.png,cache/dinov3_hierarchical_three_view_features_adapted_routed/IMG_2893_5407cda79b1683e1.npz,0.24036402,0.2392154,0.22312966,0.2972909,0.0734522,2,0.047409102,1,0.14829618,3,0.1489947,3,0.123432845,0,0.11693116,0,0.046121202,1,0.045449965,1,0.038006235,1,0.06979732,2,0.07988015,2,0.06222891,1,0.0,-1,0.0,-1,0.0,-1,0.0,-1,0.0,-1,0.0,-1,0.0,-1,0.0,-1,plot_173aba14c5464b12bb95,synthetic,46
2025_09_15_Re4StRes_T1_DSV/IMG_2894.JPG,5.0,2.721375,2.30014,0.42123508,2.69986,-2.278625,2.278625,16,1.0,0.9923401131800248,0.9442073750351292,2,0.28613022,14,0.14156702,raw_full_image,/home/nfs/data/nvme_datasets/Pictures_CFSB_leaf_damage/2025_09_15_Re4StRes_T1_DSV/IMG_2894.JPG,/home/nfs/data/nvme_datasets/Pictures_CFSB_leaf_damage/2025_09_15_Re4StRes_T1_DSV/IMG_2894.JPG,/home/user/tabbakhab1/dev/project/cache/sam3_masks_hierarchical_three_view/IMG_2894_c84c822333a44ac2.png,cache/dinov3_hierarchical_three_view_features_adapted_routed/IMG_2894_c84c822333a44ac2.npz,0.1910645,0.257962,0.28613022,0.2648433,0.062804155,3,0.028995553,1,0.09342051,2,0.031148165,1,0.024652706,1,0.13691595,2,0.060472142,3,0.02888992,1,0.037937023,1,0.055793755,2,0.072997004,0,0.08436238,1,0.045259323,0,0.021976246,1,0.14156702,3,0.07280819,0,0.0,-1,0.0,-1,0.0,-1,0.0,-1,plot_173aba14c5464b12bb95,synthetic,46
2025_09_15_Re4StRes_T1_DSV/IMG_2895.JPG,25.0,3.4150743,3.730823,-0.3157487,21.269176,-21.584927,21.584927,9,1.0,0.9808597732762044,0.954999653890558,2,0.317664,6,0.18917273,raw_full_image,/home/nfs/data/nvme_datasets/Pictures_CFSB_leaf_damage/2025_09_15_Re4StRes_T1_DSV/IMG_2895.JPG,/home/nfs/data/nvme_datasets/Pictures_CFSB_leaf_damage/2025_09_15_Re4StRes_T1_DSV/IMG_2895.JPG,/home/user/tabbakhab1/dev/project/cache/sam3_masks_hierarchical_three_view/IMG_2895_27ff2afd54c0a25e.png,cache/dinov3_hierarchical_three_view_features_adapted_routed/IMG_2895_27ff2afd54c0a25e.npz,0.24922688,0.27017757,0.317664,0.16293147,0.08152155,1,0.0563218,0,0.08395017,3,0.14057869,0,0.07898132,3,0.18865605,1,0.18917273,2,0.1284913,2,0.05232643,0,0.0,-1,0.0,-1,0.0,-1,0.0,-1,0.0,-1,0.0,-1,0.0,-1,0.0,-1,0.0,-1,0.0,-1,0.0,-1,plot_5b92a0664e4fb6d58534,synthetic,46
2025_09_15_Re4StRes_T1_DSV/IMG_2900.JPG,15.0,2.6082382,2.5893335,0.018904686,12.410666,-12.391762,12.391762,6,1.0,0.9909887057575608,0.9609672962129991,2,0.30813107,1,0.24204883,raw_full_image,/home/nfs/data/nvme_datasets/Pictures_CFSB_leaf_damage/2025_09_15_Re4StRes_T1_DSV/IMG_2900.JPG,/home/nfs/data/nvme_datasets/Pictures_CFSB_leaf_damage/2025_09_15_Re4StRes_T1_DSV/IMG_2900.JPG,/home/user/tabbakhab1/dev/project/cache/sam3_masks_hierarchical_three_view/IMG_2900_3a993b1f885acc1d.png,cache/dinov3_hierarchical_three_view_features_adapted_routed/IMG_2900_3a993b1f885acc1d.npz,0.22709915,0.2025139,0.30813107,0.2622559,0.23054929,3,0.24204883,2,0.07575651,1,0.10876447,3,0.15661944,2,0.18626143,1,0.0,-1,0.0,-1,0.0,-1,0.0,-1,0.0,-1,0.0,-1,0.0,-1,0.0,-1,0.0,-1,0.0,-1,0.0,-1,0.0,-1,0.0,-1,0.0,-1,plot_d667cdaecff8d0c52a9e,synthetic,46
2025_09_15_Re4StRes_T1_DSV/IMG_2908.JPG,2.0,0.69965696,0.5547738,0.14488316,1.4452262,-1.300343,1.300343,12,1.0,0.9822540721769136,0.8609671810589133,1,0.3411213,2,0.35758024,raw_full_image,/home/nfs/data/nvme_datasets/Pictures_CFSB_leaf_damage/2025_09_15_Re4StRes_T1_DSV/IMG_2908.JPG,/home/nfs/data/nvme_datasets/Pictures_CFSB_leaf_damage/2025_09_15_Re4StRes_T1_DSV/IMG_2908.JPG,/home/user/tabbakhab1/dev/project/cache/sam3_masks_hierarchical_three_view/IMG_2908_d1e74b1fad9304c5.png,cache/dinov3_hierarchical_three_view_features_adapted_routed/IMG_2908_d1e74b1fad9304c5.npz,0.25208697,0.3411213,0.19419242,0.21259932,0.0732183,2,0.09851727,1,0.35758024,1,0.10059157,2,0.08583584,2,0.040047463,3,0.045155548,3,0.036190793,3,0.0416849,3,0.039908294,3,0.040980056,3,0.040289667,3,0.0,-1,0.0,-1,0.0,-1,0.0,-1,0.0,-1,0.0,-1,0.0,-1,0.0,-1,plot_94a13f7206c6a3c73cd6,synthetic,46
2025_09_15_Re4StRes_T1_DSV/IMG_2914.JPG,6.0,2.3589358,2.2323666,0.12656927,3.7676334,-3.6410642,3.6410642,20,1.0,0.979939339363032,0.8894758964985491,3,0.3539413,8,0.20338656,raw_full_image,/home/nfs/data/nvme_datasets/Pictures_CFSB_leaf_damage/2025_09_15_Re4StRes_T1_DSV/IMG_2914.JPG,/home/nfs/data/nvme_datasets/Pictures_CFSB_leaf_damage/2025_09_15_Re4StRes_T1_DSV/IMG_2914.JPG,/home/user/tabbakhab1/dev/project/cache/sam3_masks_hierarchical_three_view/IMG_2914_9cf1b58d65d07057.png,cache/dinov3_hierarchical_three_view_features_adapted_routed/IMG_2914_9cf1b58d65d07057.npz,0.20427024,0.20842314,0.23336537,0.3539413,0.028326835,1,0.028010476,1,0.02787354,1,0.066704825,2,0.017752077,3,0.08325673,0,0.020964062,3,0.121013515,0,0.20338656,3,0.027158162,1,0.03582293,2,0.015478596,3,0.022283236,3,0.014170177,3,0.097054124,1,0.068374604,2,0.019193338,3,0.018638097,3,0.06246302,2,0.022075148,3,plot_401959473a7fdf98fa1b,synthetic,46
2025_09_15_Re4StRes_T1_DSV/IMG_2944.JPG,18.0,2.1107087,1.0611453,1.0495634,16.938854,-15.889292,15.889292,17,1.0,0.9903221856888508,0.9611018667048098,1,0.29856354,3,0.17030425,raw_full_image,/home/nfs/data/nvme_datasets/Pictures_CFSB_leaf_damage/2025_09_15_Re4StRes_T1_DSV/IMG_2944.JPG,/home/nfs/data/nvme_datasets/Pictures_CFSB_leaf_damage/2025_09_15_Re4StRes_T1_DSV/IMG_2944.JPG,/home/user/tabbakhab1/dev/project/cache/sam3_masks_hierarchical_three_view/IMG_2944_9f2d685b0f5bdc0d.png,cache/dinov3_hierarchical_three_view_features_adapted_routed/IMG_2944_9f2d685b0f5bdc0d.npz,0.19429389,0.29856354,0.22996534,0.2771772,0.059565764,0,0.03807318,2,0.0720065,2,0.17030425,1,0.035896175,3,0.076981984,3,0.06491021,0,0.042391244,2,0.036087804,3,0.036665827,2,0.06981791,0,0.054250196,1,0.041359287,1,0.032649823,1,0.040828608,2,0.0644024,3,0.06380885,3,0.0,-1,0.0,-1,0.0,-1,plot_18a2195a85762dad8df2,synthetic,46
2025_09_15_Re4StRes_T1_DSV/IMG_2960.JPG,8.0,3.2192974,2.5546355,0.6646619,5.4453645,-4.7807026,4.7807026,20,1.0,0.9991144213135164,0.969151887038277,3,0.2673111,0,0.1330783,raw_full_image,/home/nfs/data/nvme_datasets/Pictures_CFSB_leaf_damage/2025_09_15_Re4StRes_T1_DSV/IMG_2960.JPG,/home/nfs/data/nvme_datasets/Pictures_CFSB_leaf_damage/2025_09_15_Re4StRes_T1_DSV/IMG_2960.JPG,/home/user/tabbakhab1/dev/project/cache/sam3_masks_hierarchical_three_view/IMG_2960_b6953a720e86a039.png,cache/dinov3_hierarchical_three_view_features_adapted_routed/IMG_2960_b6953a720e86a039.npz,0.25551972,0.23506775,0.24210143,0.2673111,0.1330783,3,0.09738383,1,0.054566953,0,0.04032788,3,0.035166714,2,0.0365885,0,0.032876004,0,0.03335993,0,0.03005128,2,0.044468068,2,0.035378505,2,0.05330967,0,0.050886188,1,0.031083196,2,0.065953664,2,0.044802073,1,0.05010413,3,0.04380076,3,0.04481867,0,0.041995674,1,plot_08de49746d4125eddd77,synthetic,46
2025_09_15_Re4StRes_T1_DSV/IMG_2963.JPG,7.0,2.9670548,2.1672788,0.7997761,4.832721,-4.032945,4.032945,20,1.0,0.9957845568219108,0.9672975727226316,3,0.28673902,18,0.10318766,raw_full_image,/home/nfs/data/nvme_datasets/Pictures_CFSB_leaf_damage/2025_09_15_Re4StRes_T1_DSV/IMG_2963.JPG,/home/nfs/data/nvme_datasets/Pictures_CFSB_leaf_damage/2025_09_15_Re4StRes_T1_DSV/IMG_2963.JPG,/home/user/tabbakhab1/dev/project/cache/sam3_masks_hierarchical_three_view/IMG_2963_d24b0f9b0980c072.png,cache/dinov3_hierarchical_three_view_features_adapted_routed/IMG_2963_d24b0f9b0980c072.npz,0.22529235,0.22270396,0.26526463,0.28673902,0.039833065,0,0.04440144,2,0.046670035,1,0.04551693,0,0.022733692,3,0.06186835,3,0.040952478,1,0.038234882,0,0.041976646,2,0.026831137,3,0.021304416,3,0.047771476,0,0.09522645,3,0.07569888,2,0.018684408,3,0.053936012,0,0.08021245,1,0.040090583,3,0.10318766,2,0.054869007,1,plot_2751d4a40273ff4d4fe0,synthetic,46
2025_09_15_Re4StRes_T1_DSV/IMG_2983.JPG,14.0,2.6005,2.2192578,0.38124228,11.780743,-11.3995,11.3995,13,1.0,0.9932186150778324,0.963245876484004,2,0.29697546,10,0.16236772,raw_full_image,/home/nfs/data/nvme_datasets/Pictures_CFSB_leaf_damage/2025_09_15_Re4StRes_T1_DSV/IMG_2983.JPG,/home/nfs/data/nvme_datasets/Pictures_CFSB_leaf_damage/2025_09_15_Re4StRes_T1_DSV/IMG_2983.JPG,/home/user/tabbakhab1/dev/project/cache/sam3_masks_hierarchical_three_view/IMG_2983_f03cac473b206934.png,cache/dinov3_hierarchical_three_view_features_adapted_routed/IMG_2983_f03cac473b206934.npz,0.23820515,0.26165628,0.29697546,0.20316313,0.044086624,3,0.068363786,1,0.07583743,0,0.09169534,2,0.084225066,1,0.042204965,2,0.029018885,2,0.09434251,2,0.07629311,3,0.08278339,3,0.16236772,0,0.03971381,2,0.10906744,1,0.0,-1,0.0,-1,0.0,-1,0.0,-1,0.0,-1,0.0,-1,0.0,-1,plot_c7fbabf6a2b26f24808f,synthetic,46
2025_09_15_Re4StRes_T1_DSV/IMG_2985.JPG,10.0,4.44722,3.7980957,0.64912415,6.2019043,-5.55278,5.55278,20,1.0,0.9967093753001692,0.96869496408821,3,0.26665443,7,0.10191175,raw_full_image,/home/nfs/data/nvme_datasets/Pictures_CFSB_leaf_damage/2025_09_15_Re4StRes_T1_DSV/IMG_2985.JPG,/home/nfs/data/nvme_datasets/Pictures_CFSB_leaf_damage/2025_09_15_Re4StRes_T1_DSV/IMG_2985.JPG,/home/user/tabbakhab1/dev/project/cache/sam3_masks_hierarchical_three_view/IMG_2985_071cc8b95b5605b4.png,cache/dinov3_hierarchical_three_view_features_adapted_routed/IMG_2985_071cc8b95b5605b4.npz,0.20962878,0.2637948,0.25992197,0.26665443,0.06140195,1,0.082282856,3,0.022654478,0,0.04364938,2,0.033992212,2,0.049097344,0,0.039046127,2,0.10191175,3,0.068169236,1,0.026262004,0,0.04947121,2,0.02964786,0,0.021291828,0,0.049184352,2,0.06782636,1,0.026110617,0,0.06639727,1,0.08245982,3,0.03456465,0,0.04457869,2,plot_0aa20eee4008b12c7827,synthetic,46
2025_09_15_Re4StRes_T1_DSV/IMG_2986.JPG,11.0,1.1796246,1.3612151,-0.18159056,9.638784,-9.820375,9.820375,12,1.0,0.9831213888929864,0.9569010439053252,1,0.31956062,4,0.13271984,raw_full_image,/home/nfs/data/nvme_datasets/Pictures_CFSB_leaf_damage/2025_09_15_Re4StRes_T1_DSV/IMG_2986.JPG,/home/nfs/data/nvme_datasets/Pictures_CFSB_leaf_damage/2025_09_15_Re4StRes_T1_DSV/IMG_2986.JPG,/home/user/tabbakhab1/dev/project/cache/sam3_masks_hierarchical_three_view/IMG_2986_5516c1d1e83d405a.png,cache/dinov3_hierarchical_three_view_features_adapted_routed/IMG_2986_5516c1d1e83d405a.npz,0.19299833,0.31956062,0.20166063,0.2857804,0.08025069,2,0.081695564,0,0.051500726,3,0.10592124,3,0.13271984,1,0.121409945,2,0.023995658,1,0.086603984,1,0.047183026,1,0.029058095,1,0.12835842,3,0.11130277,0,0.0,-1,0.0,-1,0.0,-1,0.0,-1,0.0,-1,0.0,-1,0.0,-1,0.0,-1,plot_0aa20eee4008b12c7827,synthetic,46
2025_09_15_Re4StRes_T1_DSV/IMG_2987.JPG,3.0,2.8234706,2.5035148,0.31995583,0.49648523,-0.17652941,0.17652941,11,1.0,0.9986691110136308,0.96568333754282,3,0.26192558,5,0.17255409,raw_full_image,/home/nfs/data/nvme_datasets/Pictures_CFSB_leaf_damage/2025_09_15_Re4StRes_T1_DSV/IMG_2987.JPG,/home/nfs/data/nvme_datasets/Pictures_CFSB_leaf_damage/2025_09_15_Re4StRes_T1_DSV/IMG_2987.JPG,/home/user/tabbakhab1/dev/project/cache/sam3_masks_hierarchical_three_view/IMG_2987_c50c6bb43986002b.png,cache/dinov3_hierarchical_three_view_features_adapted_routed/IMG_2987_c50c6bb43986002b.npz,0.26192418,0.25104523,0.225105,0.26192558,0.08504401,1,0.04062525,0,0.1068337,2,0.11487602,0,0.089371495,3,0.17255409,3,0.059686877,1,0.043471463,1,0.06284288,1,0.118271306,2,0.10642291,0,0.0,-1,0.0,-1,0.0,-1,0.0,-1,0.0,-1,0.0,-1,0.0,-1,0.0,-1,0.0,-1,plot_63616db7b2f3b692a2db,synthetic,46
2025_09_15_Re4StRes_T1_DSV/IMG_3005.JPG,1.0,2.10607,1.3862014,0.71986866,0.38620138,1.10607,1.10607,20,1.0,0.9996613847600616,0.9770777099429174,3,0.2594405,2,0.099879965,raw_full_image,/home/nfs/data/nvme_datasets/Pictures_CFSB_leaf_damage/2025_09_15_Re4StRes_T1_DSV/IMG_3005.JPG,/home/nfs/data/nvme_datasets/Pictures_CFSB_leaf_damage/2025_09_15_Re4StRes_T1_DSV/IMG_3005.JPG,/home/user/tabbakhab1/dev/project/cache/sam3_masks_hierarchical_three_view/IMG_3005_289de2f21300dda3.png,cache/dinov3_hierarchical_three_view_features_adapted_routed/IMG_3005_289de2f21300dda3.npz,0.23826393,0.24971014,0.2525854,0.2594405,0.045016594,2,0.03420816,1,0.099879965,3,0.07081488,0,0.07606836,3,0.062540285,0,0.047804132,1,0.030190207,2,0.050131526,0,0.053533092,2,0.028269064,1,0.033839103,2,0.054777242,0,0.03644939,1,0.03859575,2,0.036813438,1,0.029012278,1,0.03715369,1,0.0834922,3,0.051410664,2,plot_aa97836ee689a5b0b216,synthetic,46
2025_09_15_Re4StRes_T1_DSV/IMG_3011.JPG,3.0,2.0269456,0.83213425,1.1948113,2.1678658,-0.9730544,0.9730544,20,1.0,0.9989795218020991,0.9631513901553388,3,0.26817644,19,0.10403265,raw_full_image,/home/nfs/data/nvme_datasets/Pictures_CFSB_leaf_damage/2025_09_15_Re4StRes_T1_DSV/IMG_3011.JPG,/home/nfs/data/nvme_datasets/Pictures_CFSB_leaf_damage/2025_09_15_Re4StRes_T1_DSV/IMG_3011.JPG,/home/user/tabbakhab1/dev/project/cache/sam3_masks_hierarchical_three_view/IMG_3011_db7cdf535d77ac21.png,cache/dinov3_hierarchical_three_view_features_adapted_routed/IMG_3011_db7cdf535d77ac21.npz,0.23400947,0.25666642,0.24114767,0.26817644,0.0721136,3,0.04351495,0,0.094630085,1,0.034496758,0,0.0484254,1,0.092030175,3,0.022525702,2,0.046174362,2,0.027683482,2,0.022979496,2,0.03294498,2,0.032742556,0,0.04855567,1,0.02804888,0,0.042528983,2,0.069772795,0,0.025433553,0,0.06505526,1,0.046310667,2,0.10403265,3,plot_9f0cb6f1d4a457848dbb,synthetic,46
2025_09_15_Re4StRes_T1_DSV/IMG_3038.JPG,10.0,2.4464688,1.4808297,0.9656391,8.519171,-7.553531,7.553531,20,1.0,0.9935172910826808,0.9663448021454528,2,0.28589618,16,0.12222912,raw_full_image,/home/nfs/data/nvme_datasets/Pictures_CFSB_leaf_damage/2025_09_15_Re4StRes_T1_DSV/IMG_3038.JPG,/home/nfs/data/nvme_datasets/Pictures_CFSB_leaf_damage/2025_09_15_Re4StRes_T1_DSV/IMG_3038.JPG,/home/user/tabbakhab1/dev/project/cache/sam3_masks_hierarchical_three_view/IMG_3038_f9fc6bc418cdf2be.png,cache/dinov3_hierarchical_three_view_features_adapted_routed/IMG_3038_f9fc6bc418cdf2be.npz,0.19789937,0.2684399,0.28589618,0.24776457,0.06183664,3,0.08128958,2,0.033039335,1,0.034346674,0,0.04507296,0,0.024387222,0,0.02600914,0,0.068147466,3,0.062534034,3,0.03082647,1,0.030374723,2,0.055246416,3,0.08234494,1,0.030697288,0,0.039088868,2,0.037386067,0,0.12222912,1,0.033485137,2,0.04708658,2,0.054571263,2,plot_77d5b5f84041b233d0f3,synthetic,46
2025_09_15_Re4StRes_T1_DSV/IMG_3057.JPG,2.0,1.4535894,0.64875793,0.8048315,1.3512421,-0.54641056,0.54641056,20,1.0,0.9993248046266868,0.988094873791056,3,0.2678893,14,0.07708957,raw_full_image,/home/nfs/data/nvme_datasets/Pictures_CFSB_leaf_damage/2025_09_15_Re4StRes_T1_DSV/IMG_3057.JPG,/home/nfs/data/nvme_datasets/Pictures_CFSB_leaf_damage/2025_09_15_Re4StRes_T1_DSV/IMG_3057.JPG,/home/user/tabbakhab1/dev/project/cache/sam3_masks_hierarchical_three_view/IMG_3057_3878077afd02bc3a.png,cache/dinov3_hierarchical_three_view_features_adapted_routed/IMG_3057_3878077afd02bc3a.npz,0.2475194,0.246059,0.23853227,0.2678893,0.03513378,1,0.051196728,3,0.041324757,0,0.03870472,2,0.032152496,2,0.06915846,3,0.052234426,2,0.058209263,0,0.04329313,1,0.031772867,2,0.037010618,2,0.04880711,0,0.03639143,1,0.07044453,3,0.07708957,3,0.046657175,2,0.04441172,0,0.063280426,1,0.05476657,0,0.06796023,1,plot_3e540258e11d136b5e0a,synthetic,46
2025_09_15_Re4StRes_T1_DSV/IMG_3067.JPG,3.0,1.3099995,0.44031,0.86968946,2.55969,-1.6900005,1.6900005,20,1.0,0.9985834782493432,0.9914334173227584,3,0.27539146,19,0.08453937,raw_full_image,/home/nfs/data/nvme_datasets/Pictures_CFSB_leaf_damage/2025_09_15_Re4StRes_T1_DSV/IMG_3067.JPG,/home/nfs/data/nvme_datasets/Pictures_CFSB_leaf_damage/2025_09_15_Re4StRes_T1_DSV/IMG_3067.JPG,/home/user/tabbakhab1/dev/project/cache/sam3_masks_hierarchical_three_view/IMG_3067_5176f24f558f7a6d.png,cache/dinov3_hierarchical_three_view_features_adapted_routed/IMG_3067_5176f24f558f7a6d.npz,0.25088856,0.23848732,0.23523262,0.27539146,0.03645424,0,0.05189531,2,0.04510426,1,0.049708784,3,0.04002629,0,0.05876185,2,0.04801891,3,0.06401744,1,0.037168466,0,0.03886532,3,0.052868895,2,0.047484174,0,0.04650193,0,0.040799044,1,0.04325346,0,0.054259088,3,0.071706556,2,0.04287322,1,0.045693368,1,0.08453937,3,plot_5b5cb2833023b786f6d1,synthetic,46
2025_09_15_Re4StRes_T1_DSV/IMG_3073.JPG,5.0,1.4644852,0.68571186,0.7787733,4.314288,-3.5355148,3.5355148,17,1.0,0.99745053818755,0.9503429809635192,3,0.28370404,12,0.15226842,raw_full_image,/home/nfs/data/nvme_datasets/Pictures_CFSB_leaf_damage/2025_09_15_Re4StRes_T1_DSV/IMG_3073.JPG,/home/nfs/data/nvme_datasets/Pictures_CFSB_leaf_damage/2025_09_15_Re4StRes_T1_DSV/IMG_3073.JPG,/home/user/tabbakhab1/dev/project/cache/sam3_masks_hierarchical_three_view/IMG_3073_1eeb3911a1abea9f.png,cache/dinov3_hierarchical_three_view_features_adapted_routed/IMG_3073_1eeb3911a1abea9f.npz,0.24935478,0.24094726,0.22599395,0.28370404,0.046438534,3,0.01768688,0,0.10103189,3,0.029570049,1,0.035483558,1,0.061661765,1,0.07372552,2,0.054505263,0,0.047863588,3,0.04627935,0,0.030575352,0,0.039340597,0,0.15226842,2,0.03987866,3,0.060967345,0,0.11423189,1,0.04849136,3,0.0,-1,0.0,-1,0.0,-1,plot_079cfae1722c234c4cbf,synthetic,46
2025_09_15_Re4StRes_T1_DSV/IMG_3078.JPG,4.0,0.61266136,0.10432577,0.5083356,3.8956742,-3.3873386,3.3873386,18,1.0,0.9962952630304048,0.9625400978926468,1,0.29149595,11,0.13029744,raw_full_image,/home/nfs/data/nvme_datasets/Pictures_CFSB_leaf_damage/2025_09_15_Re4StRes_T1_DSV/IMG_3078.JPG,/home/nfs/data/nvme_datasets/Pictures_CFSB_leaf_damage/2025_09_15_Re4StRes_T1_DSV/IMG_3078.JPG,/home/user/tabbakhab1/dev/project/cache/sam3_masks_hierarchical_three_view/IMG_3078_5303bd9cd457dadc.png,cache/dinov3_hierarchical_three_view_features_adapted_routed/IMG_3078_5303bd9cd457dadc.npz,0.25017193,0.29149595,0.23348919,0.22484295,0.10319176,2,0.04324004,3,0.04197236,3,0.05871874,0,0.07054681,0,0.026929006,1,0.031535987,1,0.03070388,1,0.028511867,1,0.040211547,3,0.09333866,1,0.13029744,2,0.04648877,3,0.03264819,1,0.05293023,3,0.05788943,0,0.06301695,0,0.047828365,1,0.0,-1,0.0,-1,plot_872a472d88c05d21c13c,synthetic,46
2025_09_15_Re4StRes_T1_DSV/IMG_3085.JPG,10.0,1.8359656,2.1482253,-0.31225967,7.8517747,-8.164034,8.164034,15,1.0,0.9880386903105856,0.8713270946386096,0,0.29725996,3,0.29725996,raw_full_image,/home/nfs/data/nvme_datasets/Pictures_CFSB_leaf_damage/2025_09_15_Re4StRes_T1_DSV/IMG_3085.JPG,/home/nfs/data/nvme_datasets/Pictures_CFSB_leaf_damage/2025_09_15_Re4StRes_T1_DSV/IMG_3085.JPG,/home/user/tabbakhab1/dev/project/cache/sam3_masks_hierarchical_three_view/IMG_3085_ce441bbae3a6804f.png,cache/dinov3_hierarchical_three_view_features_adapted_routed/IMG_3085_ce441bbae3a6804f.npz,0.29725996,0.18242487,0.2822379,0.23807731,0.06684245,3,0.025415648,1,0.03227654,1,0.29725996,0,0.058217276,2,0.025123905,1,0.053957332,3,0.08468974,2,0.054816864,3,0.033119086,1,0.033297934,1,0.03371748,3,0.03319175,1,0.028743183,3,0.1393309,2,0.0,-1,0.0,-1,0.0,-1,0.0,-1,0.0,-1,plot_b4abae7476e8e480b37d,synthetic,46
2025_09_15_Re4StRes_T1_DSV/IMG_3088.JPG,18.0,3.807813,3.7695696,0.038243294,14.230431,-14.192187,14.192187,20,1.0,0.9991947422576012,0.953924642632084,3,0.2688798,1,0.10709377,raw_full_image,/home/nfs/data/nvme_datasets/Pictures_CFSB_leaf_damage/2025_09_15_Re4StRes_T1_DSV/IMG_3088.JPG,/home/nfs/data/nvme_datasets/Pictures_CFSB_leaf_damage/2025_09_15_Re4StRes_T1_DSV/IMG_3088.JPG,/home/user/tabbakhab1/dev/project/cache/sam3_masks_hierarchical_three_view/IMG_3088_f98de25d9ee580c0.png,cache/dinov3_hierarchical_three_view_features_adapted_routed/IMG_3088_f98de25d9ee580c0.npz,0.24246036,0.2508926,0.23776728,0.2688798,0.06460958,0,0.10709377,3,0.07736636,3,0.021474263,1,0.032346424,1,0.027505929,1,0.084419675,3,0.029740926,1,0.03827057,2,0.030336866,2,0.08922003,2,0.10076322,1,0.030244354,2,0.019657405,1,0.03518955,0,0.040496297,0,0.019404458,1,0.04969545,2,0.04903969,0,0.053125244,0,plot_b3f1539c2f57598a4432,synthetic,46
2025_09_15_Re4StRes_T1_DSV/IMG_3122.JPG,3.0,4.0914807,3.512823,0.5786576,0.5128231,1.0914807,1.0914807,19,1.0,0.997611564385018,0.9506697147443446,1,0.27547634,15,0.15309374,raw_full_image,/home/nfs/data/nvme_datasets/Pictures_CFSB_leaf_damage/2025_09_15_Re4StRes_T1_DSV/IMG_3122.JPG,/home/nfs/data/nvme_datasets/Pictures_CFSB_leaf_damage/2025_09_15_Re4StRes_T1_DSV/IMG_3122.JPG,/home/user/tabbakhab1/dev/project/cache/sam3_masks_hierarchical_three_view/IMG_3122_5d1aa9a8e60ed9e6.png,cache/dinov3_hierarchical_three_view_features_adapted_routed/IMG_3122_5d1aa9a8e60ed9e6.npz,0.23899783,0.27547634,0.26244622,0.2230796,0.05639197,2,0.030437944,3,0.025358526,3,0.05426444,2,0.07217071,1,0.04685125,1,0.033522606,3,0.031794537,3,0.08590409,0,0.03140011,3,0.027277384,1,0.024951322,3,0.10483081,2,0.052485153,1,0.03858091,1,0.15309374,0,0.038110927,1,0.046959016,2,0.04561455,3,0.0,-1,plot_6cb9d13e71aef46deb58,synthetic,46
2025_09_15_Re4StRes_T1_DSV/IMG_3128.JPG,5.0,5.2683167,4.6794066,0.5889101,0.32059336,0.26831675,0.26831675,15,1.0,0.9839583297116876,0.9486056042354768,0,0.34097633,1,0.15198283,raw_full_image,/home/nfs/data/nvme_datasets/Pictures_CFSB_leaf_damage/2025_09_15_Re4StRes_T1_DSV/IMG_3128.JPG,/home/nfs/data/nvme_datasets/Pictures_CFSB_leaf_damage/2025_09_15_Re4StRes_T1_DSV/IMG_3128.JPG,/home/user/tabbakhab1/dev/project/cache/sam3_masks_hierarchical_three_view/IMG_3128_3bdddaf4542498f4.png,cache/dinov3_hierarchical_three_view_features_adapted_routed/IMG_3128_3bdddaf4542498f4.npz,0.34097633,0.19919844,0.22345777,0.23636745,0.026025241,3,0.15198283,0,0.055761933,0,0.13323158,0,0.08503727,1,0.059710644,1,0.024441462,3,0.05445054,1,0.05409093,2,0.08028592,3,0.033760384,3,0.040369086,3,0.08943907,2,0.079927795,2,0.031485397,3,0.0,-1,0.0,-1,0.0,-1,0.0,-1,0.0,-1,plot_1e2dcb74caaf75a16ad2,synthetic,46
2025_09_15_Re4StRes_T1_DSV/IMG_3134.JPG,3.0,2.0028877,2.091909,-0.089021206,0.90809107,-0.9971123,0.9971123,17,1.0,0.9940307325836214,0.9669488272318284,3,0.30555588,0,0.11291449,raw_full_image,/home/nfs/data/nvme_datasets/Pictures_CFSB_leaf_damage/2025_09_15_Re4StRes_T1_DSV/IMG_3134.JPG,/home/nfs/data/nvme_datasets/Pictures_CFSB_leaf_damage/2025_09_15_Re4StRes_T1_DSV/IMG_3134.JPG,/home/user/tabbakhab1/dev/project/cache/sam3_masks_hierarchical_three_view/IMG_3134_3892eee3d3f7a666.png,cache/dinov3_hierarchical_three_view_features_adapted_routed/IMG_3134_3892eee3d3f7a666.npz,0.22597045,0.2426937,0.22577994,0.30555588,0.11291449,2,0.03524886,0,0.0421365,1,0.046204135,0,0.05823123,1,0.11286545,2,0.027884582,3,0.054887664,3,0.034837488,3,0.040668607,0,0.09175146,3,0.041772913,3,0.056425158,0,0.043069456,1,0.047423687,0,0.09925653,1,0.05442177,3,0.0,-1,0.0,-1,0.0,-1,plot_a90588857c6940d985e9,synthetic,46
2025_09_15_Re4StRes_T1_DSV/IMG_3135.JPG,4.0,3.3663943,2.6203413,0.746053,1.3796587,-0.6336057,0.6336057,15,1.0,0.9988450965743708,0.974916332212034,3,0.2677553,7,0.12436997,raw_full_image,/home/nfs/data/nvme_datasets/Pictures_CFSB_leaf_damage/2025_09_15_Re4StRes_T1_DSV/IMG_3135.JPG,/home/nfs/data/nvme_datasets/Pictures_CFSB_leaf_damage/2025_09_15_Re4StRes_T1_DSV/IMG_3135.JPG,/home/user/tabbakhab1/dev/project/cache/sam3_masks_hierarchical_three_view/IMG_3135_17108c345af77d9d.png,cache/dinov3_hierarchical_three_view_features_adapted_routed/IMG_3135_17108c345af77d9d.npz,0.24595971,0.25675297,0.22953196,0.2677553,0.041789226,2,0.06880796,3,0.07457738,3,0.034901608,2,0.08596671,1,0.08683486,2,0.03730689,0,0.12436997,3,0.10619398,0,0.040196,0,0.046579983,1,0.06471924,1,0.06600628,2,0.06226285,0,0.059487045,1,0.0,-1,0.0,-1,0.0,-1,0.0,-1,0.0,-1,plot_119a975033e716bf35c7,synthetic,46
2025_09_15_Re4StRes_T1_DSV/IMG_3143.JPG,3.0,7.307154,8.013126,-0.7059722,5.0131264,4.307154,4.307154,13,1.0,0.995866040927406,0.917252307084245,0,0.2911401,5,0.21624811,raw_full_image,/home/nfs/data/nvme_datasets/Pictures_CFSB_leaf_damage/2025_09_15_Re4StRes_T1_DSV/IMG_3143.JPG,/home/nfs/data/nvme_datasets/Pictures_CFSB_leaf_damage/2025_09_15_Re4StRes_T1_DSV/IMG_3143.JPG,/home/user/tabbakhab1/dev/project/cache/sam3_masks_hierarchical_three_view/IMG_3143_28452c40ed5f0231.png,cache/dinov3_hierarchical_three_view_features_adapted_routed/IMG_3143_28452c40ed5f0231.npz,0.2911401,0.23956198,0.21696426,0.25233364,0.028215013,1,0.07158139,2,0.074892014,0,0.18635538,3,0.039793383,1,0.21624811,0,0.07498368,1,0.047492452,2,0.054532148,2,0.02772181,1,0.06884808,1,0.06597826,3,0.043358266,2,0.0,-1,0.0,-1,0.0,-1,0.0,-1,0.0,-1,0.0,-1,0.0,-1,plot_211c30fcd4fa6d8b7d89,synthetic,46
2025_09_15_Re4StRes_T1_DSV/IMG_3159.JPG,21.0,4.3577876,3.5889828,0.7688048,17.411016,-16.642212,16.642212,20,1.0,0.99021654334158,0.9732681056028492,3,0.30836734,3,0.119976416,raw_full_image,/home/nfs/data/nvme_datasets/Pictures_CFSB_leaf_damage/2025_09_15_Re4StRes_T1_DSV/IMG_3159.JPG,/home/nfs/data/nvme_datasets/Pictures_CFSB_leaf_damage/2025_09_15_Re4StRes_T1_DSV/IMG_3159.JPG,/home/user/tabbakhab1/dev/project/cache/sam3_masks_hierarchical_three_view/IMG_3159_e83e519cdc728e68.png,cache/dinov3_hierarchical_three_view_features_adapted_routed/IMG_3159_e83e519cdc728e68.npz,0.20589483,0.21645771,0.2692801,0.30836734,0.03479239,0,0.069541276,3,0.032891348,2,0.119976416,3,0.067411415,3,0.044138566,0,0.037894744,2,0.0603484,1,0.06058273,1,0.048451304,0,0.030211244,0,0.056065205,1,0.048301317,0,0.057712365,2,0.039461374,1,0.023592474,2,0.020219188,2,0.03864272,2,0.05832729,2,0.051438253,3,plot_ca56a0a042e3c9becb07,synthetic,46
2025_09_15_Re4StRes_T1_DSV/IMG_3173.JPG,2.0,5.311089,4.6693835,0.6417055,2.6693835,3.311089,3.311089,20,1.0,0.9984583038347008,0.9593577275346468,0,0.27391568,5,0.11488958,raw_full_image,/home/nfs/data/nvme_datasets/Pictures_CFSB_leaf_damage/2025_09_15_Re4StRes_T1_DSV/IMG_3173.JPG,/home/nfs/data/nvme_datasets/Pictures_CFSB_leaf_damage/2025_09_15_Re4StRes_T1_DSV/IMG_3173.JPG,/home/user/tabbakhab1/dev/project/cache/sam3_masks_hierarchical_three_view/IMG_3173_fffd500e912d4d67.png,cache/dinov3_hierarchical_three_view_features_adapted_routed/IMG_3173_fffd500e912d4d67.npz,0.27391568,0.25644508,0.2358767,0.23376256,0.04193166,3,0.01974661,2,0.029172793,2,0.032070372,1,0.038646292,2,0.11488958,0,0.021981321,2,0.041853823,3,0.047442712,1,0.030358449,2,0.094054975,3,0.034366675,1,0.033854842,2,0.030123383,1,0.09840092,0,0.05592211,3,0.03854582,1,0.07389613,1,0.060625196,0,0.06211639,2,plot_aaf5cb0e7c43e9e13fc7,synthetic,46
2025_09_15_Re4StRes_T1_DSV/IMG_3180.JPG,5.0,8.015763,8.081584,-0.065820694,3.081584,3.0157633,3.0157633,17,1.0,0.9947648249731272,0.9738475181727192,1,0.28906116,6,0.1289682,raw_full_image,/home/nfs/data/nvme_datasets/Pictures_CFSB_leaf_damage/2025_09_15_Re4StRes_T1_DSV/IMG_3180.JPG,/home/nfs/data/nvme_datasets/Pictures_CFSB_leaf_damage/2025_09_15_Re4StRes_T1_DSV/IMG_3180.JPG,/home/user/tabbakhab1/dev/project/cache/sam3_masks_hierarchical_three_view/IMG_3180_524705751472698e.png,cache/dinov3_hierarchical_three_view_features_adapted_routed/IMG_3180_524705751472698e.npz,0.2079521,0.28906116,0.26369017,0.2392966,0.08322717,1,0.0787175,2,0.04132609,2,0.031477366,3,0.039044317,0,0.03969815,2,0.1289682,1,0.06926294,2,0.049799386,3,0.059402503,3,0.03473726,3,0.05988064,0,0.0638801,3,0.06303133,0,0.04599582,0,0.034685507,2,0.07686579,1,0.0,-1,0.0,-1,0.0,-1,plot_25f666fca951a0f5e945,synthetic,46
2025_09_15_Re4StRes_T1_DSV/IMG_3189.JPG,1.0,4.0041018,3.3455772,0.6585245,2.3455772,3.0041018,3.0041018,13,1.0,0.9916493601455336,0.9122410366624986,2,0.30027908,1,0.27330688,raw_full_image,/home/nfs/data/nvme_datasets/Pictures_CFSB_leaf_damage/2025_09_15_Re4StRes_T1_DSV/IMG_3189.JPG,/home/nfs/data/nvme_datasets/Pictures_CFSB_leaf_damage/2025_09_15_Re4StRes_T1_DSV/IMG_3189.JPG,/home/user/tabbakhab1/dev/project/cache/sam3_masks_hierarchical_three_view/IMG_3189_350fe3d8b201e8f0.png,cache/dinov3_hierarchical_three_view_features_adapted_routed/IMG_3189_350fe3d8b201e8f0.npz,0.209267,0.21714701,0.30027908,0.27330688,0.035419215,2,0.27330688,3,0.050971054,1,0.047700256,1,0.12279029,2,0.06890232,1,0.06689613,2,0.07115904,0,0.08825404,0,0.03774061,2,0.049853917,0,0.03743285,2,0.049573377,1,0.0,-1,0.0,-1,0.0,-1,0.0,-1,0.0,-1,0.0,-1,0.0,-1,plot_a75bd7b0d3ff79351265,synthetic,46
2025_09_15_Re4StRes_T1_DSV/IMG_3201.JPG,2.0,9.648045,9.855751,-0.20770645,7.855751,7.6480446,7.6480446,15,1.0,0.9943984532863456,0.9611749672711238,1,0.28866553,10,0.107579924,raw_full_image,/home/nfs/data/nvme_datasets/Pictures_CFSB_leaf_damage/2025_09_15_Re4StRes_T1_DSV/IMG_3201.JPG,/home/nfs/data/nvme_datasets/Pictures_CFSB_leaf_damage/2025_09_15_Re4StRes_T1_DSV/IMG_3201.JPG,/home/user/tabbakhab1/dev/project/cache/sam3_masks_hierarchical_three_view/IMG_3201_3bf25b1123410cae.png,cache/dinov3_hierarchical_three_view_features_adapted_routed/IMG_3201_3bf25b1123410cae.npz,0.26535305,0.28866553,0.24082173,0.2051597,0.08144627,1,0.047569796,1,0.02633104,0,0.057767,2,0.025065985,0,0.05450114,1,0.03822626,0,0.09318734,2,0.02648988,0,0.0898674,2,0.107579924,3,0.051316045,0,0.09792385,0,0.10514832,1,0.09757978,3,0.0,-1,0.0,-1,0.0,-1,0.0,-1,0.0,-1,plot_a9ab88f04c34dafa250a,synthetic,46
2025_09_15_Re4StRes_T1_DSV/IMG_3207.JPG,4.0,9.385433,9.578096,-0.1926632,5.5780964,5.385433,5.385433,11,1.0,0.9877682637736164,0.9588728784776644,0,0.2984328,3,0.1548428,raw_full_image,/home/nfs/data/nvme_datasets/Pictures_CFSB_leaf_damage/2025_09_15_Re4StRes_T1_DSV/IMG_3207.JPG,/home/nfs/data/nvme_datasets/Pictures_CFSB_leaf_damage/2025_09_15_Re4StRes_T1_DSV/IMG_3207.JPG,/home/user/tabbakhab1/dev/project/cache/sam3_masks_hierarchical_three_view/IMG_3207_e6f9d0796309bac3.png,cache/dinov3_hierarchical_three_view_features_adapted_routed/IMG_3207_e6f9d0796309bac3.npz,0.2984328,0.29278353,0.19807267,0.21071099,0.04067314,1,0.066146925,2,0.07384616,1,0.1548428,0,0.061705153,3,0.110777445,0,0.100565374,1,0.13192575,2,0.14900585,3,0.032812566,0,0.07769884,1,0.0,-1,0.0,-1,0.0,-1,0.0,-1,0.0,-1,0.0,-1,0.0,-1,0.0,-1,0.0,-1,plot_2bbedc53a1730a8c1c06,synthetic,46
2025_09_15_Re4StRes_T1_DSV/IMG_3214.JPG,1.0,3.925965,3.753215,0.17275,2.753215,2.925965,2.925965,15,1.0,0.9800815809485568,0.9631468373740008,1,0.35405093,9,0.1496037,raw_full_image,/home/nfs/data/nvme_datasets/Pictures_CFSB_leaf_damage/2025_09_15_Re4StRes_T1_DSV/IMG_3214.JPG,/home/nfs/data/nvme_datasets/Pictures_CFSB_leaf_damage/2025_09_15_Re4StRes_T1_DSV/IMG_3214.JPG,/home/user/tabbakhab1/dev/project/cache/sam3_masks_hierarchical_three_view/IMG_3214_f4610eca111c8a42.png,cache/dinov3_hierarchical_three_view_features_adapted_routed/IMG_3214_f4610eca111c8a42.npz,0.20407067,0.35405093,0.21108298,0.23079541,0.02907461,3,0.06449645,0,0.09201485,2,0.048440415,1,0.059390977,0,0.03632188,1,0.055443864,1,0.03861167,3,0.11906813,2,0.1496037,1,0.06888554,3,0.06424108,1,0.049899425,3,0.04432418,3,0.080183245,0,0.0,-1,0.0,-1,0.0,-1,0.0,-1,0.0,-1,plot_3539600a59aabc9b75de,synthetic,46
2025_09_15_Re4StRes_T1_DSV/IMG_3273.JPG,5.0,7.222058,7.8311577,-0.60909986,2.8311577,2.2220578,2.2220578,12,1.0,0.982097934523628,0.9613980286584096,1,0.3261965,1,0.1593398,raw_full_image,/home/nfs/data/nvme_datasets/Pictures_CFSB_leaf_damage/2025_09_15_Re4StRes_T1_DSV/IMG_3273.JPG,/home/nfs/data/nvme_datasets/Pictures_CFSB_leaf_damage/2025_09_15_Re4StRes_T1_DSV/IMG_3273.JPG,/home/user/tabbakhab1/dev/project/cache/sam3_masks_hierarchical_three_view/IMG_3273_ac172dbeb58a6baa.png,cache/dinov3_hierarchical_three_view_features_adapted_routed/IMG_3273_ac172dbeb58a6baa.npz,0.25364268,0.3261965,0.24955875,0.17060211,0.095829174,2,0.1593398,1,0.08218277,1,0.08004761,2,0.1514045,0,0.06778892,3,0.10223818,0,0.033577383,1,0.07368198,2,0.05109653,1,0.056728367,3,0.04608482,3,0.0,-1,0.0,-1,0.0,-1,0.0,-1,0.0,-1,0.0,-1,0.0,-1,0.0,-1,plot_b9a431186e2b1507c308,synthetic,46
2025_09_15_Re4StRes_T1_DSV/IMG_3282.JPG,3.0,4.705385,5.068779,-0.36339378,2.068779,1.7053852,1.7053852,11,1.0,0.992500312843436,0.9752941252049462,2,0.29784474,7,0.1509054,raw_full_image,/home/nfs/data/nvme_datasets/Pictures_CFSB_leaf_damage/2025_09_15_Re4StRes_T1_DSV/IMG_3282.JPG,/home/nfs/data/nvme_datasets/Pictures_CFSB_leaf_damage/2025_09_15_Re4StRes_T1_DSV/IMG_3282.JPG,/home/user/tabbakhab1/dev/project/cache/sam3_masks_hierarchical_three_view/IMG_3282_af327626daac489b.png,cache/dinov3_hierarchical_three_view_features_adapted_routed/IMG_3282_af327626daac489b.npz,0.2687907,0.20398438,0.29784474,0.2293802,0.13725504,3,0.07435294,2,0.07984305,2,0.08122216,2,0.07470659,0,0.08633671,2,0.05241459,2,0.1509054,3,0.056052875,0,0.13377783,0,0.07313283,0,0.0,-1,0.0,-1,0.0,-1,0.0,-1,0.0,-1,0.0,-1,0.0,-1,0.0,-1,0.0,-1,plot_3789b4cb6a6fe6da8348,synthetic,46
2025_09_15_Re4StRes_T1_DSV/IMG_3288.JPG,2.0,8.652692,8.901331,-0.2486391,6.901331,6.652692,6.652692,9,1.0,0.991045221390072,0.9389350915886904,0,0.31879202,2,0.25646055,raw_full_image,/home/nfs/data/nvme_datasets/Pictures_CFSB_leaf_damage/2025_09_15_Re4StRes_T1_DSV/IMG_3288.JPG,/home/nfs/data/nvme_datasets/Pictures_CFSB_leaf_damage/2025_09_15_Re4StRes_T1_DSV/IMG_3288.JPG,/home/user/tabbakhab1/dev/project/cache/sam3_masks_hierarchical_three_view/IMG_3288_a05ed8916b954a11.png,cache/dinov3_hierarchical_three_view_features_adapted_routed/IMG_3288_a05ed8916b954a11.npz,0.31879202,0.21822393,0.2247144,0.23826966,0.062331494,0,0.07351958,1,0.25646055,0,0.09707157,3,0.09732235,2,0.14470434,1,0.12739205,2,0.107647836,3,0.033550255,3,0.0,-1,0.0,-1,0.0,-1,0.0,-1,0.0,-1,0.0,-1,0.0,-1,0.0,-1,0.0,-1,0.0,-1,0.0,-1,plot_0ae6f966a908651f5cab,synthetic,46
2025_09_15_Re4StRes_T1_DSV/IMG_3296.JPG,3.0,2.950428,2.7064047,0.24402332,0.2935953,-0.04957199,0.04957199,11,1.0,0.990576548450054,0.9704171238565822,3,0.32025558,7,0.15766093,raw_full_image,/home/nfs/data/nvme_datasets/Pictures_CFSB_leaf_damage/2025_09_15_Re4StRes_T1_DSV/IMG_3296.JPG,/home/nfs/data/nvme_datasets/Pictures_CFSB_leaf_damage/2025_09_15_Re4StRes_T1_DSV/IMG_3296.JPG,/home/user/tabbakhab1/dev/project/cache/sam3_masks_hierarchical_three_view/IMG_3296_458e9cd9cf6244fb.png,cache/dinov3_hierarchical_three_view_features_adapted_routed/IMG_3296_458e9cd9cf6244fb.npz,0.21608545,0.23927675,0.22438225,0.32025558,0.07376841,0,0.11064992,3,0.067570925,2,0.08161583,1,0.062462408,2,0.041415095,3,0.11054797,3,0.15766093,1,0.057642605,3,0.14231704,0,0.094348915,2,0.0,-1,0.0,-1,0.0,-1,0.0,-1,0.0,-1,0.0,-1,0.0,-1,0.0,-1,0.0,-1,plot_c62ed8a803b2f7fb0c8e,synthetic,46
2025_09_15_Re4StRes_T1_DSV/IMG_3297.JPG,3.0,3.2460299,2.7647157,0.48131418,0.23528433,0.24602985,0.24602985,16,1.0,0.9960667876139628,0.945217096674927,0,0.28464,2,0.18657398,raw_full_image,/home/nfs/data/nvme_datasets/Pictures_CFSB_leaf_damage/2025_09_15_Re4StRes_T1_DSV/IMG_3297.JPG,/home/nfs/data/nvme_datasets/Pictures_CFSB_leaf_damage/2025_09_15_Re4StRes_T1_DSV/IMG_3297.JPG,/home/user/tabbakhab1/dev/project/cache/sam3_masks_hierarchical_three_view/IMG_3297_d322c6b3633d92ca.png,cache/dinov3_hierarchical_three_view_features_adapted_routed/IMG_3297_d322c6b3633d92ca.npz,0.28464,0.25632906,0.24711412,0.2119168,0.039080124,0,0.055229228,3,0.18657398,1,0.05008123,3,0.025102148,2,0.028952854,0,0.069755085,1,0.0476878,0,0.10660635,3,0.032814953,0,0.08929873,0,0.061043553,2,0.04680556,0,0.03837357,2,0.074712455,2,0.047882415,2,0.0,-1,0.0,-1,0.0,-1,0.0,-1,plot_c62ed8a803b2f7fb0c8e,synthetic,46
2025_09_15_Re4StRes_T1_DSV/IMG_3326.JPG,3.0,8.9422035,8.174458,0.767746,5.1744576,5.9422035,5.9422035,20,1.0,0.9969419044140768,0.8766702683745634,3,0.28109825,5,0.18833269,raw_full_image,/home/nfs/data/nvme_datasets/Pictures_CFSB_leaf_damage/2025_09_15_Re4StRes_T1_DSV/IMG_3326.JPG,/home/nfs/data/nvme_datasets/Pictures_CFSB_leaf_damage/2025_09_15_Re4StRes_T1_DSV/IMG_3326.JPG,/home/user/tabbakhab1/dev/project/cache/sam3_masks_hierarchical_three_view/IMG_3326_f6d1b795ac63e6d3.png,cache/dinov3_hierarchical_three_view_features_adapted_routed/IMG_3326_f6d1b795ac63e6d3.npz,0.22653091,0.263255,0.22911586,0.28109825,0.011629335,0,0.01710011,1,0.014414467,0,0.092765555,3,0.05966423,1,0.18833269,3,0.018257758,0,0.08125222,0,0.020417035,0,0.039730392,1,0.020393528,1,0.016208062,0,0.014729827,0,0.01908592,0,0.064368054,2,0.03053629,0,0.05315958,1,0.05154594,1,0.16474782,2,0.021661215,1,plot_b23eede93d0769614492,synthetic,46
2025_09_15_Re4StRes_T1_DSV/IMG_3354.JPG,3.0,12.935693,12.333226,0.6024666,9.333226,9.935693,9.935693,15,1.0,0.9900553838386305,0.9232349359073334,2,0.30104414,4,0.18799536,raw_full_image,/home/nfs/data/nvme_datasets/Pictures_CFSB_leaf_damage/2025_09_15_Re4StRes_T1_DSV/IMG_3354.JPG,/home/nfs/data/nvme_datasets/Pictures_CFSB_leaf_damage/2025_09_15_Re4StRes_T1_DSV/IMG_3354.JPG,/home/user/tabbakhab1/dev/project/cache/sam3_masks_hierarchical_three_view/IMG_3354_8ff250bd073192d2.png,cache/dinov3_hierarchical_three_view_features_adapted_routed/IMG_3354_8ff250bd073192d2.npz,0.2595667,0.18699579,0.30104414,0.25239334,0.0296082,3,0.06940323,2,0.15202789,2,0.10169994,3,0.18799536,0,0.0291735,1,0.04571489,3,0.023070345,1,0.07537031,3,0.053395398,2,0.07157134,0,0.03979265,1,0.0649015,1,0.026217606,2,0.030057805,1,0.0,-1,0.0,-1,0.0,-1,0.0,-1,0.0,-1,plot_6c3a5e4270d0e8a36c26,synthetic,46
2025_09_15_Re4StRes_T1_DSV/IMG_3364.JPG,2.0,3.4333253,2.6269035,0.80642176,0.62690353,1.4333253,1.4333253,20,1.0,0.9929932409849236,0.9786296332773976,3,0.29510605,5,0.093398616,raw_full_image,/home/nfs/data/nvme_datasets/Pictures_CFSB_leaf_damage/2025_09_15_Re4StRes_T1_DSV/IMG_3364.JPG,/home/nfs/data/nvme_datasets/Pictures_CFSB_leaf_damage/2025_09_15_Re4StRes_T1_DSV/IMG_3364.JPG,/home/user/tabbakhab1/dev/project/cache/sam3_masks_hierarchical_three_view/IMG_3364_7c6b91ff09de19ef.png,cache/dinov3_hierarchical_three_view_features_adapted_routed/IMG_3364_7c6b91ff09de19ef.npz,0.25984633,0.19876862,0.24627896,0.29510605,0.029450795,0,0.034982473,1,0.033042192,0,0.029240917,1,0.064037114,2,0.093398616,3,0.0450852,2,0.050608467,0,0.05175296,3,0.07171015,1,0.03279499,0,0.028678728,1,0.040711854,3,0.034156386,1,0.06456015,2,0.038378816,0,0.060076803,3,0.07557109,0,0.07259652,2,0.049165852,3,plot_1479ec7e7b20027ed6b9,synthetic,46
2025_09_15_Re4StRes_T1_DSV/IMG_3382.JPG,9.0,8.018477,7.7509108,0.26756668,1.2490892,-0.98152256,0.98152256,18,1.0,0.9713730689679414,0.9058286710257532,1,0.35869274,9,0.17061007,raw_full_image,/home/nfs/data/nvme_datasets/Pictures_CFSB_leaf_damage/2025_09_15_Re4StRes_T1_DSV/IMG_3382.JPG,/home/nfs/data/nvme_datasets/Pictures_CFSB_leaf_damage/2025_09_15_Re4StRes_T1_DSV/IMG_3382.JPG,/home/user/tabbakhab1/dev/project/cache/sam3_masks_hierarchical_three_view/IMG_3382_5074c91cbb400049.png,cache/dinov3_hierarchical_three_view_features_adapted_routed/IMG_3382_5074c91cbb400049.npz,0.23368216,0.35869274,0.16060364,0.24702148,0.077206336,2,0.083397314,2,0.12694255,1,0.05331703,0,0.11377384,3,0.075359136,0,0.040796734,3,0.015428259,0,0.021956839,0,0.17061007,1,0.034901112,3,0.018081281,0,0.020095458,0,0.057549804,3,0.027328437,1,0.018839113,1,0.02944414,0,0.014972568,1,0.0,-1,0.0,-1,plot_279dc3489f82ba55175e,synthetic,46
2025_09_15_Re4StRes_T1_DSV/IMG_3389.JPG,9.0,8.459542,7.853211,0.60633135,1.1467891,-0.5404577,0.5404577,20,1.0,0.9858520361881132,0.888163323238812,3,0.3155406,5,0.21760139,raw_full_image,/home/nfs/data/nvme_datasets/Pictures_CFSB_leaf_damage/2025_09_15_Re4StRes_T1_DSV/IMG_3389.JPG,/home/nfs/data/nvme_datasets/Pictures_CFSB_leaf_damage/2025_09_15_Re4StRes_T1_DSV/IMG_3389.JPG,/home/user/tabbakhab1/dev/project/cache/sam3_masks_hierarchical_three_view/IMG_3389_a30b3dce92310021.png,cache/dinov3_hierarchical_three_view_features_adapted_routed/IMG_3389_a30b3dce92310021.npz,0.18246548,0.27107307,0.2309208,0.3155406,0.022449158,0,0.16178466,1,0.021568125,0,0.043191392,1,0.025487375,2,0.21760139,3,0.041192405,3,0.019653052,0,0.04943895,0,0.029340133,2,0.031278156,3,0.02546866,3,0.02646543,0,0.027530402,2,0.07740381,2,0.019615775,0,0.03184934,2,0.06609703,1,0.023274984,0,0.039309748,2,plot_8f5dc92512cf0eb95f7a,synthetic,46
2025_09_15_Re4StRes_T1_DSV/IMG_3398.JPG,6.0,3.8702796,3.0443945,0.82588506,2.9556055,-2.1297204,2.1297204,20,1.0,0.9832069202457684,0.949775712245516,3,0.34573388,2,0.16765659,raw_full_image,/home/nfs/data/nvme_datasets/Pictures_CFSB_leaf_damage/2025_09_15_Re4StRes_T1_DSV/IMG_3398.JPG,/home/nfs/data/nvme_datasets/Pictures_CFSB_leaf_damage/2025_09_15_Re4StRes_T1_DSV/IMG_3398.JPG,/home/user/tabbakhab1/dev/project/cache/sam3_masks_hierarchical_three_view/IMG_3398_196ed951ce6bcf7d.png,cache/dinov3_hierarchical_three_view_features_adapted_routed/IMG_3398_196ed951ce6bcf7d.npz,0.2221824,0.20587309,0.22621065,0.34573388,0.050837103,1,0.023254976,0,0.16765659,3,0.05088765,1,0.022321578,2,0.052457448,3,0.034987487,3,0.035168897,2,0.03716744,0,0.042207323,2,0.054817677,1,0.06062405,3,0.05619165,2,0.049330667,1,0.031028954,2,0.024598343,0,0.038897444,0,0.039292254,2,0.098264195,0,0.030008312,3,plot_943a936db43f424a9be4,synthetic,46
2025_09_15_Re4StRes_T1_DSV/IMG_3400.JPG,2.0,3.0625734,2.622373,0.44020033,0.6223731,1.0625734,1.0625734,20,1.0,0.9948654994682956,0.9654054295681366,1,0.2870799,19,0.11049864,raw_full_image,/home/nfs/data/nvme_datasets/Pictures_CFSB_leaf_damage/2025_09_15_Re4StRes_T1_DSV/IMG_3400.JPG,/home/nfs/data/nvme_datasets/Pictures_CFSB_leaf_damage/2025_09_15_Re4StRes_T1_DSV/IMG_3400.JPG,/home/user/tabbakhab1/dev/project/cache/sam3_masks_hierarchical_three_view/IMG_3400_5dc507b4cb7153ee.png,cache/dinov3_hierarchical_three_view_features_adapted_routed/IMG_3400_5dc507b4cb7153ee.npz,0.27160418,0.2870799,0.22069754,0.22061831,0.040031258,1,0.05854979,1,0.06665114,3,0.03291174,2,0.030854125,2,0.030882856,2,0.04421443,0,0.08701805,3,0.07800024,1,0.020386677,0,0.07314425,2,0.046012435,0,0.05290458,2,0.017892735,0,0.03768672,0,0.031786073,0,0.066949144,3,0.033336237,0,0.0402889,0,0.11049864,1,plot_943a936db43f424a9be4,synthetic,46
2025_09_15_Re4StRes_T1_DSV/IMG_3405.JPG,3.0,2.5588408,1.9746566,0.58418417,1.0253434,-0.44115925,0.44115925,20,1.0,0.9951497568001344,0.9891918764534016,3,0.2804643,17,0.07757222,raw_full_image,/home/nfs/data/nvme_datasets/Pictures_CFSB_leaf_damage/2025_09_15_Re4StRes_T1_DSV/IMG_3405.JPG,/home/nfs/data/nvme_datasets/Pictures_CFSB_leaf_damage/2025_09_15_Re4StRes_T1_DSV/IMG_3405.JPG,/home/user/tabbakhab1/dev/project/cache/sam3_masks_hierarchical_three_view/IMG_3405_a6d7c2abc00c764d.png,cache/dinov3_hierarchical_three_view_features_adapted_routed/IMG_3405_a6d7c2abc00c764d.npz,0.26352665,0.2037514,0.2522577,0.2804643,0.030633014,3,0.036637165,2,0.042598285,0,0.035318367,3,0.05186814,1,0.032479357,0,0.05915688,2,0.046766907,1,0.0329719,0,0.0589546,1,0.046161752,1,0.04863661,0,0.0660288,3,0.055067375,2,0.057842545,0,0.057260875,2,0.044135403,2,0.07757222,3,0.0709119,3,0.048997942,0,plot_b9325e65ceef18b62385,synthetic,46
2025_09_15_Re4StRes_T1_DSV/IMG_3411.JPG,9.0,2.2764616,1.9596467,0.3168149,7.0403533,-6.7235384,6.7235384,17,1.0,0.9952754208598336,0.9361649424905388,2,0.29278234,5,0.13500133,raw_full_image,/home/nfs/data/nvme_datasets/Pictures_CFSB_leaf_damage/2025_09_15_Re4StRes_T1_DSV/IMG_3411.JPG,/home/nfs/data/nvme_datasets/Pictures_CFSB_leaf_damage/2025_09_15_Re4StRes_T1_DSV/IMG_3411.JPG,/home/user/tabbakhab1/dev/project/cache/sam3_masks_hierarchical_three_view/IMG_3411_e36f3631ac55578b.png,cache/dinov3_hierarchical_three_view_features_adapted_routed/IMG_3411_e36f3631ac55578b.npz,0.25639006,0.23602058,0.29278234,0.214807,0.101019256,1,0.03193164,3,0.024859289,3,0.09298472,2,0.027220702,3,0.13500133,1,0.07973566,0,0.026590187,3,0.026930805,3,0.022605998,3,0.07332344,2,0.12647419,2,0.063699186,0,0.06509822,0,0.026221126,3,0.028447272,3,0.047856998,0,0.0,-1,0.0,-1,0.0,-1,plot_31d7aa1692e13f9b708b,synthetic,46
2025_09_15_Re4StRes_T1_DSV/IMG_3438.JPG,12.0,4.3930492,3.5572767,0.8357725,8.442723,-7.6069508,7.6069508,20,1.0,0.9907877768995644,0.8965848726899786,3,0.3145077,7,0.20349868,raw_full_image,/home/nfs/data/nvme_datasets/Pictures_CFSB_leaf_damage/2025_09_15_Re4StRes_T1_DSV/IMG_3438.JPG,/home/nfs/data/nvme_datasets/Pictures_CFSB_leaf_damage/2025_09_15_Re4StRes_T1_DSV/IMG_3438.JPG,/home/user/tabbakhab1/dev/project/cache/sam3_masks_hierarchical_three_view/IMG_3438_ef9011cbdcf2d49b.png,cache/dinov3_hierarchical_three_view_features_adapted_routed/IMG_3438_ef9011cbdcf2d49b.npz,0.25477293,0.21569706,0.21502237,0.3145077,0.022125073,2,0.0595344,0,0.038590748,2,0.061017107,2,0.018858954,1,0.111008964,3,0.11684421,0,0.20349868,3,0.030140245,1,0.026667925,1,0.035672877,2,0.031103725,2,0.013322915,1,0.015527334,1,0.0783943,0,0.034243766,1,0.026512833,2,0.020503568,1,0.029019704,1,0.027412632,1,plot_0683f47dd1c11c0ce769,synthetic,46
2025_09_15_Re4StRes_T1_DSV/IMG_3452.JPG,1.0,3.8056304,3.0574965,0.7481339,2.0574965,2.8056304,2.8056304,20,1.0,0.9906434309668454,0.9584218949604172,1,0.31215623,12,0.13432409,raw_full_image,/home/nfs/data/nvme_datasets/Pictures_CFSB_leaf_damage/2025_09_15_Re4StRes_T1_DSV/IMG_3452.JPG,/home/nfs/data/nvme_datasets/Pictures_CFSB_leaf_damage/2025_09_15_Re4StRes_T1_DSV/IMG_3452.JPG,/home/user/tabbakhab1/dev/project/cache/sam3_masks_hierarchical_three_view/IMG_3452_7e2e652e8706425f.png,cache/dinov3_hierarchical_three_view_features_adapted_routed/IMG_3452_7e2e652e8706425f.npz,0.234334,0.31215623,0.25316104,0.20034869,0.031107208,0,0.026471213,0,0.03357088,2,0.09171268,1,0.035544384,2,0.027571471,3,0.086119466,1,0.033093322,3,0.03338603,0,0.038818266,3,0.024145886,3,0.059046894,2,0.13432409,1,0.032716256,0,0.045953438,3,0.049203467,0,0.0568506,2,0.030766321,3,0.06144983,0,0.068148285,2,plot_0eea5d50cd3b95d1da1e,synthetic,46
